Наименование;Остаток;КодТовара;Артикул;Производитель;Тип;Описание;Цена;ШтрихКод;Упаковка;СрокГодности;Марка;ТоварнаяКатегория;Товар;РейтингПродаж;Категория;ABV;IBU;Plato;СтильПива;UntappdRef;EBC;id_объекта
Ортодокс & Rewort Brewery “Бар Свои” (Lager - IPL) алк. 5,0% /ЛАГЕР 11, ж/б 0,45 л;367;00-00021137;БАР СВОИ (ж/б 0,45л);ОРТОДОКС;Товар;;222;4670161154810;кор. 12х0,45л ж/б;365;Бар Свои;Бар Свои;Ортодокс & Rewort Brewery “Бар Свои” (Lager - IPL) алк. 5,0% /ЛАГЕР 11, ж/б 0,45 л;Новинка!;Алкогольная продукция>SVOI (Сергиев Посад)>Ортодокс ж>б;5;;;Lager;6440571;;2bb22503-c3c4-11f0-9bb2-000c296fac54
Ортодокс & Rewort Brewery “Бар Свои” (Lager - IPL) алк. 5,0% /ЛАГЕР 11, ж/б 0,45 л;367;00-00021137;БАР СВОИ (ж/б 0,45л);ОРТОДОКС;Товар;;222;4670161159631;кор. 12х0,45л ж/б;365;Бар Свои;Бар Свои;Ортодокс & Rewort Brewery “Бар Свои” (Lager - IPL) алк. 5,0% /ЛАГЕР 11, ж/б 0,45 л;Новинка!;Алкогольная продукция>SVOI (Сергиев Посад)>Ортодокс ж>б;5;;;Lager;6440571;;2bb22503-c3c4-11f0-9bb2-000c296fac54
Mister Bee "Lemon" (Мистер БИ "Лимон") (Mead) алк. 5% / Мистер БИ, бут 0,45л;63;00-00021211;MISTER BEE LEMON (ЛИМОН) (бут 0,45л);Cider House;Товар;;0;;кор. 12х0,45л ст бут.;730;Mister Bee Lemon;Mister Bee Lemon;Mister Bee "Lemon" (Мистер БИ "Лимон") (Mead) алк. 5% / Мистер БИ, бут 0,45л;;Алкогольная продукция>Cider House>Mister Bee бут;5;;;Mead;6446936;;6f83126e-c9cd-11f0-9bb2-000c296fac54
Plan B "Hand of Doom" (Black IPA) алк. 7% / План Б темное-16, ж/б. 0,45л;36;00-00021252;HAND OF DOOM (ж/б 0,45 л);Plan B;Товар;;306;4650139081157;кор. 12х0,45л ж/б;180;Hand of Doom;Hand of Doom;Plan B "Hand of Doom" (Black IPA) алк. 7% / План Б темное-16, ж/б. 0,45л;;Алкогольная продукция>Plan B Brewery>Plan B ж>б;7;50;;Black IPA;-;;b1ecdeda-cc46-11f0-9bb2-000c296fac54
Rewort Brewery "California Dreaming" (Sour - Smoothie / Pastry) алк. 5,5% / СМУЗИ 26, ж/б 0,45л;883;00-00021303;CALIFORNIA DREAMING (ж/б 0,45л);Rewort;Товар;;285;4630522440563;кор. 12х0,45л ж/б;365;California Dreaming;California Dreaming;Rewort Brewery "California Dreaming" (Sour - Smoothie / Pastry) алк. 5,5% / СМУЗИ 26, ж/б 0,45л;Новинка!;Алкогольная продукция>SVOI (Сергиев Посад)>Rewort ж>б;5,50;10;20;Sour - Smoothie / Pastry;6488313;30;90380661-d052-11f0-9bb2-000c296fac54
Rewort Brewery "California Dreaming" (Sour - Smoothie / Pastry) алк. 5,5% / СМУЗИ 26, ж/б 0,45л;883;00-00021303;CALIFORNIA DREAMING (ж/б 0,45л);Rewort;Товар;;285;4670161159341;кор. 12х0,45л ж/б;365;California Dreaming;California Dreaming;Rewort Brewery "California Dreaming" (Sour - Smoothie / Pastry) алк. 5,5% / СМУЗИ 26, ж/б 0,45л;Новинка!;Алкогольная продукция>SVOI (Сергиев Посад)>Rewort ж>б;5,50;10;20;Sour - Smoothie / Pastry;6488313;30;90380661-d052-11f0-9bb2-000c296fac54
Ostrovica "Easy Hops" (Non-Alcoholic IPA) / Островица Хопс Зеро, ж/б 0,45л;90;00-00018750;EASY HOPS (ж/б 0,45л);Ostrovica Brewery;Товар;;289;4640205264638;кор. 12х0,45л ж/б;360;Easy Hops;Easy Hops;Ostrovica "Easy Hops" (Non-Alcoholic IPA) / Островица Хопс Зеро, ж/б 0,45л;;Алкогольная продукция>Ostrovica (Аша)>Ostrovica б>а;0,50;;;Non-Alcoholic IPA;6046780;;e89b6776-146b-11f0-822e-000c29bc6f5e
Ostrovica "Easy Hops" (Non-Alcoholic IPA) / Островица Хопс Зеро, ж/б 0,45л;90;00-00018750;EASY HOPS (ж/б 0,45л);Ostrovica Brewery;Товар;;289;4640205264959;кор. 12х0,45л ж/б;360;Easy Hops;Easy Hops;Ostrovica "Easy Hops" (Non-Alcoholic IPA) / Островица Хопс Зеро, ж/б 0,45л;;Алкогольная продукция>Ostrovica (Аша)>Ostrovica б>а;0,50;;;Non-Alcoholic IPA;6046780;;e89b6776-146b-11f0-822e-000c29bc6f5e
Paradox “Jungle Spirit" (Fruited Sour Ale) алк. 6% / Парадокс Джангл Спирит, ж/б 0,45л;6;00-00018829;JUNGLE SPIRIT (ж/б 0,45л);Paradox Brewery;Товар;;340;4610359540483;кор. 12х0,45л ж/б;365;Jungle Spirit;Jungle Spirit;Paradox “Jungle Spirit" (Fruited Sour Ale) алк. 6% / Парадокс Джангл Спирит, ж/б 0,45л;;Алкогольная продукция>Paradox Brewery>Paradox Brewery стекло, ж>б;6;;;Fruited Sour Ale;5353277;;36e4b6f4-19cb-11f0-9ba9-000c296fac54
Salden's "Tomato Gose Indian Edition" (Gose) алк, 5,0% / Томатный Гозе Индия, жб. 0,45л;33;00-00018939;TOMATO GOSE INDIAN EDITION (жб. 0,45л);Salden's;Товар;;296;4620085785423;кор. 20х0,45л ж/б;180;Tomato Gose Indian Edition;Tomato Gose Indian Edition;Salden's "Tomato Gose Indian Edition" (Gose) алк, 5,0% / Томатный Гозе Индия, жб. 0,45л;;Алкогольная продукция>Saldens>Salden's ж>б;5;;;Tomato Gose;4823787;;0c9c6458-1f69-11f0-9baa-000c296fac54
Plague Brew "Цитра - мой любимый Хмель" (American IPA), алк. 7,2% / ИПАХА 7, ж/б 0,45л;3;00-00019090;ЦИТРА - МОЙ ЛЮБИМЫЙ ХМЕЛЬ (ж/б 0,45л);Plague Brew;Товар;;382;4660512521842;кор. 06х0,45л ж/б;365;Цитра - мой любимый Хмель;Цитра - мой любимый Хмель;Plague Brew "Цитра - мой любимый Хмель" (American IPA), алк. 7,2% / ИПАХА 7, ж/б 0,45л;;Алкогольная продукция>Plague Brew>Plague Brew ж>б бут;7,20;40;;American IPA;6180731;;569a0b7b-29a1-11f0-9bac-000c296fac54
Ability “Outer Shine” (West Coast IPA) алк.7% / Абилити 19, пэт кег 20л/шт;13;00-00020650;OUTER SHINE (пэт кег 20л/шт);Ability;Товар;;0;4670161159525;пэт кег 20л/шт;365;Outer Shine;Outer Shine;Ability “Outer Shine” (West Coast IPA) алк.7% / Абилити 19, пэт кег 20л/шт;;Алкогольная продукция>SVOI (Сергиев Посад)>Ability кег;7;;;West Coast IPA;6432003;;2dba0750-97c2-11f0-9bb0-000c296fac54
Rewort Brewery "Fridtjof N." (American IPA) алк. 6,0% / ФРИТЬОФ Н., ж/б 0,45л;581;00-00020716;FRIDTJOV N. (ж/б 0,45л);Rewort;Товар;Вдохновитель этого пива - Нансэн Фритьоф, бесстрашный норвежский путешественник, исследователь Арктики и лауреат Нобелевской премии мира 1922 года. Вашему вниманию - полнотелый, тягучий и близкий к классическому IPA, сваренный на хмеле Mosaic - достаточно плотный и обладающий характерными для стиля умеренными горечью и крепостью.;263;4670161154186;кор. 12х0,45л ж/б;365;Fridtjof N.;Fridtjof N.;Rewort Brewery "Fridtjof N." (American IPA) алк. 6,0% / ФРИТЬОФ Н., ж/б 0,45л;;Алкогольная продукция>SVOI (Сергиев Посад)>Rewort ж>б;6;50;17;American IРА;2819205;13;0688e106-9d3f-11f0-9bb0-000c296fac54
Rewort Brewery "Fridtjof N." (American IPA) алк. 6,0% / ФРИТЬОФ Н., ж/б 0,45л;581;00-00020716;FRIDTJOV N. (ж/б 0,45л);Rewort;Товар;Вдохновитель этого пива - Нансэн Фритьоф, бесстрашный норвежский путешественник, исследователь Арктики и лауреат Нобелевской премии мира 1922 года. Вашему вниманию - полнотелый, тягучий и близкий к классическому IPA, сваренный на хмеле Mosaic - достаточно плотный и обладающий характерными для стиля умеренными горечью и крепостью.;263;4670161155121;кор. 12х0,45л ж/б;365;Fridtjof N.;Fridtjof N.;Rewort Brewery "Fridtjof N." (American IPA) алк. 6,0% / ФРИТЬОФ Н., ж/б 0,45л;;Алкогольная продукция>SVOI (Сергиев Посад)>Rewort ж>б;6;50;17;American IРА;2819205;13;0688e106-9d3f-11f0-9bb0-000c296fac54
Zagovor Brewery "Hot Wax" (DDH New England Double IPA) алк. 8%, / Хот Уокс, ж/б  0,45л;88;00-00020792;HOT WAX (ж/б 0,45л);Zagovor Brewery;Товар;Наш свежайший двойной IPA сваренный с овсянкой для пущей мягкости и двойным сухим охмелением Citra и Galaxy.;443;4670223013697;кор. 20х0,45л ж/б;240;Hot Wax;Hot Wax;Zagovor Brewery "Hot Wax" (DDH New England Double IPA) алк. 8%, / Хот Уокс, ж/б  0,45л;;Алкогольная продукция>Zagovor Brewery>Zagovor Brewery ж>б;8;40;19;DDH New England Double IPA;3026826;;21ba0bea-a416-11f0-9bb0-000c296fac54
Salden's "Sm Milk Sour Ale Man&Ban"(Sour Ale)алк5%/Смузи Молочный Кислый Эль Манго и Банан,ж/б 0,45л;24;00-00020854;SMOOTHIE MILK SOUR ALE MANGO & BANANA (ж/б 0,45л);Salden's;Товар;Sour - Fruited;296;4620085786925;кор. 20х0,45л ж/б;180;Smoothie Milk Sour Ale Mango & Banana;Smoothie Milk Sour Ale Mango & Banana;Salden's "Sm Milk Sour Ale Man&Ban"(Sour Ale)алк5%/Смузи Молочный Кислый Эль Манго и Банан,ж/б 0,45л;;Алкогольная продукция>Saldens>Salden's ж>б;5;;;Smoothie Sour Ale;4708209;;a2ad91dd-aa85-11f0-9bb1-000c296fac54
Salden's "Tomato Gose Provence Ed." (Gose) алк, 5% /Томатный Гозе Прованс, жб. 0,45л;40;00-00018386;TOMATO GOSE PROVENCE ED. (жб. 0,45л);Salden's;Товар;;296;4620085784990;кор. 20х0,45л ж/б;180;Tomato Gose Provence Ed.;Tomato Gose Provence Ed.;Salden's "Tomato Gose Provence Ed." (Gose) алк, 5% /Томатный Гозе Прованс, жб. 0,45л;;Алкогольная продукция>Saldens>Salden's ж>б;5;;;Gose;4242757;;fccbcbb9-fa7b-11ef-8224-000c29bc6f5e
Lapochka "Fizzy Rose" (Lemonade) / Lapochka Fizzy Rose (Лапочка Физзи Розе), ж/б.0,33л;3;00-00018432;FIZZY ROSE (ж/б 0,33л);Lapochka;Товар;;196;4640205263945;кор. 20х0,33л ж/б;360;Fizzy Rose;Fizzy Rose;Lapochka "Fizzy Rose" (Lemonade) / Lapochka Fizzy Rose (Лапочка Физзи Розе), ж/б.0,33л;;Алкогольная продукция>Ostrovica (Аша)>Lapochka;;;;Lemonade;;;d9e0036c-fb54-11ef-8224-000c29bc6f5e
Lapochka "Fizzy Rose" (Lemonade) / Lapochka Fizzy Rose (Лапочка Физзи Розе), ж/б.0,33л;3;00-00018432;FIZZY ROSE (ж/б 0,33л);Lapochka;Товар;;196;4640205263990;кор. 20х0,33л ж/б;360;Fizzy Rose;Fizzy Rose;Lapochka "Fizzy Rose" (Lemonade) / Lapochka Fizzy Rose (Лапочка Физзи Розе), ж/б.0,33л;;Алкогольная продукция>Ostrovica (Аша)>Lapochka;;;;Lemonade;;;d9e0036c-fb54-11ef-8224-000c29bc6f5e
Selfmade "Selfmade Pilsner" (Pilsner) алк.5% / СБ Пилс 1, ж/б 0,45л;23;00-00018472;SELFMADE PILSNER (ж/б 0,45л);Selfmade;Товар;;241;4640235991504;кор. 12х0,45л ж/б;240;Selfmade Pilsner;Selfmade Pilsner;Selfmade "Selfmade Pilsner" (Pilsner) алк.5% / СБ Пилс 1, ж/б 0,45л;;Алкогольная продукция>Selfmade>Selfmade ж>б;5;32;;Pilsner;5410045;;7a78ad6c-ff15-11ef-8224-000c29bc6f5e
WS Brew "Ирландец" (Red Ale) алк. 4.4% / ВС Ирландец, пэт кег 20л;200;00-00018509;ИРЛАНДЕЦ (пэт кег 20л);WS Brew;Товар;;306;4640229751251;пэт кег 20л;365;Ирландец;Ирландец;WS Brew "Ирландец" (Red Ale) алк. 4.4% / ВС Ирландец, пэт кег 20л;;Алкогольная продукция>White Stonе>WS Brew кег;4,40;20;;Red Ale;5060423;;3a2f5256-03d1-11f0-8227-000c29bc6f5e
Sabotage "Bro Hymn" (American Pale Ale),алк. 5% / САБОТАЖ Бро Гимн, ж/б 0,45;17;00-00022240;BRO HYMN (ж/б 0,45л);Sabotage Brewery;Товар;;353;4620235853620;кор. 20х0,45л ж/б;365;Bro Hymn;Bro Hymn;Sabotage "Bro Hymn" (American Pale Ale),алк. 5% / САБОТАЖ Бро Гимн, ж/б 0,45;;Алкогольная продукция>Sabotage Brewery>Sabotage ж>б;5;45;;American Pale Ale;5513755;;8f9482af-4785-11f1-9bbc-000c296fac54
White Stone "Анри Ле Ру" (Double Milk Stout) алк. 8% / ВС Карамельный Стаут, ж/б 0,45л;60;00-00022257;АНРИ ЛЕ РУ (ж/б 0,45л);White Stone;Товар;;301;4640229751824;кор. 12х0,45л ж/б;365;Анри Ле Ру;Анри Ле Ру;White Stone "Анри Ле Ру" (Double Milk Stout) алк. 8% / ВС Карамельный Стаут, ж/б 0,45л;;Алкогольная продукция>White Stonе>White Stonе ж>б;8;25;;Double Milk Stout;6390287;;1d3a506d-4916-11f1-9bbc-000c296fac54
White Stone "Анри Ле Ру" (Double Milk Stout) алк. 8% / ВС Карамельный Стаут, ж/б 0,45л;60;00-00022257;АНРИ ЛЕ РУ (ж/б 0,45л);White Stone;Товар;;301;4640229753071;кор. 12х0,45л ж/б;365;Анри Ле Ру;Анри Ле Ру;White Stone "Анри Ле Ру" (Double Milk Stout) алк. 8% / ВС Карамельный Стаут, ж/б 0,45л;;Алкогольная продукция>White Stonе>White Stonе ж>б;8;25;;Double Milk Stout;6390287;;1d3a506d-4916-11f1-9bbc-000c296fac54
Mister Bee "Classic" (Mead) алк. 5% / Мистер БИ, пэт кег 30л;90;00-00022284;MISTER BEE CLASSIC (пэт кег 30л);Cider House;Товар;;217;4680140431658;пэт кег 30л;540;Mister Bee Classic;Mister Bee Classic;Mister Bee "Classic" (Mead) алк. 5% / Мистер БИ, пэт кег 30л;;Алкогольная продукция>Cider House>Mister Bee кег;5;;;Mead;6348197;;64ee0674-4e0b-11f1-9bbe-000c296fac54
Duck Cider "Вишня" (Fruit Cider) алк. 5,5% / ДАК САЙДЕР Вишня, бут. 0,5л;48;00-00022323;ВИШНЯ (бут. 0,5л);Сидродельня Леонида Леврана;Товар;;311;4603728537542;кор. 12х0,5л ст. бут.;720;Вишня;Вишня;Duck Cider "Вишня" (Fruit Cider) алк. 5,5% / ДАК САЙДЕР Вишня, бут. 0,5л;;Алкогольная продукция>Сидродельня Леонида Леврана>Duck Cider;5,50;;;Cider;6593523;;bf968a66-4f85-11f1-9bbe-000c296fac54
Меда Сибири "Dry Hoppy Mead" (Mead) алк. 5% /Хмельной Мёд, пэт кег 20л;20;00-00022487;DRY HOPPY MEAD (пэт кег 20л);Меда Сибири;Товар;;383;4660387591674;пэт кег 20л;365;Dry Hoppy Mead;Dry Hoppy Mead;Меда Сибири "Dry Hoppy Mead" (Mead) алк. 5% /Хмельной Мёд, пэт кег 20л;;Алкогольная продукция>Меда Сибири>Меда Сибири кег;5;;;Mead;6504376;;55a2621f-6009-11f1-9bbe-000c296fac54
Rewort Brewery "Hardin & Walker" (American IPA ) алк. 6,5% / ХАРДИН ЭНД ВОЛКЕР, ж/б 0,45л;408;00-00022511;HARDIN & WALKER (ж/б 0,45л);Rewort;Товар;;275;4670161154711;кор. 12х0,45л ж/б;365;Hardin & Walker;Hardin & Walker;Rewort Brewery "Hardin & Walker" (American IPA ) алк. 6,5% / ХАРДИН ЭНД ВОЛКЕР, ж/б 0,45л;;Алкогольная продукция>SVOI (Сергиев Посад)>Rewort ж>б;6,50;53;;American IPA;4189006;;963eb874-6309-11f1-9bbe-000c296fac54
Rewort Brewery "Hardin & Walker" (American IPA ) алк. 6,5% / ХАРДИН ЭНД ВОЛКЕР, ж/б 0,45л;408;00-00022511;HARDIN & WALKER (ж/б 0,45л);Rewort;Товар;;275;4670161155145;кор. 12х0,45л ж/б;365;Hardin & Walker;Hardin & Walker;Rewort Brewery "Hardin & Walker" (American IPA ) алк. 6,5% / ХАРДИН ЭНД ВОЛКЕР, ж/б 0,45л;;Алкогольная продукция>SVOI (Сергиев Посад)>Rewort ж>б;6,50;53;;American IPA;4189006;;963eb874-6309-11f1-9bbe-000c296fac54
On the Bones & Rewort Brewery "Легкое поведение" (Session NEIPA) алк. 4,2% / ОХМЕЛЕННОЕ 7, ж/б 0,45л;786;00-00022537;ЛЕГКОЕ ПОВЕДЕНИЕ (ж/б 0,45л);On the Bones;Товар;;285;4630522440075;кор. 12х0,45л ж/б;360;Легкое поведение;Легкое Поведение;On the Bones & Rewort Brewery "Легкое поведение" (Session NEIPA) алк. 4,2% / ОХМЕЛЕННОЕ 7, ж/б 0,45л;;Алкогольная продукция>SVOI (Сергиев Посад)>Rewort ж>б;4,20;25;;Session NE IPA;6728118;;272096f8-63e8-11f1-9bbe-000c296fac54
On the Bones & Rewort Brewery "Легкое поведение" (Session NEIPA) алк. 4,2% / ОХМЕЛЕННОЕ 7, ж/б 0,45л;786;00-00022537;ЛЕГКОЕ ПОВЕДЕНИЕ (ж/б 0,45л);On the Bones;Товар;;285;4630522442154;кор. 12х0,45л ж/б;360;Легкое поведение;Легкое Поведение;On the Bones & Rewort Brewery "Легкое поведение" (Session NEIPA) алк. 4,2% / ОХМЕЛЕННОЕ 7, ж/б 0,45л;;Алкогольная продукция>SVOI (Сергиев Посад)>Rewort ж>б;4,20;25;;Session NE IPA;6728118;;272096f8-63e8-11f1-9bbe-000c296fac54
Лимонад Aloha Кактус Лайм (Lemonade) / АЛОХА 1, бут. 0,33л;119;00-00020886;ЛИМОНАД ALOHA КАКТУС ЛАЙМ (бут. 0,33л);Aloha;Товар;;175;4670161154735;кор. 12х0,33л ст. бут.;365;Лимонад Кактус-Лайм;Лимонад Aloha Кактус Лайм;Лимонад Aloha Кактус Лайм (Lemonade) / АЛОХА 1, бут. 0,33л;Новинка!;Алкогольная продукция>SVOI (Сергиев Посад)>Aloha;;;;Lemonade;;;52ec1b4f-ae7f-11f0-9bb1-000c296fac54
Лимонад Aloha Кактус Лайм (Lemonade) / АЛОХА 1, бут. 0,33л;119;00-00020886;ЛИМОНАД ALOHA КАКТУС ЛАЙМ (бут. 0,33л);Aloha;Товар;;175;4670161159280;кор. 12х0,33л ст. бут.;365;Лимонад Кактус-Лайм;Лимонад Aloha Кактус Лайм;Лимонад Aloha Кактус Лайм (Lemonade) / АЛОХА 1, бут. 0,33л;Новинка!;Алкогольная продукция>SVOI (Сергиев Посад)>Aloha;;;;Lemonade;;;52ec1b4f-ae7f-11f0-9bb1-000c296fac54
Red Button "Vari Oat Beer" (Lager) алк.5% / Вари овсяный бир, ж/б 0,45л;46;00-00020927;VARI OAT BEER (ж/б 0,45л);Red Button;Товар;;254;4670190943812;кор. 20х0,45л ж/б;360;Vari Oat Beer;Vari Oat Beer;Red Button "Vari Oat Beer" (Lager) алк.5% / Вари овсяный бир, ж/б 0,45л;;Алкогольная продукция>Red Button>Red Button ж>б > стекло;5;;;Lager;6446878;;5cf87c8f-b0bb-11f0-9bb1-000c296fac54
Rewort Brewery “Jack L.” (Double Stout) алк. 8,5% / ДЖЕК Л, пэт кег 20л/шт;16;00-00021004;JACK L. (пэт кег 20л/шт);Rewort;Товар;;0;4670161158269;пэт кег 20л/шт;365;Jack L.;Jack L.;Rewort Brewery “Jack L.” (Double Stout) алк. 8,5% / ДЖЕК Л, пэт кег 20л/шт;;Алкогольная продукция>SVOI (Сергиев Посад)>Rewort кег пэт;8,50;25;18,50;Double Stout;5855030;;5293922f-b58c-11f0-9bb2-000c296fac54
Ортодокс & Rewort Brewery “Северный” (Lager - Vienna) алк. 5,5% /ЛАГЕР 13, ж/б 0,45л;368;00-00021104;СЕВЕРНЫЙ (ж/б 0,45л);ОРТОДОКС;Товар;;222;4670161154841;кор. 12х0,45л ж/б;365;Северный;Северный;Ортодокс & Rewort Brewery “Северный” (Lager - Vienna) алк. 5,5% /ЛАГЕР 13, ж/б 0,45л;Новинка!;Алкогольная продукция>SVOI (Сергиев Посад)>Ортодокс ж>б;5,50;;;Lager;6440579;;c625d43d-c094-11f0-9bb2-000c296fac54
Ортодокс & Rewort Brewery “Северный” (Lager - Vienna) алк. 5,5% /ЛАГЕР 13, ж/б 0,45л;368;00-00021104;СЕВЕРНЫЙ (ж/б 0,45л);ОРТОДОКС;Товар;;222;4670161159655;кор. 12х0,45л ж/б;365;Северный;Северный;Ортодокс & Rewort Brewery “Северный” (Lager - Vienna) алк. 5,5% /ЛАГЕР 13, ж/б 0,45л;Новинка!;Алкогольная продукция>SVOI (Сергиев Посад)>Ортодокс ж>б;5,50;;;Lager;6440579;;c625d43d-c094-11f0-9bb2-000c296fac54
Rewort Brewery "Чёрная жемчужина" (Porter Baltic) алк.11,5% / ОТЛИЧНОЕ ИМПЕРСКОЕ 1, ж/б 0,45л;209;00-00021487;ЧЕРНАЯ ЖЕМЧУЖИНА (ж/б 0,45л);Rewort;Товар;;317;4630522440518;кор. 12х0,45л ж/б;365;Черная жемчужина;Черная жемчужина;Rewort Brewery "Чёрная жемчужина" (Porter Baltic) алк.11,5% / ОТЛИЧНОЕ ИМПЕРСКОЕ 1, ж/б 0,45л;Новинка!;Алкогольная продукция>SVOI (Сергиев Посад)>Rewort ж>б;11,50;50;28;Imperial Baltic Porter;6488306;80;4a832cd2-df3c-11f0-9bb5-000c296fac54
Rewort Brewery "Чёрная жемчужина" (Porter Baltic) алк.11,5% / ОТЛИЧНОЕ ИМПЕРСКОЕ 1, ж/б 0,45л;209;00-00021487;ЧЕРНАЯ ЖЕМЧУЖИНА (ж/б 0,45л);Rewort;Товар;;317;4670161159426;кор. 12х0,45л ж/б;365;Черная жемчужина;Черная жемчужина;Rewort Brewery "Чёрная жемчужина" (Porter Baltic) алк.11,5% / ОТЛИЧНОЕ ИМПЕРСКОЕ 1, ж/б 0,45л;Новинка!;Алкогольная продукция>SVOI (Сергиев Посад)>Rewort ж>б;11,50;50;28;Imperial Baltic Porter;6488306;80;4a832cd2-df3c-11f0-9bb5-000c296fac54
Мантра "Spice Drop: Tom Yum" (Tomato Gose) алк. 6.5% /Мантра Гозэ 6,ж/б 0,45л;13;00-00021522;SPICE DROP: TOM YUM  (ж/б 0,45л);Мантра;Товар;;353;4630287665492;кор. 20х0,45л ж/б;365;Spice Drop: Tom Yum;Spice Drop: Tom Yum;Мантра "Spice Drop: Tom Yum" (Tomato Gose) алк. 6.5% /Мантра Гозэ 6,ж/б 0,45л;;Алкогольная продукция>Мантра>Мантра ж>б;6,50;;;Tomato Gose;6524792;;b6e35842-e54e-11f0-9bb5-000c296fac54
Big Village "QUE PASA" (Lager - Mexican) алк. 5% / Ке Паса, ж/б 0,45л;18;00-00021592;QUE PASA (ж/б 0,45л);Big Village;Товар;;246;4609642279223;кор. 12х0,45л ж/б;240;QUE PASA;QUE PASA;Big Village "QUE PASA" (Lager - Mexican) алк. 5% / Ке Паса, ж/б 0,45л;;Алкогольная продукция>Big Village>Big Village ж>б;5;15;;Lager - Mexican;5917687;;61238a9f-f519-11f0-9bb6-000c296fac54
Big Village "QUE PASA" (Lager - Mexican) алк. 5% / Ке Паса, ж/б 0,45л;18;00-00021592;QUE PASA (ж/б 0,45л);Big Village;Товар;;246;4609642279230;кор. 12х0,45л ж/б;240;QUE PASA;QUE PASA;Big Village "QUE PASA" (Lager - Mexican) алк. 5% / Ке Паса, ж/б 0,45л;;Алкогольная продукция>Big Village>Big Village ж>б;5;15;;Lager - Mexican;5917687;;61238a9f-f519-11f0-9bb6-000c296fac54
Zagovor Brewery "Screen Time" (Pale Ale) алк. 5% / Скрин тайм, ж/б 0,45л;55;00-00021657;SCREEN TIME (ж/б 0,45л);Zagovor Brewery;Товар;;364;4670223013833;кор. 20х0,45л ж/б;365;Screen Time;Screen Time;Zagovor Brewery "Screen Time" (Pale Ale) алк. 5% / Скрин тайм, ж/б 0,45л;;Алкогольная продукция>Zagovor Brewery>Zagovor Brewery ж>б;5;;;Pale Ale;6471584;;5ae7fb69-fb80-11f0-9bb8-000c296fac54
4 Brewers "Кислота [Grapefruit]" (Fruited Sour Ale) алк. 4,5% / Кислота 3, ж/б 0,45л;8;00-00019459;КИСЛОТА [GRAPEFRUIT] (ж/б 0,45л);4 Brewers;Товар;;338;4680583608877;кор. 12х0,45л ж/б;360;Кислота [Grapefruit];Кислота [Grapefruit];4 Brewers "Кислота [Grapefruit]" (Fruited Sour Ale) алк. 4,5% / Кислота 3, ж/б 0,45л;;Алкогольная продукция>4 Brewers>4 Brewers ж>б;4,50;;;Fruited Sour Ale;5899972;;14ca0c4c-4536-11f0-9bac-000c296fac54
4 Brewers "Кислота [Grapefruit]" (Fruited Sour Ale) алк. 4,5% / Кислота 3, ж/б 0,45л;8;00-00019459;КИСЛОТА [GRAPEFRUIT] (ж/б 0,45л);4 Brewers;Товар;;338;4680583608938;кор. 12х0,45л ж/б;360;Кислота [Grapefruit];Кислота [Grapefruit];4 Brewers "Кислота [Grapefruit]" (Fruited Sour Ale) алк. 4,5% / Кислота 3, ж/б 0,45л;;Алкогольная продукция>4 Brewers>4 Brewers ж>б;4,50;;;Fruited Sour Ale;5899972;;14ca0c4c-4536-11f0-9bac-000c296fac54
Заповедник "Placebo" (Cider Semi-dry) алк. 6% / Плацебо, кег 30л;30;00-00019503;PLACEBO (кег 30л);Заповедник;Товар;;490;4603759677033;пэт кег 30л;730;Placebo;Placebo;Заповедник "Placebo" (Cider Semi-dry) алк. 6% / Плацебо, кег 30л;;Алкогольная продукция>Заповедник>Заповедник кег;6;;;Cider Semi-dry;5061633;;2e21609c-45e2-11f0-9bac-000c296fac54
Заповедник "Placebo" (Cider Semi-dry) алк. 6% / Плацебо, кег 30л;30;00-00019503;PLACEBO (кег 30л);Заповедник;Товар;;490;4603759677965;пэт кег 30л;730;Placebo;Placebo;Заповедник "Placebo" (Cider Semi-dry) алк. 6% / Плацебо, кег 30л;;Алкогольная продукция>Заповедник>Заповедник кег;6;;;Cider Semi-dry;5061633;;2e21609c-45e2-11f0-9bac-000c296fac54
Salden's "Orange IPA" (American IPA)  алк, 6,5% / Апельсин ИПА, ж/б 0,45л;15;00-00019559;ORANGE IPA (ж/б 0,45л);Salden's;Товар;;285;4620085786321;кор. 20х0,45л ж/б;180;Orange IPA;Orange IPA;Salden's "Orange IPA" (American IPA)  алк, 6,5% / Апельсин ИПА, ж/б 0,45л;;Алкогольная продукция>Saldens>Salden's ж>б;7,50;60;16,50;American IPA;4473520;;c84b5d86-4b55-11f0-9bac-000c296fac54
Zavod "Bloody Mary V2.0" (Tomato Gose) алк. 4,2% / Блади Мэри, ж/б  0,45л;35;00-00019644;BLOODY MARY V2.0 (ж/б 0,45л);Zavod Brewery;Товар;;343;4607967292583;кор. 20х0,45л ж/б;360;Bloody Mary V2.0;Bloody Mary V2.0;Zavod "Bloody Mary V2.0" (Tomato Gose) алк. 4,2% / Блади Мэри, ж/б  0,45л;;Алкогольная продукция>Zavod Brewery>Zavod Brewery ж>б;4,20;7;;Tomato Gose;3323503;;5d67e39e-4db4-11f0-9bac-000c296fac54
2 л бцв. 31 гр ПЭТ бутылка (упаковка 40 шт) НАКРУЧЕНЫЙ КОЛП;40;00-00009525;2 л бцв. 31 гр ПЭТ бутылка (упаковка 40 шт) НАКРУЧ;ПБ;Товар;2 л бцв. 31 гр ПЭТ бутылка (упаковка 40 шт) НАКРУЧЕНЫЙ КОЛП;88;;;0;2 л бцв. 31 гр ПЭТ бутылка (упаковка 40 шт) НАКРУЧЕНЫЙ КОЛП;2 л бцв. 31 гр ПЭТ бутылка (упаковка 40 шт) НАКРУЧЕНЫЙ КОЛП;2 л бцв. 31 гр ПЭТ бутылка (упаковка 40 шт) НАКРУЧЕНЫЙ КОЛП;;Сопутствующие товары>ПЭТ ТАРА ПАКЕТЫ>ПЭТ;;;;;;;8c13a50d-07f5-11ed-80e5-000c29d24b62
Lapochka "Mango + Chili" (Lemonade) / Лапочка Манго Чили, ж/б.0,33л;112;00-00003417;LAPOCHKA "MANGO + CHILI" (ж/б 0,33л);Lapochka;Товар;;201;4640205260036;кор. 20х0,33л ж/б;360;Lapochka "Mango + Chili";Lapochka "Mango + Chili";Lapochka "Mango + Chili" (Lemonade) / Лапочка Манго Чили, ж/б.0,33л;;Алкогольная продукция>Ostrovica (Аша)>Lapochka;;;;Lemonade;;;e9fecb5a-a97d-11ea-80ed-000c29e252b5
Lapochka "Mango + Chili" (Lemonade) / Лапочка Манго Чили, ж/б.0,33л;112;00-00003417;LAPOCHKA "MANGO + CHILI" (ж/б 0,33л);Lapochka;Товар;;201;4640205260043;кор. 20х0,33л ж/б;360;Lapochka "Mango + Chili";Lapochka "Mango + Chili";Lapochka "Mango + Chili" (Lemonade) / Лапочка Манго Чили, ж/б.0,33л;;Алкогольная продукция>Ostrovica (Аша)>Lapochka;;;;Lemonade;;;e9fecb5a-a97d-11ea-80ed-000c29e252b5
Plan B "Ковбой Мальборо" (American IPA) алк. 6,5% / Ковбой Мальборо, пэт кег 20л;120;00-00004048;КОВБОЙ МАРЛЬБОРО (пэт кег 20л);Plan B;Товар;;432;4650139080389;пэт кег 20л;180;Ковбой Мальборо;Ковбой Мальборо;Plan B "Ковбой Мальборо" (American IPA) алк. 6,5% / Ковбой Мальборо, пэт кег 20л;;Алкогольная продукция>Plan B Brewery>Plan B Brewery кег;6,50;50;16;American IРА;673144;;e645076c-0b19-11eb-80ef-000c29e252b5
Magic Mess "Вторник" (Hefeweizen) алк. 4,5% / Мэджик Месс Вторник, ж/б 0,45л;33;00-00018514;ВТОРНИК (ж/б 0,45л);Magic Mess;Товар;;248;4660508890600;кор. 12х0,45л ж/б;365;Вторник;Вторник;Magic Mess "Вторник" (Hefeweizen) алк. 4,5% / Мэджик Месс Вторник, ж/б 0,45л;;Алкогольная продукция>Magic Mess>Magic Mess ж>б;4,50;;;Hefeweizen;4936525;;eb58de2f-03eb-11f0-8227-000c29bc6f5e
Rewort Brewery "Backflip" (Session ipa)  алк. 4.5% / БЭКФЛИП, ж/б 0,33л;3167;00-00018577;BACKFLIP (ж/б 0,33л);Rewort;Товар;;222;4670161157248;кор. 12х0,33л ж/б;365;Backflip;Backflip;Rewort Brewery "Backflip" (Session ipa)  алк. 4.5% / БЭКФЛИП, ж/б 0,33л;;Алкогольная продукция>SVOI (Сергиев Посад)>Rewort ж>б;4,50;40;11,50;Session IPA;6165989;9;0cef7ed0-0577-11f0-8228-000c29bc6f5e
Rewort Brewery "Backflip" (Session ipa)  алк. 4.5% / БЭКФЛИП, ж/б 0,33л;3167;00-00018577;BACKFLIP (ж/б 0,33л);Rewort;Товар;;222;4670161158344;кор. 12х0,33л ж/б;365;Backflip;Backflip;Rewort Brewery "Backflip" (Session ipa)  алк. 4.5% / БЭКФЛИП, ж/б 0,33л;;Алкогольная продукция>SVOI (Сергиев Посад)>Rewort ж>б;4,50;40;11,50;Session IPA;6165989;9;0cef7ed0-0577-11f0-8228-000c29bc6f5e
Plan B "Бэрримор" (Oatmeal Stout) алк. 6,5% / Бэрримор, ж/б 0,45л;59;00-00018604;БЭРРИМОР (ж/б 0,45л);Plan B;Товар;;280;4650139081003;кор. 12х0,45л ж/б;180;Бэрримор;Бэрримор;Plan B "Бэрримор" (Oatmeal Stout) алк. 6,5% / Бэрримор, ж/б 0,45л;;Алкогольная продукция>Plan B Brewery>Plan B ж>б;6,50;50;;Oatmeal Stout;1018996;;46395b6b-062d-11f0-8228-000c29bc6f5e
Salden's "Hazelnut Stout" (Stout) алк. 6,3% / Стаут Лесной Орех, жб. 0,45л;9;00-00018680;HAZELNUT STOUT (жб. 0,45л);Salden's;Товар;;285;4620085785287;кор. 20х0,45л ж/б;180;Hazelnut Stout;Hazelnut Stout;Salden's "Hazelnut Stout" (Stout) алк. 6,3% / Стаут Лесной Орех, жб. 0,45л;;Алкогольная продукция>Saldens>Salden's ж>б;6,30;;20;Stout;1793291;;6178c1c7-0ecf-11f0-822d-000c29bc6f5e
Rewort Brewery & Bernin“ Мексиканский полдень” (Lager - Mexican) алк. 4.0%/ ЛАГЕР 26, пэт кег 20л/шт;26;00-00022163;МЕКСИКАНСКИЙ ПОЛДЕНЬ (пэт кег 20л/шт);Rewort;Товар;;0;4630522441867;пэт кег 20л/шт;365;Мексиканский полдень;Мексиканский полдень;Rewort Brewery & Bernin“ Мексиканский полдень” (Lager - Mexican) алк. 4.0%/ ЛАГЕР 26, пэт кег 20л/шт;Новинка!;Алкогольная продукция>SVOI (Сергиев Посад)>Rewort кег пэт;4;10;15;Lager - Mexican;6622265;10;a8786de5-3cb8-11f1-9bbc-000c296fac54
Gravity Project "Береги голову" (Cider) алк. 4,5% / Саммер, бут 0,5л;48;00-00022181;БЕРЕГИ ГОЛОВУ (бут 0,5л);Gravity Project;Товар;;340;4603791714550;кор. 12х0,5л ст. бут.;180;Береги голову;Береги голову;Gravity Project "Береги голову" (Cider) алк. 4,5% / Саммер, бут 0,5л;;Алкогольная продукция>Gravity Project>Gravity Project стекло;4,50;;;Cider;5411624;;d38cf380-3e4a-11f1-9bbc-000c296fac54
Plague Brew "English Stout" (English Stout) алк. 6,5% / Стаут 1, ж/б 0,45л;24;00-00022217;ENGLISH STOUT (ж/б 0,45л);Plague Brew;Товар;;319;4660512526922;кор. 12х0,45л ж/б;730;English Stout;English Stout;Plague Brew "English Stout" (English Stout) алк. 6,5% / Стаут 1, ж/б 0,45л;;Алкогольная продукция>Plague Brew>Plague Brew ж>б бут;6,50;;;English Stout;6481799;;e8b9c9b6-42d5-11f1-9bbc-000c296fac54
Duck Cider "Абрикос" (Fruit Cider) алк. 5,5% /ДАК САЙДЕР Абрикос, бут. 0,5л;54;00-00022325;АБРИКОС (бут. 0,5л);Сидродельня Леонида Леврана;Товар;;311;4603728537559;кор. 12х0,5л ст. бут.;720;Абрикос;Абрикос;Duck Cider "Абрикос" (Fruit Cider) алк. 5,5% /ДАК САЙДЕР Абрикос, бут. 0,5л;;Алкогольная продукция>Сидродельня Леонида Леврана>Duck Cider;5,50;;;Cider;6593540;;8444027a-4f86-11f1-9bbe-000c296fac54
Red Rocket "DALION" (Sour) алк. 6% / РЕД РОКЕТ ДАЛИОН, ж/б 0,45л;16;00-00022352;DALION (ж/б 0,45л);Red Rocket;Товар;;334;4640229932575;кор. 20х0,45л ж/б;360;DALION;DALION;Red Rocket "DALION" (Sour) алк. 6% / РЕД РОКЕТ ДАЛИОН, ж/б 0,45л;;Алкогольная продукция>Red Rocket Brewery>Red Rocket ж>б;6;;;Sour Ale;6689814;;08e9c8ba-5449-11f1-9bbe-000c296fac54
Selfmade "The Forge: HBC 682" (Imperial / Double IPA) алк. 8,5% / СБ ДИПА 10, ж/б 0,45л;2;00-00022369;THE FORGE: HBC 682 (ж/б 0,45л);Selfmade;Товар;;348;4640235994512;кор. 12х0,45л ж/б;363;The Forge: HBC 682;The Forge: HBC 682;Selfmade "The Forge: HBC 682" (Imperial / Double IPA) алк. 8,5% / СБ ДИПА 10, ж/б 0,45л;Новинка!;Алкогольная продукция>Selfmade>Selfmade ж>б;8,50;76;;Imperial / Double IPA;6698411;;bcfe90b7-5508-11f1-9bbe-000c296fac54
Black Cat "Липкие Лапки" (Sour), алк. 7% /БЛЭК КЭТ САУР 1.01, ж/б 0,45л;42;00-00022392;ЛИПКИЕ ЛАПКИ (ж/б 0,45л);Black Cat;Товар;;338;4650300022538;кор. 12х0,45л ж/б;360;Липкие Лапки;Липкие Лапки;Black Cat "Липкие Лапки" (Sour), алк. 7% /БЛЭК КЭТ САУР 1.01, ж/б 0,45л;;Алкогольная продукция>Black Cat Brewery>Black Cat Brewery стекло > жб;7;;;Sour - Fruited;6716773;;1410d44d-5804-11f1-9bbe-000c296fac54
HopHead "Питерский свекольник" (Gose) алк. 6,5% / Хопхэд гозе 22, ж/б 0,45л;18;00-00022408;ПИТЕРСКИЙ СВЕКОЛЬНИК (ж/б 0,45л);HopHead;Товар;;350;4620402496278;кор. 20х0,45л ж/б;360;Питерский свекольник;Питерский свекольник;HopHead "Питерский свекольник" (Gose) алк. 6,5% / Хопхэд гозе 22, ж/б 0,45л;;Алкогольная продукция>HopHead>HopHead ж>б;6,50;5;;Gose;5354578;;34e7bd1f-58ff-11f1-9bbe-000c296fac54
Gravity Project "Бессердечная жучка" (Cider) алк. 4,5%/ Б. Хартлес, пэт кег 30л;90;00-00022433;БЕССЕРДЕЧНАЯ ЖУЧКА (пэт кег 30л);Gravity Project;Товар;Бессердечная жучка (Heartless Bitch 2.0) Малина с мятой;478;4640422940483;пэт кег 30л;365;Бессердечная жучка;Бессердечная жучка;Gravity Project "Бессердечная жучка" (Cider) алк. 4,5%/ Б. Хартлес, пэт кег 30л;;Алкогольная продукция>Gravity Project>Gravity Project кег;4,50;;;Cider;3300416;;15912ce0-5a73-11f1-9bbe-000c296fac54
Red Button "PEARYNADE" (lemonade) /Пэрринад ж/б 0,33л;9;00-00022444;PEARYNADE (жб 0,33л);Red Button;Товар;;206;4670190944901;кор. 20х0,33л ж/б;360;PEARYNADE;PEARYNADE;Red Button "PEARYNADE" (lemonade) /Пэрринад ж/б 0,33л;;Алкогольная продукция>Red Button>Red Button Б>А;;;;Lemonade;;;f0b51197-5b54-11f1-9bbe-000c296fac54
Magic Mess "Вы не готовы" (IPA) алк.6.5% /Мэджик Месс Вэст Кост ИПА 14, ж/б 0,45л;17;00-00022460;ВЫ НЕ ГОТОВЫ (ж/б 0,45л);Magic Mess;Товар;;338;4660508892741;кор. 12х0,45л ж/б;365;Вы не готовы;Вы не готовы;Magic Mess "Вы не готовы" (IPA) алк.6.5% /Мэджик Месс Вэст Кост ИПА 14, ж/б 0,45л;;Алкогольная продукция>Magic Mess>Magic Mess ж>б;6,50;;;IPA;6675132;;354dc876-5e59-11f1-9bbe-000c296fac54
DIETA "Не Тольк В Собс Соку виш шок" (Fruit Beer)алк. 7% /Диета эль "Брюмен фруктовый эль 7",кег 20л;20;00-00022604;НЕ ТОЛЬК В СОБС СОКУ ВИШ ШОК (кег 20л);DIETA;Товар;;531;4620402494700;пэт кег 20л;180;Не Тольк В Собс Соку виш шок;Не Тольк В Собс Соку виш шок;DIETA "Не Тольк В Собс Соку виш шок" (Fruit Beer)алк. 7% /Диета эль "Брюмен фруктовый эль 7",кег 20л;;Алкогольная продукция>DIETA>DIETA кег;7;;;Fruit Beer;6619602;;641afe7b-694e-11f1-9bbe-000c296fac54
GANZA Brewery "Механика вкуса" (West Coast IPA) алк.6.5% / Ганза ипа 26, пэт кег 20л;20;00-00022626;МЕХАНИКА ВКУСА (пэт кег 20л);GANZA Brewery;Товар;;378;4670163076141;пэт кег 20л;180;Механика вкуса;Механика вкуса;GANZA Brewery "Механика вкуса" (West Coast IPA) алк.6.5% / Ганза ипа 26, пэт кег 20л;;Алкогольная продукция>GANZA Brewery>GANZA Brewery кег;6,50;70;;West Coast IPA;6734893;;49a7d393-6bad-11f1-9bbe-000c296fac54
Big Village "NON-ALCO" (Non-Alco Pilsner) алк. 0,5%/ Б/А Пилснер, ж/б 0,45л;12;00-00022640;NON-ALCO (ж/б 0,45л);Big Village;Товар;;268;4620197365742;кор. 12х0,45л ж/б;240;NON-ALCO;NON-ALCO;Big Village "NON-ALCO" (Non-Alco Pilsner) алк. 0,5%/ Б/А Пилснер, ж/б 0,45л;;Алкогольная продукция>Big Village>Big Village б>а;0,50;20;;Non-Alco Pilsner;;;c1795e0b-6bc1-11f1-9bbe-000c296fac54
Big Village "NON-ALCO" (Non-Alco Pilsner) алк. 0,5%/ Б/А Пилснер, ж/б 0,45л;12;00-00022640;NON-ALCO (ж/б 0,45л);Big Village;Товар;;268;4620197365759;кор. 12х0,45л ж/б;240;NON-ALCO;NON-ALCO;Big Village "NON-ALCO" (Non-Alco Pilsner) алк. 0,5%/ Б/А Пилснер, ж/б 0,45л;;Алкогольная продукция>Big Village>Big Village б>а;0,50;20;;Non-Alco Pilsner;;;c1795e0b-6bc1-11f1-9bbe-000c296fac54
White Stone "Искусственный интеллект" (Triple New England IPA) алк. 9% / Вайт Стоун 26, ж/б 0,45 л;62;00-00022648;ИСКУССТВЕННЫЙ ИНТЕЛЛЕКТ (ж/б 0,45 л);White Stone;Товар;;369;4640229753194;кор. 12х0,45л ж/б;365;Искусственный интеллект;Искусственный интеллект;White Stone "Искусственный интеллект" (Triple New England IPA) алк. 9% / Вайт Стоун 26, ж/б 0,45 л;;Алкогольная продукция>White Stonе>White Stonе ж>б;9;45;;Triple New England IPA;6430129;;d2eff6bc-6be4-11f1-9bbe-000c296fac54
White Stone "Искусственный интеллект" (Triple New England IPA) алк. 9% / Вайт Стоун 26, ж/б 0,45 л;62;00-00022648;ИСКУССТВЕННЫЙ ИНТЕЛЛЕКТ (ж/б 0,45 л);White Stone;Товар;;369;4640229753200;кор. 12х0,45л ж/б;365;Искусственный интеллект;Искусственный интеллект;White Stone "Искусственный интеллект" (Triple New England IPA) алк. 9% / Вайт Стоун 26, ж/б 0,45 л;;Алкогольная продукция>White Stonе>White Stonе ж>б;9;45;;Triple New England IPA;6430129;;d2eff6bc-6be4-11f1-9bbe-000c296fac54
Salden's "Smoothie Milk Sour Ale Plum" (Smoothie) алк.5% / Салденс Смузи Эль,жб.0,45л;20;00-00021362;SMOOTHIE MILK SOUR ALE PLUM (ж/б 0,45л);Salden's;Товар;;296;4620085785225;кор. 20х0,45л ж/б;180;Smoothie Milk Sour Ale Plum;Smoothie Milk Sour Ale Plum;Salden's "Smoothie Milk Sour Ale Plum" (Smoothie) алк.5% / Салденс Смузи Эль,жб.0,45л;;Алкогольная продукция>Saldens>Salden's ж>б;5;10;;Smoothie;6511854;;d2e3e72b-d5bb-11f0-9bb3-000c296fac54
MeadNight "Muscat Canelli&Сabernet Sauvigion Mead" (Mead) алк.6% / МН Медок 4, ж/б 0,45л;54;00-00021412;MUSCAT CANELLI&СABERNET SAUVIGION MEAD (ж/б 0,45л);MeadNight;Товар;;314;4627130346370;кор. 12х0,45л ж/б;360;Muscat Canelli & Сabernet Sauvigion Mead;Muscat Canelli & Сabernet Sauvigion Mead;MeadNight "Muscat Canelli&Сabernet Sauvigion Mead" (Mead) алк.6% / МН Медок 4, ж/б 0,45л;;Алкогольная продукция>MeadNight>MeadNight жб;6;;;Mead;6532838;;92a5771d-d9b4-11f0-9bb3-000c296fac54
Заповедник "Со страхом и любовью" (Cider) алк. 5.5% /Со страхом и любовью, бут. 0,33л;21;00-00021427;СО СТРАХОМ И ЛЮБОВЬЮ (бут. 0,33л);Заповедник;Товар;;301;4603759677521;кор. 20х0,33л ст. бут.;730;Со страхом и любовью;Со страхом и любовью;Заповедник "Со страхом и любовью" (Cider) алк. 5.5% /Со страхом и любовью, бут. 0,33л;;Алкогольная продукция>Заповедник>Заповедник бут;5,50;;;Cider;6039092;;231267f3-da59-11f0-9bb3-000c296fac54
Salden's "Bergamot IPA" (IPA)  алк. 7% / Беграмот ИПА, ж/б 0,45л;4;00-00021468;BERGAMOT IPA (ж/б 0,45л);Salden's;Товар;;285;4620085787038;кор. 20х0,45л ж/б;180;Bergamot IPA;Bergamot IPA;Salden's "Bergamot IPA" (IPA)  алк. 7% / Беграмот ИПА, ж/б 0,45л;;Алкогольная продукция>Saldens>Salden's ж>б;7;60;;IPA;5352321;;c38d4304-dcb0-11f0-9bb5-000c296fac54
Меда Сибири "Mead Cherry" (Mead) алк. 6,3% / Вишня, ж/б 0,45л;72;00-00019181;MEAD CHERRY (ж/б 0,45л);Меда Сибири;Товар;;304;4660387591353;кор. 12х0,45л ж/б;365;Mead Cherry;Mead Cherry;Меда Сибири "Mead Cherry" (Mead) алк. 6,3% / Вишня, ж/б 0,45л;;Алкогольная продукция>Меда Сибири>Меда Сибири жб>бут;6,30;;;Mead - Melomel;4866074;;da277a1d-30bc-11f0-9bac-000c296fac54
Salden's "New England IPA Mosaic" (NE IPA) алк, 7% / Салденс Нью Ингланд ИПА, ж/б 0,45л;26;00-00019252;NEW ENGLAND IPA MOSAIC (ж/б 0,45л);Salden's;Товар;;322;4620085785355;кор. 20х0,45л ж/б;180;New England IPA Mosaic;New England IPA Mosaic;Salden's "New England IPA Mosaic" (NE IPA) алк, 7% / Салденс Нью Ингланд ИПА, ж/б 0,45л;;Алкогольная продукция>Saldens>Salden's ж>б;7;;;NE IPA;6410128;;c93a20f5-348e-11f0-9bac-000c296fac54
Rewort Brewery "SveTley" (Micro IPA) алк. 3,0% / СВЕТЛОЕ 10, пэт кег 20л/шт;7;00-00019309;SVETLEY (пэт кег 20л/шт);Rewort;Товар;;0;4670161158276;пэт кег 20л/шт;365;SveTley;SveTley;Rewort Brewery "SveTley" (Micro IPA) алк. 3,0% / СВЕТЛОЕ 10, пэт кег 20л/шт;Новинка!;Алкогольная продукция>SVOI (Сергиев Посад)>Rewort кег пэт;3;50;9;Micro IPA;6239243;9;4287f4bb-36f0-11f0-9bac-000c296fac54
Brewlok "Likho" (DIPA), алк. 8,6%. / Лихо Одноглазое, ж/б 0,45л;51;00-00019390;ЛИХО (ж/б 0,45л);Brewlok;Товар;Использована хмелевая группа : amarillo, simcoe, columbus, centennial, mosaic, vic secret.;311;4640106807767;кор. 12х0,45л ж/б;366;Likho;Likho;Brewlok "Likho" (DIPA), алк. 8,6%. / Лихо Одноглазое, ж/б 0,45л;;Алкогольная продукция>Brewlok (Воронеж)>Brewlok ж>б;8,60;80;19;Double IPA;1802346;;44ff499a-3c75-11f0-9bac-000c296fac54
Chibis "Стартер (Starter)" (American Pale Ale), алк. 5,3%, / Нью Хоп, пэт кег 20л;20;00-00011199;СТАРТЕР (STARTER) (пэт кег 20л);CHIBIS Brewery;Товар;;384;4627156420269;пэт кег 20л;365;Стартер (Starter);Стартер (Starter);Chibis "Стартер (Starter)" (American Pale Ale), алк. 5,3%, / Нью Хоп, пэт кег 20л;;Алкогольная продукция>CHIBIS Brewery>CHIBIS Brewery кег;5,30;40;;American Pale Ale;5113077;;8174684c-9cbb-11ed-80fb-000c29d24b62
Rewort Brewery "Snoop D." (West Coast IPA) алк. 6,7% / ИПА 21 , пэт кег 20л/шт;11;00-00011684;SNOOP D. (пэт кег 20л/шт);Rewort;Товар;;0;4670161150362;пэт кег 20л/шт;365;Snoop D.;Snoop D.;Rewort Brewery "Snoop D." (West Coast IPA) алк. 6,7% / ИПА 21 , пэт кег 20л/шт;;Алкогольная продукция>SVOI (Сергиев Посад)>Rewort кег пэт;6,70;;;West Coast IPA;5141370;;1cc088fe-c6f4-11ed-80fd-000c29d24b62
Red Button "CHERRY shorlе" (Lemonade) / Шорле с вишней,  жб 0,33л;7;00-00012696;CHERRY SHORLЕ (жб 0,33л);Red Button;Товар;;206;4670190941627;кор. 06х0,33л ж/б;360;МЭДЛИ CHERRY shorlе;CHERRY SHORLЕ;Red Button "CHERRY shorlе" (Lemonade) / Шорле с вишней,  жб 0,33л;;Алкогольная продукция>Red Button>Red Button Б>А;;;;Lemonade;;;42166162-249d-11ee-8112-000c29bc6f5e
B-SIDE “Вишня” (mead) 4,5% / Вишня Полусладкая, бут.0,5л;56;00-00005064;ВИШНЯ (бут. 0,5л);B-SIDE;Товар;;304;4640422940346;кор. 12х0,5л ст. бут.;365;Вишня;Вишня;B-SIDE “Вишня” (mead) 4,5% / Вишня Полусладкая, бут.0,5л;;Алкогольная продукция>B-SIDE>B-SIDE жб бут;4,50;;;Mead;4243959;;4593b8b8-96d6-11eb-80cd-000c29d24b62
Zagovor Brewery "Stoner" (Milk Stout) алк. 5,5%, / Стонер, пэт кег 20л;80;00-00006070;STONER (пэт кег 20л);Zagovor Brewery;Товар;;453;4670223011976;пэт кег 20л;365;Stoner;Stoner;Zagovor Brewery "Stoner" (Milk Stout) алк. 5,5%, / Стонер, пэт кег 20л;;Алкогольная продукция>Zagovor Brewery>Zagovor Brewery кеги;6;23;16;Milk Stout;873889;;58fd20c4-f9bf-11eb-80d7-000c29d24b62
Brewlok "Kikimora" (Milk Stout),  алк.6,5% /  Кикимора, пэт кег 20л;40;00-00006201;KIKIMORA (пэт кег 20л);Brewlok;Товар;Классический молочный стаут с добавлением лактозы.;390;4640106807958;пэт кег 20л;366;Kikimora;Kikimora;Brewlok "Kikimora" (Milk Stout),  алк.6,5% /  Кикимора, пэт кег 20л;;Алкогольная продукция>Brewlok (Воронеж)>Brewlok кег;6,50;30;16;Milk Stout;1924784;;3522e989-0416-11ec-80d7-000c29d24b62
White Phoenix "White Phoenix Манго-чили" (mead), алк. 5,6%,/ Белый Феникс Манго-чили бут 0,45л;66;00-00008336;WHITE PHOENIX МАНГО-ЧИЛИ (бут 0,45л);White Phoenix;Товар;;180;4680140431214;кор. 12х0,45л ст бут.;730;White Phoenix Mango Chilli;White Phoenix Mango Chilli;White Phoenix "White Phoenix Манго-чили" (mead), алк. 5,6%,/ Белый Феникс Манго-чили бут 0,45л;;Алкогольная продукция>Cider House>White Phoenix>White Phoenix ж\б бут;5,60;;;Mead;4695510;;3a7ef8b9-b1a8-11ec-80e1-000c29d24b62
White Phoenix "White Phoenix Манго-чили" (mead), алк. 5,6%,/ Белый Феникс Манго-чили бут 0,45л;66;00-00008336;WHITE PHOENIX МАНГО-ЧИЛИ (бут 0,45л);White Phoenix;Товар;;180;4680140432051;кор. 12х0,45л ст бут.;730;White Phoenix Mango Chilli;White Phoenix Mango Chilli;White Phoenix "White Phoenix Манго-чили" (mead), алк. 5,6%,/ Белый Феникс Манго-чили бут 0,45л;;Алкогольная продукция>Cider House>White Phoenix>White Phoenix ж\б бут;5,60;;;Mead;4695510;;3a7ef8b9-b1a8-11ec-80e1-000c29d24b62
Rewort Brewery "Каникулы" (Sour - Fruited) алк. 5.5% / САУР ЭЛЬ 25, пэт кег 20л/шт;11;00-00022557;КАНИКУЛЫ (пэт кег 20л/шт);Rewort;Товар;;0;4630522442505;пэт кег 20л/шт;365;Каникулы;Каникулы;Rewort Brewery "Каникулы" (Sour - Fruited) алк. 5.5% / САУР ЭЛЬ 25, пэт кег 20л/шт;Новинка!;Алкогольная продукция>SVOI (Сергиев Посад)>Rewort кег пэт;5,50;16,20;10;Sour - Fruited;6727424;25;83d52ac9-6412-11f1-9bbe-000c296fac54
Gravity Project "Забанен" (Cider) алк. 5,0% / Банан полусладкий, пэт кег 30л;30;00-00022567;ЗАБАНЕН (пэт кег 30л);Gravity Project;Товар;;479;4640422940506;пэт кег 30л;365;Забанен;Забанен;Gravity Project "Забанен" (Cider) алк. 5,0% / Банан полусладкий, пэт кег 30л;;Алкогольная продукция>Gravity Project>Gravity Project кег;5;;;Cider;2923860;;c4e50cbf-649d-11f1-9bbe-000c296fac54
Coma & Rewort “Трип: Токио” (Sour - Smoothie / Pastry) алк. 5% / СМУЗИ 11, ж/б 0,45л;654;00-00022578;ТРИП: ТОКИО (ж/б 0,45л);Coma Brewery;Товар;;306;4630522440037;кор. 12х0,45л ж/б;365;Трип: Токио;Трип: Токио;Coma & Rewort “Трип: Токио” (Sour - Smoothie / Pastry) алк. 5% / СМУЗИ 11, ж/б 0,45л;Новинка!;Алкогольная продукция>SVOI (Сергиев Посад)>Coma Brewery>Coma Brewery ж>б;5;24;;Sour - Smoothie / Pastry;6718833;;9e49a506-64b3-11f1-9bbe-000c296fac54
Coma & Rewort “Трип: Токио” (Sour - Smoothie / Pastry) алк. 5% / СМУЗИ 11, ж/б 0,45л;654;00-00022578;ТРИП: ТОКИО (ж/б 0,45л);Coma Brewery;Товар;;306;4630522442093;кор. 12х0,45л ж/б;365;Трип: Токио;Трип: Токио;Coma & Rewort “Трип: Токио” (Sour - Smoothie / Pastry) алк. 5% / СМУЗИ 11, ж/б 0,45л;Новинка!;Алкогольная продукция>SVOI (Сергиев Посад)>Coma Brewery>Coma Brewery ж>б;5;24;;Sour - Smoothie / Pastry;6718833;;9e49a506-64b3-11f1-9bbe-000c296fac54
Brewlok "ЭНДШПИЛЬ 2" (Altbier - Doppelsticke) алк. 8,5%,/ Эндшпиль пэт кег 20л;20;00-00022597;ЭНДШПИЛЬ 2 (пэт кег 20л);Brewlok;Товар;;448;4640437583507;пэт кег 20л;366;ЭНДШПИЛЬ 2;ЭНДШПИЛЬ 2;Brewlok "ЭНДШПИЛЬ 2" (Altbier - Doppelsticke) алк. 8,5%,/ Эндшпиль пэт кег 20л;;Алкогольная продукция>Brewlok (Воронеж)>Brewlok кег;8,50;;;Altbier;5267280;;bb1e1662-68aa-11f1-9bbe-000c296fac54
Plague Brew "Bavarian Wheat" (Wheat Beer), алк.5%/ Эссенбах, ж/б 0,45л;8;00-00021812;BAVARIAN WHEAT (ж/б 0,45л);Plague Brew;Товар;;289;4640236238172;кор. 20х0,45л ж/б;730;Bavarian Wheat;Bavarian Wheat;Plague Brew "Bavarian Wheat" (Wheat Beer), алк.5%/ Эссенбах, ж/б 0,45л;;Алкогольная продукция>Plague Brew>Plague Brew ж>б бут;5;10;;Wheat Beer;6462378;;862ee019-123b-11f1-9bba-000c296fac54
Mitra Brewing Co. "Le Kriek Sportif" (Sour - Fruited), алк 7% / Митра Ле крик спортиф, ж/б 0,45л;81;00-00021849;LE KRIEK SPORTIF (ж/б 0,45л);Mitra Brewing Co.;Товар;;0;4610259471368;кор. 12х0,45л ж/б;365;Le Kriek Sportif;Le Kriek Sportif;Mitra Brewing Co. "Le Kriek Sportif" (Sour - Fruited), алк 7% / Митра Ле крик спортиф, ж/б 0,45л;;Алкогольная продукция>Mitra Brewing Co.>Mitra Brewing Co. ж>б;7;;;Sour - Fruited;6607743;;da1e014e-16e1-11f1-9bbb-000c296fac54
Край Земли "Лимонад лемонграсс-мята" (Lemonade) / ЛИМОНАД КРАЙ ЗЕМЛИ ЛЕМОНГРАСС-МЯТА, бут. 0,33л;60;00-00021866;ЛИМОНАД ЛЕМОНГРАСС-МЯТА (бут.0,33л);Край Земли;Товар;;215;4627192388646;кор. 12х0,33л ст. бут.;365;Лимонад лемонграсс-мята;Лимонад лемонграсс-мята;Край Земли "Лимонад лемонграсс-мята" (Lemonade) / ЛИМОНАД КРАЙ ЗЕМЛИ ЛЕМОНГРАСС-МЯТА, бут. 0,33л;;Алкогольная продукция>Край Земли>Край Земли бут б>а;;;;Lemonade;;;4a3170b5-1885-11f1-9bbb-000c296fac54
Заповедник "Blueberry Monday Vol.2" (Semi-dry Cider) алк. 6% / Блю Бэрри Мандэй,пэт кег 30л;30;00-00021884;BLUEBERRY MONDAY VOL.2 (пэт кег 30л);Заповедник;Товар;;490;4630442770061;пэт кег 30л;730;Blueberry Monday Vol.2;Blueberry Monday Vol.2;Заповедник "Blueberry Monday Vol.2" (Semi-dry Cider) алк. 6% / Блю Бэрри Мандэй,пэт кег 30л;;Алкогольная продукция>Заповедник>Заповедник кег;6;;;Cider Semi-dry;5580480;;dc563b2d-1957-11f1-9bbb-000c296fac54
1 л бцв. 23 гр ПЭТ бутылка (упаковка 60 шт) НАКРУЧЕННЫЙ КОЛП;3180;00-00019704;1 л бцв. 23 гр ПЭТ бутылка (упаковка 60 шт) НАКРУЧ;ПБ;Товар;;87;;;0;1 л бцв. 23 гр ПЭТ бутылка (упаковка 60 шт)НАКРУЧЕННЫЙ КОЛП;1 л бцв. 23 гр ПЭТ бутылка (упаковка 60 шт)НАКРУЧЕННЫЙ КОЛП;1 л бцв. 23 гр ПЭТ бутылка (упаковка 60 шт) НАКРУЧЕННЫЙ КОЛП;;Сопутствующие товары>ПЭТ ТАРА ПАКЕТЫ>ПЭТ;;;;;;;5ec951a3-525a-11f0-9bac-000c296fac54
Ясная Поляна "Сидр Полусухой '24" (Cider Semi-dry) алк. 4,5% / Ясная Поляна, пэт кег 20л;40;00-00019756;СИДР ПОЛУСУХОЙ '24 (пэт кег 20л);Ясная Поляна;Товар;;600;4670188811055;пэт кег 20л;730;Сидр Полусухой '24;Сидр Полусухой '24;Ясная Поляна "Сидр Полусухой '24" (Cider Semi-dry) алк. 4,5% / Ясная Поляна, пэт кег 20л;;Алкогольная продукция>Ясная Поляна>Ясная Поляна кег;4,50;;;Cider Semi-dry;6172800;;99113afa-55ab-11f0-9bac-000c296fac54
Ортодокс “Балашихинское” (Lager - Pale) алк. 4,5% /ЛАГЕР ЛАЙТ, ж/б 0,45 л;227;00-00019775;БАЛАШИХИНСКОЕ (ж/б 0,45л);ОРТОДОКС;Товар;;217;4670161154100;кор. 12х0,45л ж/б;365;Балашихинское;Балашихинское;Ортодокс “Балашихинское” (Lager - Pale) алк. 4,5% /ЛАГЕР ЛАЙТ, ж/б 0,45 л;Новинка!;Алкогольная продукция>SVOI (Сергиев Посад)>Ортодокс ж>б;4,50;;;Lager - Pale;6239141;;222c0569-5678-11f0-9bac-000c296fac54
Ортодокс “Балашихинское” (Lager - Pale) алк. 4,5% /ЛАГЕР ЛАЙТ, ж/б 0,45 л;227;00-00019775;БАЛАШИХИНСКОЕ (ж/б 0,45л);ОРТОДОКС;Товар;;217;4670161157897;кор. 12х0,45л ж/б;365;Балашихинское;Балашихинское;Ортодокс “Балашихинское” (Lager - Pale) алк. 4,5% /ЛАГЕР ЛАЙТ, ж/б 0,45 л;Новинка!;Алкогольная продукция>SVOI (Сергиев Посад)>Ортодокс ж>б;4,50;;;Lager - Pale;6239141;;222c0569-5678-11f0-9bac-000c296fac54
Леонид Леврана "Ревень" (Sweet Cider) алк. 5,5% / ЛЕОНИД ЛЕВРАНА, бут. 0,33л;33;00-00019853;РЕВЕНЬ (бут. 0,33л);Сидродельня Леонида Леврана;Товар;;359;4603728537214;кор. 12х0,33л ст. бут.;720;Ревень;Ревень;Леонид Леврана "Ревень" (Sweet Cider) алк. 5,5% / ЛЕОНИД ЛЕВРАНА, бут. 0,33л;;Алкогольная продукция>Сидродельня Леонида Леврана>Леврана бут;5,50;;;Dry Cider with rhubarb;6070765;;9fcf073c-5b23-11f0-9bae-000c296fac54
Ортодокс “Вишня” (Fruit Beer) алк. 4% / Свои Черри Нектар,пэт кег 20л/шт;53;00-00014517;ВИШНЯ (пэт кег 20л/шт);ОРТОДОКС;Товар;;0;4670161157736;пэт кег 20л/шт;365;Вишня;Вишня;Ортодокс “Вишня” (Fruit Beer) алк. 4% / Свои Черри Нектар,пэт кег 20л/шт;;Алкогольная продукция>SVOI (Сергиев Посад)>Ортодокс кег пэт;4;10;15;Fruit Beer;2380551;;37952299-bc12-11ee-816b-000c29bc6f5e
Lapochka "Попробуй технологии на вкус" (Lemonade) / Лапочка Лимонад, ж/б.0,33л;71;00-00014828;LAPOCHKA "ПОПРОБУЙ ТЕХНОЛОГИИ НА ВКУС"(ж/б 0,33л);Lapochka;Товар;;201;4640205261064;кор. 20х0,33л ж/б;360;Попробуй технологии на вкус;Попробуй технологии на вкус;Lapochka "Попробуй технологии на вкус" (Lemonade) / Лапочка Лимонад, ж/б.0,33л;;Алкогольная продукция>Ostrovica (Аша)>Lapochka;;;;Lemonade;;;28573b43-daf0-11ee-816c-000c29bc6f5e
Lapochka "Попробуй технологии на вкус" (Lemonade) / Лапочка Лимонад, ж/б.0,33л;71;00-00014828;LAPOCHKA "ПОПРОБУЙ ТЕХНОЛОГИИ НА ВКУС"(ж/б 0,33л);Lapochka;Товар;;201;4640205262504;кор. 20х0,33л ж/б;360;Попробуй технологии на вкус;Попробуй технологии на вкус;Lapochka "Попробуй технологии на вкус" (Lemonade) / Лапочка Лимонад, ж/б.0,33л;;Алкогольная продукция>Ostrovica (Аша)>Lapochka;;;;Lemonade;;;28573b43-daf0-11ee-816c-000c29bc6f5e
Black Cat "80 DIPA" (West Coast DIPA), алк. 8,2% / 80 ДИПА , пэт кег 20л;40;00-00015939;80 DIPA (пэт кег 20л);Black Cat;Товар;;474;4603726880916;пэт кег 20л;360;80 DIPA;80 DIPA;Black Cat "80 DIPA" (West Coast DIPA), алк. 8,2% / 80 ДИПА , пэт кег 20л;;Алкогольная продукция>Black Cat Brewery>Black Cat Brewery кег;8,20;80;19;West Coast DIPA;2428238;;ed3dab04-39ce-11ef-819e-000c29bc6f5e
Stamm Brewing "Micro Space" (Session IPA) алк 4,4% / ИПА 10, ж/б 0,45л;45;00-00022762;MICRO SPACE (ж/б 0,45л);Stamm Brewing;Товар;;322;4610297654358;кор. 12х0,45л ж/б;365;Micro Space;Micro Space;Stamm Brewing "Micro Space" (Session IPA) алк 4,4% / ИПА 10, ж/б 0,45л;;Алкогольная продукция>Stamm Brewing>Stamm Brewing ж>б, бут;4,40;;;Session IPA;6744157;;1834ad01-73c8-11f1-9bbe-000c296fac54
Stamm Brewing "Micro Space" (Session IPA) алк 4,4% / ИПА 10, ж/б 0,45л;45;00-00022762;MICRO SPACE (ж/б 0,45л);Stamm Brewing;Товар;;322;4610297654365;кор. 12х0,45л ж/б;365;Micro Space;Micro Space;Stamm Brewing "Micro Space" (Session IPA) алк 4,4% / ИПА 10, ж/б 0,45л;;Алкогольная продукция>Stamm Brewing>Stamm Brewing ж>б, бут;4,40;;;Session IPA;6744157;;1834ad01-73c8-11f1-9bbe-000c296fac54
Salden's "Milkshake Strawberry" (Milkshake Sour Ale) алк, 7% / Салденс Милкшейк, ж/б 0,45л;20;00-00022779;MILKSHAKE STRAWBERRY (ж/б 0,45л);Salden's;Товар;;285;4620085785263;кор. 20х0,45л ж/б;180;Milkshake Strawberry;Milkshake Strawberry;Salden's "Milkshake Strawberry" (Milkshake Sour Ale) алк, 7% / Салденс Милкшейк, ж/б 0,45л;;Алкогольная продукция>Saldens>Salden's ж>б;7;;;Milkshake Sour Ale;;;99194d6a-7519-11f1-9bbe-000c296fac54
Red Button "C U L8R" (Non-Alco Fruit Beer), алк 0,3% /Завтра смогу, ж/б 0,45л;80;00-00022788;C U L8R (ж/б 0,45л);Red Button;Товар;;280;4670190944932;кор. 20х0,45л ж/б;360;C U L8R;C U L8R;Red Button "C U L8R" (Non-Alco Fruit Beer), алк 0,3% /Завтра смогу, ж/б 0,45л;;Алкогольная продукция>Red Button>Red Button Б>А;0,30;;;Non-Alcoholic Beer;6735937;;cc321356-7552-11f1-9bbe-000c296fac54
Black Cat "Фруктовый Колосок" (Wheat Beer) алк. 5% /БЛЭК КЭТ САУР 2.02, ж/б 0,45л;82;00-00022797;ФРУКТОВЫЙ КОЛОСОК (ж/б 0,45л);Black Cat;Товар;;317;4650300022576;кор. 20х0,45л ж/б;360;Фруктовый Колосок;Фруктовый Колосок;Black Cat "Фруктовый Колосок" (Wheat Beer) алк. 5% /БЛЭК КЭТ САУР 2.02, ж/б 0,45л;;Алкогольная продукция>Black Cat Brewery>Black Cat Brewery стекло > жб;5;;;Wheat Beer;6716932;;7f24e4c6-75fe-11f1-9bc0-000c296fac54
Coma Brewery “Лето кончится не скоро BA Edition” (Mead) алк. 6,0%  / МЕДОВУХА 3, пэт кег 20л/шт;1;00-00021695;ЛЕТО КОНЧИТСЯ НЕ СКОРО BA Edition (пэт кег 20л/шт);Coma Brewery;Товар;;0;4630522441300;пэт кег 20л/шт;365;Лето кончится не скоро BA Edition;Лето кончится не скоро BA Edition;Coma Brewery “Лето кончится не скоро BA Edition” (Mead) алк. 6,0%  / МЕДОВУХА 3, пэт кег 20л/шт;Новинка!;Алкогольная продукция>SVOI (Сергиев Посад)>Coma Brewery>Coma Brewery кег;6;;;Mead Metheglin;6238234;;36ad9d14-0277-11f1-9bba-000c296fac54
Ортодокс “ИПА Центенниал” (IPA) алк. 6,5% / ИПА 26, ж/б 0,45л;207;00-00021745;ИПА ЦЕНТЕННИАЛ (ж/б 0,45л);ОРТОДОКС;Товар;;233;4670161155619;кор. 12х0,45л ж/б;365;ИПА Центенниал;ИПА Центенниал;Ортодокс “ИПА Центенниал” (IPA) алк. 6,5% / ИПА 26, ж/б 0,45л;;Алкогольная продукция>SVOI (Сергиев Посад)>Ортодокс ж>б;6,50;50;16,50;IPA - American;5534515;;c407f6a9-0bdc-11f1-9bba-000c296fac54
Ортодокс “ИПА Центенниал” (IPA) алк. 6,5% / ИПА 26, ж/б 0,45л;207;00-00021745;ИПА ЦЕНТЕННИАЛ (ж/б 0,45л);ОРТОДОКС;Товар;;233;4670161159518;кор. 12х0,45л ж/б;365;ИПА Центенниал;ИПА Центенниал;Ортодокс “ИПА Центенниал” (IPA) алк. 6,5% / ИПА 26, ж/б 0,45л;;Алкогольная продукция>SVOI (Сергиев Посад)>Ортодокс ж>б;6,50;50;16,50;IPA - American;5534515;;c407f6a9-0bdc-11f1-9bba-000c296fac54
Magic Mess "3с" (American IPA) алк.6.5% /Мэджик Месс Вэст Кост ИПА 10, ж/б 0,45л;29;00-00021777;3С (ж/б 0,45л);Magic Mess;Товар;;317;4660508892277;кор. 12х0,45л ж/б;365;3с;3с;Magic Mess "3с" (American IPA) алк.6.5% /Мэджик Месс Вэст Кост ИПА 10, ж/б 0,45л;;Алкогольная продукция>Magic Mess>Magic Mess ж>б;6,50;;;American IPA;6567016;;5916aff6-1159-11f1-9bba-000c296fac54
Rewort Brewery "Лиловый ноктюрн" (Sour - Fruited) алк. 6,0% / САУР ЭЛЬ 70 , ж/б 0,45л;666;00-00021792;ЛИЛОВЫЙ НОКТЮРН (ж/б 0,45л);Rewort;Товар;;275;4630522441478;кор. 12х0,45л ж/б;365;Лиловый ноктюрн;Лиловый ноктюрн;Rewort Brewery "Лиловый ноктюрн" (Sour - Fruited) алк. 6,0% / САУР ЭЛЬ 70 , ж/б 0,45л;Новинка!;Алкогольная продукция>SVOI (Сергиев Посад)>Rewort ж>б;6;10;21;Sour - Fruited;6603956;40;497a92c6-117d-11f1-9bba-000c296fac54
Rewort Brewery "Лиловый ноктюрн" (Sour - Fruited) алк. 6,0% / САУР ЭЛЬ 70 , ж/б 0,45л;666;00-00021792;ЛИЛОВЫЙ НОКТЮРН (ж/б 0,45л);Rewort;Товар;;275;4670161159709;кор. 12х0,45л ж/б;365;Лиловый ноктюрн;Лиловый ноктюрн;Rewort Brewery "Лиловый ноктюрн" (Sour - Fruited) алк. 6,0% / САУР ЭЛЬ 70 , ж/б 0,45л;Новинка!;Алкогольная продукция>SVOI (Сергиев Посад)>Rewort ж>б;6;10;21;Sour - Fruited;6603956;40;497a92c6-117d-11f1-9bba-000c296fac54
Stamm Brewing "Stra?enbahn" (Hefeweizen) алк 4.5% / Вайцен 1, ж/б 0,45 л;36;00-00019918;STRA?ENBAHN (HEFEWEIZEN)(ж/б 0,45л);Stamm Brewing;Товар;;248;4610297651296;кор. 12х0,45л ж/б;365;Stra?enbahn;Stra?enbahn;Stamm Brewing "Stra?enbahn" (Hefeweizen) алк 4.5% / Вайцен 1, ж/б 0,45 л;;Алкогольная продукция>Stamm Brewing>Stamm Brewing ж>б, бут;4,50;;;Hefeweizen;4597639;;4156a766-5d7d-11f0-9baf-000c296fac54
Stamm Brewing "Stra?enbahn" (Hefeweizen) алк 4.5% / Вайцен 1, ж/б 0,45 л;36;00-00019918;STRA?ENBAHN (HEFEWEIZEN)(ж/б 0,45л);Stamm Brewing;Товар;;248;4610297652750;кор. 12х0,45л ж/б;365;Stra?enbahn;Stra?enbahn;Stamm Brewing "Stra?enbahn" (Hefeweizen) алк 4.5% / Вайцен 1, ж/б 0,45 л;;Алкогольная продукция>Stamm Brewing>Stamm Brewing ж>б, бут;4,50;;;Hefeweizen;4597639;;4156a766-5d7d-11f0-9baf-000c296fac54
GANZA Brewery "SOUR INCIDENT" (Sour Ale) алк.6% / Ганза саур эль 18, ж/б 0,45л;42;00-00019986;SOUR INCIDENT (ж/б 0,45);GANZA Brewery;Товар;;348;4670163075427;кор. 12х0,45л ж/б;360;SOUR INCIDENT;SOUR INCIDENT;GANZA Brewery "SOUR INCIDENT" (Sour Ale) алк.6% / Ганза саур эль 18, ж/б 0,45л;;Алкогольная продукция>GANZA Brewery>GANZA Brewery ж>б;6;;;Sour Ale;6339481;;c0b24493-62e8-11f0-9baf-000c296fac54
Brewlok "Ivan Tsarevich" (APA), алк. 5,2% / Светлый Эль , ж/б 0,45л;24;00-00020023;IVAN TSAREVICH (ж/б 0,45л);Brewlok;Товар;;290;4640106807965;кор. 12х0,45л ж/б;366;Ivan Tsarevich;Ivan Tsarevich;Brewlok "Ivan Tsarevich" (APA), алк. 5,2% / Светлый Эль , ж/б 0,45л;;Алкогольная продукция>Brewlok (Воронеж)>Brewlok ж>б;5,20;;14;American Pale Ale;3500303;;cdcd231c-63d8-11f0-9baf-000c296fac54
Ортодокс “Загорское” (Lager) алк. 4,5% / ЗАГОРСКОЕ , ж/б 0,45л;204;00-00020056;ЗАГОРСКОЕ (ж/б 0,45л);ОРТОДОКС;Товар;;212;4670161154162;кор. 12х0,5л ж/б;365;Загорское;Загорское;Ортодокс “Загорское” (Lager) алк. 4,5% / ЗАГОРСКОЕ , ж/б 0,45л;;Алкогольная продукция>SVOI (Сергиев Посад)>Ортодокс ж>б;4,50;37;12;Lager;3263244;;2f487a13-67af-11f0-9baf-000c296fac54
Ортодокс “Загорское” (Lager) алк. 4,5% / ЗАГОРСКОЕ , ж/б 0,45л;204;00-00020056;ЗАГОРСКОЕ (ж/б 0,45л);ОРТОДОКС;Товар;;212;4670161155589;кор. 12х0,5л ж/б;365;Загорское;Загорское;Ортодокс “Загорское” (Lager) алк. 4,5% / ЗАГОРСКОЕ , ж/б 0,45л;;Алкогольная продукция>SVOI (Сергиев Посад)>Ортодокс ж>б;4,50;37;12;Lager;3263244;;2f487a13-67af-11f0-9baf-000c296fac54
MeadNight "Ваниль с черникой и смородиной" (Mead) алк.6%/МН Мёд черника ваниль смородина,пэт кег 20л;60;00-00016986;ВАНИЛЬ С ЧЕРНИКОЙ И СМОРОДИНОЙ(МЕДОВУХА)(пэткег20);MeadNight;Товар;;385;4627130346103;пэт кег 20л;360;Ваниль с черникой и смородиной;Ваниль с черникой и смородиной;MeadNight "Ваниль с черникой и смородиной" (Mead) алк.6%/МН Мёд черника ваниль смородина,пэт кег 20л;;Алкогольная продукция>MeadNight>MeadNight кег;6;;;Mead;5952533;;63ce9d05-8c50-11ef-8210-000c29bc6f5e
Rewort Brewery “Dynamic Range” (Hoppy Lager) алк. 5% / ДИНАМИЧЕСКИЙ ДИАПАЗОН , пэт кег 20л/шт;1;00-00017219;DYNAMIC RANGE (пэт кег 20л/шт);Rewort;Товар;;0;4670161157392;пэт кег 20л/шт;365;Dynamic Range;Dynamic Range;Rewort Brewery “Dynamic Range” (Hoppy Lager) алк. 5% / ДИНАМИЧЕСКИЙ ДИАПАЗОН , пэт кег 20л/шт;;Алкогольная продукция>SVOI (Сергиев Посад)>Rewort кег пэт;5;45;12,50;Hoppy Lager;6021799;10;e1aee8d3-9dd9-11ef-8210-000c29bc6f5e
Короб на 12 вложений (адвент)(347х285х166), Т-24,В, Белый, с печатью, на поддонах;17;00-00017674;;;Товар;;548;;;0;;;Короб на 12 вложений (адвент)(347х285х166), Т-24,В, Белый, с печатью, на поддонах;;Сопутствующие товары>Завод Сырье>Гофрокороб;;;;;;;75a85ce2-c1d5-11ef-8216-000c29bc6f5e
Big Village "Village Cherry" (Fruit Beer) алк. 5,5% / Вишневый Эль, ж/б 0,45л;31;00-00022808;VILLAGE CHERRY (ж/б 0,45л);Big Village;Товар;;288;4609642279667;кор. 12х0,45л ж/б;240;Village Cherry;Village Cherry;Big Village "Village Cherry" (Fruit Beer) алк. 5,5% / Вишневый Эль, ж/б 0,45л;;Алкогольная продукция>Big Village>Big Village ж>б;5,50;10;;Fruit Beer;6765463;;e9f71fec-790e-11f1-9bc1-000c296fac54
Big Village "Village Cherry" (Fruit Beer) алк. 5,5% / Вишневый Эль, ж/б 0,45л;31;00-00022808;VILLAGE CHERRY (ж/б 0,45л);Big Village;Товар;;288;4609642279674;кор. 12х0,45л ж/б;240;Village Cherry;Village Cherry;Big Village "Village Cherry" (Fruit Beer) алк. 5,5% / Вишневый Эль, ж/б 0,45л;;Алкогольная продукция>Big Village>Big Village ж>б;5,50;10;;Fruit Beer;6765463;;e9f71fec-790e-11f1-9bc1-000c296fac54
White Stone "Оплачено" (Double IPA) алк. 8,1% / ВС ДИПА 9, жб 0,45;57;00-00022837;ОПЛАЧЕНО (жб 0,45);White Stone;Товар;;343;4640229753286;кор. 12х0,45л ж/б;365;Оплачено;Оплачено;White Stone "Оплачено" (Double IPA) алк. 8,1% / ВС ДИПА 9, жб 0,45;Новинка!;Алкогольная продукция>White Stonе>White Stonе ж>б;8,10;90;;Double IPA;6756086;;212ac220-7abf-11f1-9bc1-000c296fac54
White Stone "Оплачено" (Double IPA) алк. 8,1% / ВС ДИПА 9, жб 0,45;57;00-00022837;ОПЛАЧЕНО (жб 0,45);White Stone;Товар;;343;4640229753293;кор. 12х0,45л ж/б;365;Оплачено;Оплачено;White Stone "Оплачено" (Double IPA) алк. 8,1% / ВС ДИПА 9, жб 0,45;Новинка!;Алкогольная продукция>White Stonе>White Stonе ж>б;8,10;90;;Double IPA;6756086;;212ac220-7abf-11f1-9bc1-000c296fac54
Plan B "Attempted Murder (Cherry)" (Sour Ale) алк. 9% / Атемптед Мердер, ж/б 0,45л;43;00-00022852;ATTEMPTED MURDER (CHERRY) (ж/б 0,45л);Plan B;Товар;;343;4650139081843;кор. 12х0,45л ж/б;360;Attempted Murder (Cherry);Attempted Murder (Cherry);Plan B "Attempted Murder (Cherry)" (Sour Ale) алк. 9% / Атемптед Мердер, ж/б 0,45л;;Алкогольная продукция>Plan B Brewery>Plan B ж>б;9;;;Fruited Sour Ale;6383223;;54a82476-7b93-11f1-9bc1-000c296fac54
Red Button "FRUIT WEISSE" (Berliner weisse) алк. 4,5% /Классический берлинер с фруктами, ж/б 0,45л;70;00-00022876;FRUIT WEISSE (жб 0,45л);Red Button;Товар;;317;4670190944987;кор. 20х0,45л ж/б;360;FRUIT WEISSE;FRUIT WEISSE;Red Button "FRUIT WEISSE" (Berliner weisse) алк. 4,5% /Классический берлинер с фруктами, ж/б 0,45л;;Алкогольная продукция>Red Button>Red Button ж>б > стекло;4,50;;;Berliner Weisse;6791236;;210e2b55-8037-11f1-9bc3-000c296fac54
HopHead "Чувствуется какая-то легкость" (Session IPA) алк 3,5% / Хопхэд ипа 2, ж/б 0,45л;102;00-00022658;ЧУВСТВУЕТСЯ КАКАЯ-ТО ЛЕГКОСТЬ (ж/б 0,45л);HopHead;Товар;;319;4620402496452;кор. 20х0,45л ж/б;360;Чувствуется какая-то легкость;Чувствуется какая-то легкость;HopHead "Чувствуется какая-то легкость" (Session IPA) алк 3,5% / Хопхэд ипа 2, ж/б 0,45л;;Алкогольная продукция>HopHead>HopHead ж>б;3,50;40;;Session IPA;6691667;;a7a4a83d-6f0a-11f1-9bbe-000c296fac54
Zagovor Brewery "Buddy & Mate" (Double IPA) алк. 8% / Бадди Мэйт, ж/б 0,45л;42;00-00022720;BUDDY & MATE (ж/б 0,45л);Zagovor Brewery;Товар;;406;4670223014670;кор. 12х0,45л ж/б;365;Buddy & Mate;Buddy & Mate;Zagovor Brewery "Buddy & Mate" (Double IPA) алк. 8% / Бадди Мэйт, ж/б 0,45л;;Алкогольная продукция>Zagovor Brewery>Zagovor Brewery ж>б;8;40;;Double IPA;6747661;;e74cff4e-6fc5-11f1-9bbe-000c296fac54
Big Pot "Шарик ( Красный )" (Smoothie) алк. 6,5% / БИГПОТ СМУЗИ 18, пэт кег 20л;40;00-00022736;ШАРИК ( КРАСНЫЙ ) (пэт кег 20л);Big Pot;Товар;;542;4620402497497;пэт кег 20л;360;Шарик ( Красный );Шарик ( Красный );Big Pot "Шарик ( Красный )" (Smoothie) алк. 6,5% / БИГПОТ СМУЗИ 18, пэт кег 20л;Новинка!;Алкогольная продукция>Big Pot>Big Pot кеги;6,50;;;Smoothie;6764206;;23dc74f0-6fca-11f1-9bbe-000c296fac54
Stamm Brewing "Weekend Game" (Pilsner)  алк 5,5% / Хоппи лагер 4 / Hoppy Lager 4, ж/б 0,45л;46;00-00022760;WEEKEND GAME (ж/б 0,45л);Stamm Brewing;Товар;;269;4610297652392;кор. 12х0,45л ж/б;365;Weekend Game;Weekend Game;Stamm Brewing "Weekend Game" (Pilsner)  алк 5,5% / Хоппи лагер 4 / Hoppy Lager 4, ж/б 0,45л;;Алкогольная продукция>Stamm Brewing>Stamm Brewing ж>б, бут;5,50;;;Pilsner;6744166;;69f8c803-73c7-11f1-9bbe-000c296fac54
Stamm Brewing "Weekend Game" (Pilsner)  алк 5,5% / Хоппи лагер 4 / Hoppy Lager 4, ж/б 0,45л;46;00-00022760;WEEKEND GAME (ж/б 0,45л);Stamm Brewing;Товар;;269;4610297652408;кор. 12х0,45л ж/б;365;Weekend Game;Weekend Game;Stamm Brewing "Weekend Game" (Pilsner)  алк 5,5% / Хоппи лагер 4 / Hoppy Lager 4, ж/б 0,45л;;Алкогольная продукция>Stamm Brewing>Stamm Brewing ж>б, бут;5,50;;;Pilsner;6744166;;69f8c803-73c7-11f1-9bbe-000c296fac54
Blur Meadery “Классическая серия: Мёд с грейпфрутом“ (Mead) алк. 5,0% / БЛЮР 9, пэт кег 20л/шт;25;00-00021910;МЁД С ГРЕЙПФРУТОМ (пэт кег 20л/шт);BLUR;Товар;;0;4630522441768;пэт кег 20л/шт;365;Классическая серия: Мёд с грейпфрутом;Классическая серия: Мёд с грейпфрутом;Blur Meadery “Классическая серия: Мёд с грейпфрутом“ (Mead) алк. 5,0% / БЛЮР 9, пэт кег 20л/шт;;Алкогольная продукция>SVOI (Сергиев Посад)>Blur Meadery кег пэт;5;;;Mead;6576236;;b56f9861-1d38-11f1-9bbb-000c296fac54
Rewort Brewery & BorMAN BREW "Regatta" (Traditional Gose) алк. 5,5% / РЕГАТТА, пэт кег 20л/шт;11;00-00021940;REGATTA (пэт кег 20л/шт);Rewort;Товар;;0;4670161157354;пэт кег 20л/шт;365;Regatta;Regatta;Rewort Brewery & BorMAN BREW "Regatta" (Traditional Gose) алк. 5,5% / РЕГАТТА, пэт кег 20л/шт;;Алкогольная продукция>SVOI (Сергиев Посад)>Rewort кег пэт;5,50;5;14,50;Gose;4682876;10;3c1b5874-2211-11f1-9bbc-000c296fac54
Red Rocket "TROPICAL SUNSET" (Sour Ale) алк. 6% /РЕД РОКЕТ ТРОПИКАЛ ТАНДЕР, ж/б 0,45л;6;00-00021969;TROPICAL SUNSET (ж/б 0,45л);Red Rocket;Товар;;334;4640229932377;кор. 20х0,45л ж/б;360;TROPICAL SUNSET;TROPICAL SUNSET;Red Rocket "TROPICAL SUNSET" (Sour Ale) алк. 6% /РЕД РОКЕТ ТРОПИКАЛ ТАНДЕР, ж/б 0,45л;;Алкогольная продукция>Red Rocket Brewery>Red Rocket ж>б;6;;;Sour Ale;6615337;;21bc0fdc-242b-11f1-9bbc-000c296fac54
HopHead "Борщ Петровский" (Sour Gose) алк. 6,5% / Хопхэд гозе "Петровский борщ", ж/б 0,45л;46;00-00020062;БОРЩ ПЕТРОВСКИЙ (ж/б 0,45л);HopHead;Товар;;329;4620402490733;кор. 20х0,45л ж/б;360;Борщ Петровский;Борщ Петровский;HopHead "Борщ Петровский" (Sour Gose) алк. 6,5% / Хопхэд гозе "Петровский борщ", ж/б 0,45л;;Алкогольная продукция>HopHead>HopHead ж>б;6,50;5;;Sour Gose;4783622;;2bdd553d-67b7-11f0-9baf-000c296fac54
Rewort Brewery "Balkan Pearl" (Double Chocolate Stout) алк. 6% / БАЛКАН ПЕРЛ, ж/б 0,45л;878;00-00020115;BALKAN PEARL (ж/б 0,45л);Rewort;Товар;;254;4670161154483;кор. 12х0,45л ж/б;365;Balkan Pearl;Balkan Pearl;Rewort Brewery "Balkan Pearl" (Double Chocolate Stout) алк. 6% / БАЛКАН ПЕРЛ, ж/б 0,45л;Акция;Алкогольная продукция>SVOI (Сергиев Посад)>Rewort ж>б;6;15;;Double Chocolate Stout;2474995;;3c64fa29-6dd8-11f0-9baf-000c296fac54
Rewort Brewery "Balkan Pearl" (Double Chocolate Stout) алк. 6% / БАЛКАН ПЕРЛ, ж/б 0,45л;878;00-00020115;BALKAN PEARL (ж/б 0,45л);Rewort;Товар;;254;4670161154957;кор. 12х0,45л ж/б;365;Balkan Pearl;Balkan Pearl;Rewort Brewery "Balkan Pearl" (Double Chocolate Stout) алк. 6% / БАЛКАН ПЕРЛ, ж/б 0,45л;Акция;Алкогольная продукция>SVOI (Сергиев Посад)>Rewort ж>б;6;15;;Double Chocolate Stout;2474995;;3c64fa29-6dd8-11f0-9baf-000c296fac54
Brewlok "Koshey" (Coffee Stout), алк. 6,9% / Кощей Бессмертный, ж/б 0,45л;6;00-00020324;KOSHEY (ж/б 0,45л);Brewlok;Товар;;290;4640106809655;кор. 12х0,45л ж/б;366;Koshey;Koshey;Brewlok "Koshey" (Coffee Stout), алк. 6,9% / Кощей Бессмертный, ж/б 0,45л;;Алкогольная продукция>Brewlok (Воронеж)>Brewlok ж>б;6,90;;;Coffee Stout;1731404;;67648530-78f0-11f0-9bb0-000c296fac54
Ортодокс “Маковецъ” (Helles) алк. 4,3% / МАКОВЕЦЪ, ж/б 0,45л;272;00-00020342;МАКОВЕЦЪ (ж/б 0,45л);ОРТОДОКС;Товар;;212;4670161154902;кор. 12х0,45л ж/б;365;Маковецъ;Маковецъ;Ортодокс “Маковецъ” (Helles) алк. 4,3% / МАКОВЕЦЪ, ж/б 0,45л;;Алкогольная продукция>SVOI (Сергиев Посад)>Ортодокс ж>б;4,30;25;11,50;Helles;5197170;;0d289241-79d4-11f0-9bb0-000c296fac54
Ортодокс “Маковецъ” (Helles) алк. 4,3% / МАКОВЕЦЪ, ж/б 0,45л;272;00-00020342;МАКОВЕЦЪ (ж/б 0,45л);ОРТОДОКС;Товар;;212;4670161155664;кор. 12х0,45л ж/б;365;Маковецъ;Маковецъ;Ортодокс “Маковецъ” (Helles) алк. 4,3% / МАКОВЕЦЪ, ж/б 0,45л;;Алкогольная продукция>SVOI (Сергиев Посад)>Ортодокс ж>б;4,30;25;11,50;Helles;5197170;;0d289241-79d4-11f0-9bb0-000c296fac54
Selfmade "Shroomdalf" (Mushroom Gose) алк. 5,2% / СБ Шрумдальф Оригинальный, ж/б 0,45л;16;00-00017720;SHROOMDALF (ж/б 0,45л);Selfmade;Товар;;307;4640235991634;кор. 12х0,45л ж/б;240;Shroomdalf;Shroomdalf;Selfmade "Shroomdalf" (Mushroom Gose) алк. 5,2% / СБ Шрумдальф Оригинальный, ж/б 0,45л;;Алкогольная продукция>Selfmade>Selfmade ж>б;5,20;8;;Mushroom Gose;5394058;;7824f932-c2c7-11ef-8216-000c29bc6f5e
Ostrovica "Oatmeal Stout" (Oatmeal Milk Stout), алк. 6.5% / Островица Милк Стаут, ж/б 0,45л;7;00-00017837;OATMEAL STOUT (ж/б 0,45л);Ostrovica Brewery;Товар;;278;4640205261729;кор. 20х0,45л ж/б;360;Oatmeal Stout;Oatmeal Stout;Ostrovica "Oatmeal Stout" (Oatmeal Milk Stout), алк. 6.5% / Островица Милк Стаут, ж/б 0,45л;;Алкогольная продукция>Ostrovica (Аша)>Ostrovica ж>б;6;23;17;Oatmeal Stout;1518335;;fbb7cd88-d30b-11ef-821a-000c29bc6f5e
Ostrovica "Oatmeal Stout" (Oatmeal Milk Stout), алк. 6.5% / Островица Милк Стаут, ж/б 0,45л;7;00-00017837;OATMEAL STOUT (ж/б 0,45л);Ostrovica Brewery;Товар;;278;4640205264478;кор. 20х0,45л ж/б;360;Oatmeal Stout;Oatmeal Stout;Ostrovica "Oatmeal Stout" (Oatmeal Milk Stout), алк. 6.5% / Островица Милк Стаут, ж/б 0,45л;;Алкогольная продукция>Ostrovica (Аша)>Ostrovica ж>б;6;23;17;Oatmeal Stout;1518335;;fbb7cd88-d30b-11ef-821a-000c29bc6f5e
4 Brewers "GIRAFFE MILK" (Fruited Sour) алк. 5% /Саур эль 1, ж/б 0,45л;109;00-00017886;GIRAFFE MILK (ж/б 0,45л);4 Brewers;Товар;;348;4680583606651;кор. 12х0,45л ж/б;360;GIRAFFE MILK;GIRAFFE MILK;4 Brewers "GIRAFFE MILK" (Fruited Sour) алк. 5% /Саур эль 1, ж/б 0,45л;;Алкогольная продукция>4 Brewers>4 Brewers ж>б;5;;;Fruited Sour Ale;4355602;;c8a5de04-d804-11ef-821e-000c29bc6f5e
4 Brewers "GIRAFFE MILK" (Fruited Sour) алк. 5% /Саур эль 1, ж/б 0,45л;109;00-00017886;GIRAFFE MILK (ж/б 0,45л);4 Brewers;Товар;;348;4680583609706;кор. 12х0,45л ж/б;360;GIRAFFE MILK;GIRAFFE MILK;4 Brewers "GIRAFFE MILK" (Fruited Sour) алк. 5% /Саур эль 1, ж/б 0,45л;;Алкогольная продукция>4 Brewers>4 Brewers ж>б;5;;;Fruited Sour Ale;4355602;;c8a5de04-d804-11ef-821e-000c29bc6f5e
Salden's "American IPA Six Hops " (American IPA) алк, 7% / Сикс Хопс Американ ИПА, жб, 0,45л;5;00-00017993;AMERICAN IPA SIX HOPS EDITION (ж/б 0,45л);Salden's;Товар;American IPA Six Hops;285;4620085786062;кор. 20х0,45л ж/б;180;American IPA Six Hops;American IPA Six Hops;Salden's "American IPA Six Hops " (American IPA) алк, 7% / Сикс Хопс Американ ИПА, жб, 0,45л;;Алкогольная продукция>Saldens>Salden's ж>б;7;;;American IРА;1394193;;fda6538f-de13-11ef-8221-000c29bc6f5e
Rewort Brewery "1460" (Red Ale - Irish) алк. 4,6% / РЭД ЭЛЬ , ж/б 0,45л;563;00-00022885;1460 (ж/б 0,45л);Rewort;Товар;;243;4630522440167;кор. 12х0,45л ж/б;365;1460;1460;Rewort Brewery "1460" (Red Ale - Irish) алк. 4,6% / РЭД ЭЛЬ , ж/б 0,45л;Новинка!;Алкогольная продукция>SVOI (Сергиев Посад)>Rewort ж>б;4,60;;;Irish Red Ale;6764109;;b59fb37f-8047-11f1-9bc3-000c296fac54
Rewort Brewery "1460" (Red Ale - Irish) алк. 4,6% / РЭД ЭЛЬ , ж/б 0,45л;563;00-00022885;1460 (ж/б 0,45л);Rewort;Товар;;243;4630522442574;кор. 12х0,45л ж/б;365;1460;1460;Rewort Brewery "1460" (Red Ale - Irish) алк. 4,6% / РЭД ЭЛЬ , ж/б 0,45л;Новинка!;Алкогольная продукция>SVOI (Сергиев Посад)>Rewort ж>б;4,60;;;Irish Red Ale;6764109;;b59fb37f-8047-11f1-9bc3-000c296fac54
Заповедник "Pablo" (Fruit Cider) алк. 5.5% / Пабло, бут. 0,33л;64;00-00022918;PABLO (бут. 0,33л);Заповедник;Товар;;296;4603759677217;кор. 20х0,33л ст. бут.;365;Pablo;Pablo;Заповедник "Pablo" (Fruit Cider) алк. 5.5% / Пабло, бут. 0,33л;;Алкогольная продукция>Заповедник>Заповедник бут;5,50;;;Fruit Cider;5421104;;4bb2ee05-80f0-11f1-9bc3-000c296fac54
Мантра "Бамбл: Колумбия" (Sour Ale) алк. 5% /Кислый напиток 8, ж/б 0,45л;10;00-00022944;БАМБЛ: КОЛУМБИЯ (ж/б 0,45л);Мантра;Товар;;340;4620478130694;кор. 20х0,45л ж/б;365;Бамбл: Колумбия;Бамбл: Колумбия;Мантра "Бамбл: Колумбия" (Sour Ale) алк. 5% /Кислый напиток 8, ж/б 0,45л;;Алкогольная продукция>Мантра>Мантра ж>б;5;;;Sour Ale;6790136;;438d3efb-8408-11f1-9bc3-000c296fac54
Chibis "Куда ушёл Мутный с утра?" (New England IPA), алк. 6,4%/ Куда ушел мутный с утра, ж/б 0,45л;7;00-00022955;КУДА УШЁЛ МУТНЫЙ С УТРА (ж/б 0,45л);CHIBIS Brewery;Товар;;373;4640233774376;кор. 06х0,45л ж/б;365;Куда ушёл Мутный с утра?;Куда ушёл Мутный с утра?;Chibis "Куда ушёл Мутный с утра?" (New England IPA), алк. 6,4%/ Куда ушел мутный с утра, ж/б 0,45л;;Алкогольная продукция>CHIBIS Brewery>CHIBIS Brewery стекло > жб;6,40;;;New England Hazy IPA;6781114;;2fbe35a1-84ef-11f1-9bc3-000c296fac54
Chibis "Куда ушёл Мутный с утра?" (New England IPA), алк. 6,4%/ Куда ушел мутный с утра, ж/б 0,45л;7;00-00022955;КУДА УШЁЛ МУТНЫЙ С УТРА (ж/б 0,45л);CHIBIS Brewery;Товар;;373;4640233774611;кор. 06х0,45л ж/б;365;Куда ушёл Мутный с утра?;Куда ушёл Мутный с утра?;Chibis "Куда ушёл Мутный с утра?" (New England IPA), алк. 6,4%/ Куда ушел мутный с утра, ж/б 0,45л;;Алкогольная продукция>CHIBIS Brewery>CHIBIS Brewery стекло > жб;6,40;;;New England Hazy IPA;6781114;;2fbe35a1-84ef-11f1-9bc3-000c296fac54
Big Pot "5 ANNIVERSARY" (Smoothie) алк.7%/ БИГПОТ СМУЗИ 16, ж/б 0,45л;71;00-00022029;5 ANNIVERSARY (ж/б 0,45л);Big Pot;Товар;;353;4620402494830;кор. 12х0,45л ж/б;360;5 ANNIVERSARY;5 ANNIVERSARY;Big Pot "5 ANNIVERSARY" (Smoothie) алк.7%/ БИГПОТ СМУЗИ 16, ж/б 0,45л;Новинка!;Алкогольная продукция>Big Pot>Big Pot ж>б;7;;;Smoothie;6645752;;6804505a-29aa-11f1-9bbc-000c296fac54
Magic Mess "Дак Мен" (Sour Ale) алк.5.5% /Мэджик Месс Соур Эль 15, ж/б 0,45л;24;00-00022071;ДАК МЕН (ж/б 0,45л);Magic Mess;Товар;;343;4660508891607;кор. 12х0,45л ж/б;365;Дак Мен;Дак Мен;Magic Mess "Дак Мен" (Sour Ale) алк.5.5% /Мэджик Месс Соур Эль 15, ж/б 0,45л;;Алкогольная продукция>Magic Mess>Magic Mess ж>б;5,50;;;Sour Ale;6567876;;b6c73bee-2cdc-11f1-9bbc-000c296fac54
Chibis "БалтПорт" (Double Baltic Porter), алк. 8,5% / БалтПорт, ж/б 0,45л;54;00-00022101;БАЛТПОРТ (ж/б 0,45л);CHIBIS Brewery;Товар;;317;4640233773881;кор. 06х0,45л ж/б;365;БалтПорт;БалтПорт;Chibis "БалтПорт" (Double Baltic Porter), алк. 8,5% / БалтПорт, ж/б 0,45л;Новинка!;Алкогольная продукция>CHIBIS Brewery>CHIBIS Brewery стекло > жб;8,50;;;Double Baltic Porter;6622350;;bcd17be2-3286-11f1-9bbc-000c296fac54
Chibis "БалтПорт" (Double Baltic Porter), алк. 8,5% / БалтПорт, ж/б 0,45л;54;00-00022101;БАЛТПОРТ (ж/б 0,45л);CHIBIS Brewery;Товар;;317;4640233773898;кор. 06х0,45л ж/б;365;БалтПорт;БалтПорт;Chibis "БалтПорт" (Double Baltic Porter), алк. 8,5% / БалтПорт, ж/б 0,45л;Новинка!;Алкогольная продукция>CHIBIS Brewery>CHIBIS Brewery стекло > жб;8,50;;;Double Baltic Porter;6622350;;bcd17be2-3286-11f1-9bbc-000c296fac54
Ability “Vermilion Light” (Bloody Mary Tomato Gose) алк.5% / Абилити 16, ж/б 0,45л;1140;00-00020396;VERMILION LIGHT (ж/б 0,45л);Ability;Товар;;306;4670161158788;кор. 12х0,45л ж/б;365;Vermilion Light;Vermilion Light;Ability “Vermilion Light” (Bloody Mary Tomato Gose) алк.5% / Абилити 16, ж/б 0,45л;;Алкогольная продукция>SVOI (Сергиев Посад)>Ability ж>б;5;;;Bloody Mary Tomato Gose;6384273;;0085d041-7dce-11f0-9bb0-000c296fac54
4 Brewers "Гласность IPA" (American IPA) алк. 6% / ИПЭ 6, ж/б 0,45л;21;00-00020436;ГЛАСНОСТЬ IPA (ж/б 0,45л);4 Brewers;Товар;;290;4680820150183;кор. 06х0,45л ж/б;270;Гласность IPA;Гласность IPA;4 Brewers "Гласность IPA" (American IPA) алк. 6% / ИПЭ 6, ж/б 0,45л;;Алкогольная продукция>4 Brewers>4 Brewers ж>б;6;;;American IPA;6375159;;e4d76044-8280-11f0-9bb0-000c296fac54
4 Brewers "Гласность IPA" (American IPA) алк. 6% / ИПЭ 6, ж/б 0,45л;21;00-00020436;ГЛАСНОСТЬ IPA (ж/б 0,45л);4 Brewers;Товар;;290;4680820155737;кор. 06х0,45л ж/б;270;Гласность IPA;Гласность IPA;4 Brewers "Гласность IPA" (American IPA) алк. 6% / ИПЭ 6, ж/б 0,45л;;Алкогольная продукция>4 Brewers>4 Brewers ж>б;6;;;American IPA;6375159;;e4d76044-8280-11f0-9bb0-000c296fac54
Gravity Project "Войны Хозяйствующих Субъектов"(Vienna Lager)алк.4,7%/Пряный хмель Лагер-1,ж/б 0,45л;3;00-00020510;ВОЙНЫ ХОЗЯЙСТВУЮЩИХ СУБЪЕКТОВ (ж/б 0,45л);Gravity Project;Товар;;273;;кор. 20х0,45л ж/б;180;Войны Хозяйствующих Субъектов;Войны Хозяйствующих Субъектов;Gravity Project "Войны Хозяйствующих Субъектов"(Vienna Lager)алк.4,7%/Пряный хмель Лагер-1,ж/б 0,45л;;Алкогольная продукция>Gravity Project>Gravity Project стекло;4,70;20;;Vienna Lager;6377256;;15533b4c-889b-11f0-9bb0-000c296fac54
Ортодокс “Пересвет” (Pilsner) алк. 5% / ПЕРЕСВЕТ, ж/б 0,45л;145;00-00020558;ПЕРЕСВЕТ (ж/б 0,45л);ОРТОДОКС;Товар;;222;4670161154209;кор. 12х0,45л ж/б;365;Пересвет;Пересвет;Ортодокс “Пересвет” (Pilsner) алк. 5% / ПЕРЕСВЕТ, ж/б 0,45л;;Алкогольная продукция>SVOI (Сергиев Посад)>Ортодокс ж>б;5;;13;Pilsner;5681726;;9b2e6abe-8cbb-11f0-9bb0-000c296fac54
Ортодокс “Пересвет” (Pilsner) алк. 5% / ПЕРЕСВЕТ, ж/б 0,45л;145;00-00020558;ПЕРЕСВЕТ (ж/б 0,45л);ОРТОДОКС;Товар;;222;4670161155732;кор. 12х0,45л ж/б;365;Пересвет;Пересвет;Ортодокс “Пересвет” (Pilsner) алк. 5% / ПЕРЕСВЕТ, ж/б 0,45л;;Алкогольная продукция>SVOI (Сергиев Посад)>Ортодокс ж>б;5;;13;Pilsner;5681726;;9b2e6abe-8cbb-11f0-9bb0-000c296fac54
4 Brewers "Зависимость [Зелёные Оливки]" (Gose) алк. 4,5% /Зависимость Зеленые оливки, ж/б 0,45л;42;00-00018058;ЗАВИСИМОСТЬ [ЗЕЛЁНЫЕ ОЛИВКИ] (ж/б 0,45л);4 Brewers;Товар;;338;4680583606255;кор. 12х0,45л ж/б;180;Зависимость [Зелёные Оливки];Зависимость [Зелёные Оливки];4 Brewers "Зависимость [Зелёные Оливки]" (Gose) алк. 4,5% /Зависимость Зеленые оливки, ж/б 0,45л;;Алкогольная продукция>4 Brewers>4 Brewers ж>б;4,50;;;Gose;5541182;;328a4c52-e2f6-11ef-8221-000c29bc6f5e
4 Brewers "Зависимость [Зелёные Оливки]" (Gose) алк. 4,5% /Зависимость Зеленые оливки, ж/б 0,45л;42;00-00018058;ЗАВИСИМОСТЬ [ЗЕЛЁНЫЕ ОЛИВКИ] (ж/б 0,45л);4 Brewers;Товар;;338;4680583606262;кор. 12х0,45л ж/б;180;Зависимость [Зелёные Оливки];Зависимость [Зелёные Оливки];4 Brewers "Зависимость [Зелёные Оливки]" (Gose) алк. 4,5% /Зависимость Зеленые оливки, ж/б 0,45л;;Алкогольная продукция>4 Brewers>4 Brewers ж>б;4,50;;;Gose;5541182;;328a4c52-e2f6-11ef-8221-000c29bc6f5e
4 Brewers "Рассол дико зол" (Sour Gose) алк. 4.5% / Рассол дико зол, ж/б 0,45л;59;00-00018124;РАССОЛ ДИКО ЗОЛ (ж/б 0,45л);4 Brewers;Товар;;327;4680583606231;кор. 12х0,45л ж/б;360;Рассол дико зол;Рассол дико зол;4 Brewers "Рассол дико зол" (Sour Gose) алк. 4.5% / Рассол дико зол, ж/б 0,45л;;Алкогольная продукция>4 Brewers>4 Brewers ж>б;4,50;;;Sour Gose;5521831;;a7f28097-e874-11ef-8221-000c29bc6f5e
4 Brewers "Рассол дико зол" (Sour Gose) алк. 4.5% / Рассол дико зол, ж/б 0,45л;59;00-00018124;РАССОЛ ДИКО ЗОЛ (ж/б 0,45л);4 Brewers;Товар;;327;4680583606279;кор. 12х0,45л ж/б;360;Рассол дико зол;Рассол дико зол;4 Brewers "Рассол дико зол" (Sour Gose) алк. 4.5% / Рассол дико зол, ж/б 0,45л;;Алкогольная продукция>4 Brewers>4 Brewers ж>б;4,50;;;Sour Gose;5521831;;a7f28097-e874-11ef-8221-000c29bc6f5e
GANZA Brewery "SHOW ME MORE" (Triple New England IPA) алк.9% / Ганза Шоу Ми Море, ж/б 0,45 л;41;00-00018226;SHOW ME MORE (ж/б 0,45);GANZA Brewery;Товар;;392;4670163073652;кор. 12х0,45л ж/б;360;SHOW ME MORE;SHOW ME MORE;GANZA Brewery "SHOW ME MORE" (Triple New England IPA) алк.9% / Ганза Шоу Ми Море, ж/б 0,45 л;;Алкогольная продукция>GANZA Brewery>GANZA Brewery ж>б;9;30;;Triple New England IPA;5679504;;4c131c5d-ef6c-11ef-8221-000c29bc6f5e
Stamm Brewing "American Pale Ale" (APA) алк 4,7% / Американ Пэйл Эль, ж/б 0,45 л;48;00-00018300;AMERICAN PALE ALE (ж/б 0,45л);Stamm Brewing;Товар;;264;4610297650435;кор. 12х0,45л ж/б;180;American Pale Ale;American Pale Ale;Stamm Brewing "American Pale Ale" (APA) алк 4,7% / Американ Пэйл Эль, ж/б 0,45 л;;Алкогольная продукция>Stamm Brewing>Stamm Brewing ж>б, бут;4,70;25;13;American Pale Ale;427778;;cc1540c3-f4f9-11ef-8223-000c29bc6f5e
Stamm Brewing "American Pale Ale" (APA) алк 4,7% / Американ Пэйл Эль, ж/б 0,45 л;48;00-00018300;AMERICAN PALE ALE (ж/б 0,45л);Stamm Brewing;Товар;;264;4610297651432;кор. 12х0,45л ж/б;180;American Pale Ale;American Pale Ale;Stamm Brewing "American Pale Ale" (APA) алк 4,7% / Американ Пэйл Эль, ж/б 0,45 л;;Алкогольная продукция>Stamm Brewing>Stamm Brewing ж>б, бут;4,70;25;13;American Pale Ale;427778;;cc1540c3-f4f9-11ef-8223-000c29bc6f5e
White Stone "Пломбир (Черная Смородина)" (Smoothie Sour Ale) алк. 6%/ ВС Пломбир 4, ж/б 0,45л;45;00-00022979;ПЛОМБИР (ЧЕРНАЯ СМОРОДИНА) (ж/б 0,45л);White Stone;Товар;;353;4640229753347;кор. 12х0,45л ж/б;365;Пломбир (Черная Смородина);Пломбир (Черная Смородина);White Stone "Пломбир (Черная Смородина)" (Smoothie Sour Ale) алк. 6%/ ВС Пломбир 4, ж/б 0,45л;;Алкогольная продукция>White Stonе>White Stonе ж>б;6;7;;Smoothie Sour Ale;5449095;;8a18f523-85a7-11f1-9bc3-000c296fac54
White Stone "Пломбир (Черная Смородина)" (Smoothie Sour Ale) алк. 6%/ ВС Пломбир 4, ж/б 0,45л;45;00-00022979;ПЛОМБИР (ЧЕРНАЯ СМОРОДИНА) (ж/б 0,45л);White Stone;Товар;;353;4640229753354;кор. 12х0,45л ж/б;365;Пломбир (Черная Смородина);Пломбир (Черная Смородина);White Stone "Пломбир (Черная Смородина)" (Smoothie Sour Ale) алк. 6%/ ВС Пломбир 4, ж/б 0,45л;;Алкогольная продукция>White Stonе>White Stonе ж>б;6;7;;Smoothie Sour Ale;5449095;;8a18f523-85a7-11f1-9bc3-000c296fac54
Black Cat "Облачка" (New England IPA), алк. 6% / БЛЭК КЭТ НЕИПА 1225, ж/б 0,45л;98;00-00022989;ОБЛАЧКА (ж/б 0,45л);Black Cat;Товар;;353;4650300022729;кор. 12х0,45л ж/б;360;Облачка;Облачка;Black Cat "Облачка" (New England IPA), алк. 6% / БЛЭК КЭТ НЕИПА 1225, ж/б 0,45л;;Алкогольная продукция>Black Cat Brewery>Black Cat Brewery стекло > жб;6;20;;New England IPA;6766739;;ff8d5196-865d-11f1-9bc3-000c296fac54
White Stone "Две Сотни" (Triple IPA) алк. 10% / ВС ДИПА 1, пэт кег 20л;60;00-00023002;ДВЕ СОТКИ (пэт кег 20л);White Stone;Товар;;548;4640229750247;пэт кег 20л;365;Две Сотни;Две Сотни;White Stone "Две Сотни" (Triple IPA) алк. 10% / ВС ДИПА 1, пэт кег 20л;;Алкогольная продукция>White Stonе>White Stonе кег;10;93;;Triple IPA;6731145;;32cb6be0-8b39-11f1-9bc3-000c296fac54
Red Button "Non-Alco Blanche" (NoAlco Fruit Blanche), алк 0,3%/Когда необходимо рано домой,ж/б 0,45л;30;00-00023010;NON-ALCO BLANCHE (ж/б 0,45л);Red Button;Товар;;233;4670190945083;кор. 20х0,45л ж/б;360;Non-Alco Blanche;Non-Alco Blanche;Red Button "Non-Alco Blanche" (NoAlco Fruit Blanche), алк 0,3%/Когда необходимо рано домой,ж/б 0,45л;;Алкогольная продукция>Red Button>Red Button Б>А;0,30;;;Non-Alcoholic - Wheat;6774569;;a1e9d7f6-8b43-11f1-9bc3-000c296fac54
Ортодокс & Rewort Brewery “Ул. Карла Маркса” (Fruit Beer) алк. 6,0% /ФРУТ БИР 100, ж/б 0,45 л;570;00-00021143;УЛ.КАРЛА МАРКСА (ж/б 0,45л);ОРТОДОКС;Товар;;243;4670161154797;кор. 12х0,45л ж/б;365;Ул. Карла Маркса;Ул. Карла Маркса;Ортодокс & Rewort Brewery “Ул. Карла Маркса” (Fruit Beer) алк. 6,0% /ФРУТ БИР 100, ж/б 0,45 л;Новинка!;Алкогольная продукция>SVOI (Сергиев Посад)>Ортодокс ж>б;6;;;Fruit Beer;6440569;;25c73a3a-c3c7-11f0-9bb2-000c296fac54
Ортодокс & Rewort Brewery “Ул. Карла Маркса” (Fruit Beer) алк. 6,0% /ФРУТ БИР 100, ж/б 0,45 л;570;00-00021143;УЛ.КАРЛА МАРКСА (ж/б 0,45л);ОРТОДОКС;Товар;;243;4670161159662;кор. 12х0,45л ж/б;365;Ул. Карла Маркса;Ул. Карла Маркса;Ортодокс & Rewort Brewery “Ул. Карла Маркса” (Fruit Beer) алк. 6,0% /ФРУТ БИР 100, ж/б 0,45 л;Новинка!;Алкогольная продукция>SVOI (Сергиев Посад)>Ортодокс ж>б;6;;;Fruit Beer;6440569;;25c73a3a-c3c7-11f0-9bb2-000c296fac54
Mister Bee "Cherry Banana" (Мистер БИ "Вишня-банан") (Mead) алк. 5% / Мистер БИ, бут 0,45л;165;00-00021212;MISTER BEE CHERRY BANANA (ВИШНЯ-БАНАН) (бут 0,45л);Cider House;Товар;;191;4680140431542;кор. 12х0,45л ст бут.;730;Mister Bee Cherry Banana;Mister Bee Cherry Banana;Mister Bee "Cherry Banana" (Мистер БИ "Вишня-банан") (Mead) алк. 5% / Мистер БИ, бут 0,45л;;Алкогольная продукция>Cider House>Mister Bee бут;5;;;Mead;6339212;;e0e841b9-c9cd-11f0-9bb2-000c296fac54
Mister Bee "Cherry Banana" (Мистер БИ "Вишня-банан") (Mead) алк. 5% / Мистер БИ, бут 0,45л;165;00-00021212;MISTER BEE CHERRY BANANA (ВИШНЯ-БАНАН) (бут 0,45л);Cider House;Товар;;191;4680140432198;кор. 12х0,45л ст бут.;730;Mister Bee Cherry Banana;Mister Bee Cherry Banana;Mister Bee "Cherry Banana" (Мистер БИ "Вишня-банан") (Mead) алк. 5% / Мистер БИ, бут 0,45л;;Алкогольная продукция>Cider House>Mister Bee бут;5;;;Mead;6339212;;e0e841b9-c9cd-11f0-9bb2-000c296fac54
Plan B "Parhelion" (Double IPA) алк. 8% / Паргелион, пэт кег 20л;80;00-00021254;PARHELION (пэт кег 20л);Plan B;Товар;;462;4650139081423;пэт кег 20л;180;Parhelion;Parhelion;Plan B "Parhelion" (Double IPA) алк. 8% / Паргелион, пэт кег 20л;;Алкогольная продукция>Plan B Brewery>Plan B Brewery кег;8;70;19;Double New England IPA;4299316;;c2ef611d-cc4e-11f0-9bb2-000c296fac54
Plan B "Iron Abyss" (Russian Imperial Stout) алк. 11% / Аирон Эбис, пэт кег 20л;40;00-00021325;IRON ABYSS (пэт кег 20л);Plan B;Товар;Rye RIS;549;4650139081744;пэт кег 20л;720;Iron Abyss;Iron Abyss;Plan B "Iron Abyss" (Russian Imperial Stout) алк. 11% / Аирон Эбис, пэт кег 20л;;Алкогольная продукция>Plan B Brewery>Plan B Brewery кег;11;50;;Russian Imperial Stout;4155454;;ec1e6d3e-d1a4-11f0-9bb2-000c296fac54
Zagovor Brewery "WUF" (K?lsch) алк. 5% / ВУФ ж/б 0,45л;1;00-00018755;WUF (ж/б 0,45л);Zagovor Brewery;Товар;;290;4670223012621;кор. 20х0,45л ж/б;365;WUF;WUF;Zagovor Brewery "WUF" (K?lsch) алк. 5% / ВУФ ж/б 0,45л;;Алкогольная продукция>Zagovor Brewery>Zagovor Brewery ж>б;5;;12;K?lsch;4357885;;27ecbbb2-147d-11f0-822e-000c29bc6f5e
Stamm Brewing "Cherrytonin" (Fruited Sour Ale) алк 5% / Черритонин / Cherrytonin, ж/б 0,45л;6;00-00018847;CHERRYTONIN (ж/б 0,45л);Stamm Brewing;Товар;;332;4610297650633;кор. 12х0,45л ж/б;365;Cherrytonin;Cherrytonin;Stamm Brewing "Cherrytonin" (Fruited Sour Ale) алк 5% / Черритонин / Cherrytonin, ж/б 0,45л;;Алкогольная продукция>Stamm Brewing>Stamm Brewing ж>б, бут;5;;;Fruited Sour Ale;4989056;;3fb5b67f-19de-11f0-9ba9-000c296fac54
Stamm Brewing "Cherrytonin" (Fruited Sour Ale) алк 5% / Черритонин / Cherrytonin, ж/б 0,45л;6;00-00018847;CHERRYTONIN (ж/б 0,45л);Stamm Brewing;Товар;;332;4610297652453;кор. 12х0,45л ж/б;365;Cherrytonin;Cherrytonin;Stamm Brewing "Cherrytonin" (Fruited Sour Ale) алк 5% / Черритонин / Cherrytonin, ж/б 0,45л;;Алкогольная продукция>Stamm Brewing>Stamm Brewing ж>б, бут;5;;;Fruited Sour Ale;4989056;;3fb5b67f-19de-11f0-9ba9-000c296fac54
Salden's "American Pale Ale Tears of Liberty" (APA) алк, 5,5% / Американ Пэйль Эль, жб. 0,45л;35;00-00018940;AMERICAN PALE ALE TEARS OF LIBERTY (жб. 0,45л);Salden's;Товар;American Pale Ale;275;4620085784808;кор. 20х0,45л ж/б;180;American Pale Ale Tears of Liberty;American Pale Ale Tears of Liberty;Salden's "American Pale Ale Tears of Liberty" (APA) алк, 5,5% / Американ Пэйль Эль, жб. 0,45л;;Алкогольная продукция>Saldens>Salden's ж>б;5,50;40;13,50;American Pale Ale;670063;;863c95aa-1f69-11f0-9baa-000c296fac54
Rewort Brewery "Nutty Nut” (Double Hazelnut Porter) алк. 6,9%, / НАТТИ НАТ, ж/б 0,45л;153;00-00019102;NUTTY NUT ( ж/б 0,45л);Rewort;Товар;;259;4670161155329;кор. 12х0,45л ж/б;365;Nutty Nut;Nutty Nut;Rewort Brewery "Nutty Nut” (Double Hazelnut Porter) алк. 6,9%, / НАТТИ НАТ, ж/б 0,45л;;Алкогольная продукция>SVOI (Сергиев Посад)>Rewort ж>б;6,90;30;19,80;Double Porter with Hazelnut;2976231;;e4d7a50f-29bb-11f0-9bac-000c296fac54
Rewort Brewery "Nutty Nut” (Double Hazelnut Porter) алк. 6,9%, / НАТТИ НАТ, ж/б 0,45л;153;00-00019102;NUTTY NUT ( ж/б 0,45л);Rewort;Товар;;259;4670161158023;кор. 12х0,45л ж/б;365;Nutty Nut;Nutty Nut;Rewort Brewery "Nutty Nut” (Double Hazelnut Porter) алк. 6,9%, / НАТТИ НАТ, ж/б 0,45л;;Алкогольная продукция>SVOI (Сергиев Посад)>Rewort ж>б;6,90;30;19,80;Double Porter with Hazelnut;2976231;;e4d7a50f-29bb-11f0-9bac-000c296fac54
HopHead "Борщ" (Gose) алк. 6% / Хопхэд гозе "Борщ", ж/б 0,45л;42;00-00020651;БОРЩ (ж/б 0,45л);HopHead;Товар;;329;4620402490603;кор. 20х0,45л ж/б;360;Борщ;Борщ;HopHead "Борщ" (Gose) алк. 6% / Хопхэд гозе "Борщ", ж/б 0,45л;;Алкогольная продукция>HopHead>HopHead ж>б;6;5;;Gose;4576033;;2e84a999-984f-11f0-9bb0-000c296fac54
Big Pot "SEROTONIN GUAVA & RASPBERRY" (Smoothie Sour Ale) алк.6,5%/ БИГПОТ САУР 4,ж/б 0,45л;66;00-00020718;SEROTONIN GUAVA & RASPBERRY (ж/б 0,45л);Big Pot;Товар;;338;4620402491686;кор. 12х0,45л ж/б;360;SEROTONIN GUAVA & RASPBERRY;Serotonin: Strawberry & Guava;Big Pot "SEROTONIN GUAVA & RASPBERRY" (Smoothie Sour Ale) алк.6,5%/ БИГПОТ САУР 4,ж/б 0,45л;;Алкогольная продукция>Big Pot>Big Pot ж>б;6,50;;;Smoothie Sour Ale;4621146;;e8de4cbd-9dcf-11f0-9bb0-000c296fac54
Brewlok "Горыныч в Тропиках" (Sour Ale), алк. 6,9% / Нью 35, ж/б 0,45л;26;00-00020806;ГОРЫНЫЧ В ТРОПИКАХ (ж/б 0,45л);Brewlok;Товар;;327;4640437580759;кор. 12х0,45л ж/б;366;Горыныч в Тропиках;Горыныч в Тропиках;Brewlok "Горыныч в Тропиках" (Sour Ale), алк. 6,9% / Нью 35, ж/б 0,45л;;Алкогольная продукция>Brewlok (Воронеж)>Brewlok ж>б;6,90;;;Sour Ale;6416927;;d803eca4-a4f7-11f0-9bb0-000c296fac54
HopHead "Плов праздничный" (Sour Gose) алк. 6% / Хопхэд гозе "Плов праздничный", ж/б 0,45л;62;00-00020871;ПЛОВ ПРАЗДНИЧНЫЙ (ж/б 0,45л);HopHead;Товар;;340;4620402492126;кор. 20х0,45л ж/б;360;Плов праздничный;Плов праздничный;HopHead "Плов праздничный" (Sour Gose) алк. 6% / Хопхэд гозе "Плов праздничный", ж/б 0,45л;;Алкогольная продукция>HopHead>HopHead ж>б;6;2;;Sour Gose;5682551;;48852b41-ab51-11f0-9bb1-000c296fac54
Salden's "Milkshake Mango" (Milkshake IPA) алк 7% / Салденс Милкшейк Манго, ж/б 0,45л;5;00-00018389;MILKSHAKE MANGO (ж/б 0,45л);Salden's;Товар;;296;4620085785294;кор. 20х0,45л ж/б;180;Milkshake Mango;Milkshake Mango;Salden's "Milkshake Mango" (Milkshake IPA) алк 7% / Салденс Милкшейк Манго, ж/б 0,45л;;Алкогольная продукция>Saldens>Salden's ж>б;7;;;Milkshake IPA;5793139;;773d6726-fa7c-11ef-8224-000c29bc6f5e
Ostrovica "Easy Hazy" (Non-Alcoholic Beer)  / Островица Зеро, ж/б 0,45л;72;00-00018433;EASY HAZY (ж/б 0,45л);Ostrovica Brewery;Товар;;278;4640205264614;кор. 12х0,45л ж/б;360;Easy Hazy;Easy Hazy;Ostrovica "Easy Hazy" (Non-Alcoholic Beer)  / Островица Зеро, ж/б 0,45л;;Алкогольная продукция>Ostrovica (Аша)>Ostrovica б>а;0,50;;;Non-Alcoholic Beer;5811135;;529cb5dd-fb58-11ef-8224-000c29bc6f5e
Ostrovica "Easy Hazy" (Non-Alcoholic Beer)  / Островица Зеро, ж/б 0,45л;72;00-00018433;EASY HAZY (ж/б 0,45л);Ostrovica Brewery;Товар;;278;4640205264966;кор. 12х0,45л ж/б;360;Easy Hazy;Easy Hazy;Ostrovica "Easy Hazy" (Non-Alcoholic Beer)  / Островица Зеро, ж/б 0,45л;;Алкогольная продукция>Ostrovica (Аша)>Ostrovica б>а;0,50;;;Non-Alcoholic Beer;5811135;;529cb5dd-fb58-11ef-8224-000c29bc6f5e
Rewort Brewery “Fasten Seat Belt” (Quadro IPA) алк. 14% / ФАСТЕН СИТ БЕЛТ, ж/б 0,45л;21;00-00018483;FASTEN SEAT BELT (ж/б 0,45л);Rewort;Товар;;348;4670161154575;кор. 12х0,45л ж/б;365;Fasten Seat Belt;Fasten Seat Belt;Rewort Brewery “Fasten Seat Belt” (Quadro IPA) алк. 14% / ФАСТЕН СИТ БЕЛТ, ж/б 0,45л;;Алкогольная продукция>SVOI (Сергиев Посад)>Rewort ж>б;14;100;25;Quadro IPA;5789767;15;fd9d075f-000e-11f0-8225-000c29bc6f5e
Rewort Brewery “Fasten Seat Belt” (Quadro IPA) алк. 14% / ФАСТЕН СИТ БЕЛТ, ж/б 0,45л;21;00-00018483;FASTEN SEAT BELT (ж/б 0,45л);Rewort;Товар;;348;4670161157149;кор. 12х0,45л ж/б;365;Fasten Seat Belt;Fasten Seat Belt;Rewort Brewery “Fasten Seat Belt” (Quadro IPA) алк. 14% / ФАСТЕН СИТ БЕЛТ, ж/б 0,45л;;Алкогольная продукция>SVOI (Сергиев Посад)>Rewort ж>б;14;100;25;Quadro IPA;5789767;15;fd9d075f-000e-11f0-8225-000c29bc6f5e
Sabotage "Hop Defender" (American IPA),алк. 5.6% / САБОТАЖ Хоп Дефендер, ж/б 0,45;46;00-00022241;HOP DEFENDER (ж/б 0,45л);Sabotage Brewery;Товар;;353;4620235853705;кор. 20х0,45л ж/б;365;Hop Defender;Hop Defender;Sabotage "Hop Defender" (American IPA),алк. 5.6% / САБОТАЖ Хоп Дефендер, ж/б 0,45;;Алкогольная продукция>Sabotage Brewery>Sabotage ж>б;5,60;35;;American IPA;6675342;;960c85f7-4786-11f1-9bbc-000c296fac54
Rewort Brewery "Ля Томатина Тайская" (Tomato Gose), алк. 6,5% / ТОМАТНОЕ 13, ж/б 0,45л;1055;00-00022271;ЛЯ ТОМАТИНА ТАЙСКАЯ (ж/б 0,45л);Rewort;Товар;;275;4630522441164;кор. 12х0,45л ж/б;365;Ля Томатина Тайская;Ля Томатина Тайская;Rewort Brewery "Ля Томатина Тайская" (Tomato Gose), алк. 6,5% / ТОМАТНОЕ 13, ж/б 0,45л;Новинка!;Алкогольная продукция>SVOI (Сергиев Посад)>Rewort ж>б;6,50;21;;Tomato Sour Gose;6576177;;6e5b3850-4dd1-11f1-9bbe-000c296fac54
Rewort Brewery "Ля Томатина Тайская" (Tomato Gose), алк. 6,5% / ТОМАТНОЕ 13, ж/б 0,45л;1055;00-00022271;ЛЯ ТОМАТИНА ТАЙСКАЯ (ж/б 0,45л);Rewort;Товар;;275;4670161159907;кор. 12х0,45л ж/б;365;Ля Томатина Тайская;Ля Томатина Тайская;Rewort Brewery "Ля Томатина Тайская" (Tomato Gose), алк. 6,5% / ТОМАТНОЕ 13, ж/б 0,45л;Новинка!;Алкогольная продукция>SVOI (Сергиев Посад)>Rewort ж>б;6,50;21;;Tomato Sour Gose;6576177;;6e5b3850-4dd1-11f1-9bbe-000c296fac54
Big Pot "ДОФАМИН:виноград,персик,банан,кокос" (Smoothie Sour Ale) алк.7% / БИГПОТ СМУЗИ 17,ж/б 0,45л;58;00-00022310;ДОФАМИН: ВИНОГРАД, ПЕРСИК, БАНАН,КОКОС (ж/б 0,45л);Big Pot;Товар;;353;4620402495479;кор. 12х0,45л ж/б;360;ДОФАМИН:виноград,персик,банан,кокос;ДОФАМИН:виноград,персик,банан,кокос;Big Pot "ДОФАМИН:виноград,персик,банан,кокос" (Smoothie Sour Ale) алк.7% / БИГПОТ СМУЗИ 17,ж/б 0,45л;;Алкогольная продукция>Big Pot>Big Pot ж>б;7;;;Smoothie Sour Ale;6688834;;df5b26bd-4f60-11f1-9bbe-000c296fac54
Duck Cider "Яблоко" (Cider) алк. 5,5% /ДАК САЙДЕР Яблоко, бут. 0,5л;12;00-00022324;ЯБЛОКО (бут. 0,5л);Сидродельня Леонида Леврана;Товар;;311;4603728537528;кор. 12х0,5л ст. бут.;720;Яблоко;Яблоко;Duck Cider "Яблоко" (Cider) алк. 5,5% /ДАК САЙДЕР Яблоко, бут. 0,5л;;Алкогольная продукция>Сидродельня Леонида Леврана>Duck Cider;5,50;;;Cider;6592166;;31bf081d-4f86-11f1-9bbe-000c296fac54
Меда Сибири "Dry Hibiscus Mead" (Mead) алк. 5% / Гибискус, пэт кег 20л;20;00-00022488;DRY HIBISCUS MEAD (пэт кег 20л);Меда Сибири;Товар;;383;4660387591681;пэт кег 20л;365;Dry Hibiscus Mead;Dry Hibiscus Mead;Меда Сибири "Dry Hibiscus Mead" (Mead) алк. 5% / Гибискус, пэт кег 20л;;Алкогольная продукция>Меда Сибири>Меда Сибири кег;5;;;Mead;6373501;;22a3298f-600a-11f1-9bbe-000c296fac54
Big Village "РАСПУТЬЕ" (Double New England IPA) алк. 8,5% / Хейзи Дабл Индиа Пейл Эль 7, ж/б 0,45л;51;00-00022517;РАСПУТЬЕ (ж/б 0,45л);Big Village;Товар;;353;4620197365520;кор. 12х0,45л ж/б;240;РАСПУТЬЕ;РАСПУТЬЕ;Big Village "РАСПУТЬЕ" (Double New England IPA) алк. 8,5% / Хейзи Дабл Индиа Пейл Эль 7, ж/б 0,45л;Новинка!;Алкогольная продукция>Big Village>Big Village ж>б;8,50;40;;Double New England IPA;6727211;;9c8fba7f-6311-11f1-9bbe-000c296fac54
Big Village "РАСПУТЬЕ" (Double New England IPA) алк. 8,5% / Хейзи Дабл Индиа Пейл Эль 7, ж/б 0,45л;51;00-00022517;РАСПУТЬЕ (ж/б 0,45л);Big Village;Товар;;353;4620197365537;кор. 12х0,45л ж/б;240;РАСПУТЬЕ;РАСПУТЬЕ;Big Village "РАСПУТЬЕ" (Double New England IPA) алк. 8,5% / Хейзи Дабл Индиа Пейл Эль 7, ж/б 0,45л;Новинка!;Алкогольная продукция>Big Village>Big Village ж>б;8,50;40;;Double New England IPA;6727211;;9c8fba7f-6311-11f1-9bbe-000c296fac54
Big Pot "Тает Первым V2" (Черника,ежевика,малина) (Smoothie) алк.7%/ Брюмен смузи 5, ж/б 0,45л;90;00-00022541;ТАЕТ ПЕРВЫМ V2 (ЧЕРНИКА,ЕЖЕВИКА,МАЛИНА)(ж/б 0,45л);Big Pot;Товар;Сливочный саур с миксом вкусов черники, ежевики и малины;338;4620402495752;кор. 12х0,45л ж/б;360;Тает Первым V2;Тает Первым V2;Big Pot "Тает Первым V2" (Черника,ежевика,малина) (Smoothie) алк.7%/ Брюмен смузи 5, ж/б 0,45л;Новинка!;Алкогольная продукция>Big Pot>Big Pot ж>б;7;;;Smoothie;6736957;;7fb8d387-6402-11f1-9bbe-000c296fac54
Лимонад Aloha Вишня Миндаль (Lemonade) / АЛОХА 2, бут. 0,33л;209;00-00020888;ЛИМОНАД ALOHA ВИШНЯ МИНДАЛЬ (бут. 0,33л);Aloha;Товар;;175;4670161154742;кор. 12х0,33л ст. бут.;365;Лимонад Вишня-Миндаль;Лимонад Aloha Вишня Миндаль;Лимонад Aloha Вишня Миндаль (Lemonade) / АЛОХА 2, бут. 0,33л;Новинка!;Алкогольная продукция>SVOI (Сергиев Посад)>Aloha;;;;Lemonade;;;00fc9160-ae80-11f0-9bb1-000c296fac54
Лимонад Aloha Вишня Миндаль (Lemonade) / АЛОХА 2, бут. 0,33л;209;00-00020888;ЛИМОНАД ALOHA ВИШНЯ МИНДАЛЬ (бут. 0,33л);Aloha;Товар;;175;4670161159303;кор. 12х0,33л ст. бут.;365;Лимонад Вишня-Миндаль;Лимонад Aloha Вишня Миндаль;Лимонад Aloha Вишня Миндаль (Lemonade) / АЛОХА 2, бут. 0,33л;Новинка!;Алкогольная продукция>SVOI (Сергиев Посад)>Aloha;;;;Lemonade;;;00fc9160-ae80-11f0-9bb1-000c296fac54
Red Button "Melchior" (Freeze-Distilled Beer), алк. 18%, / Мельхиор, ж/б 0,33л;25;00-00020928;MELCHIOR (ж/б 0,33л);Red Button;Товар;;469;4670190943331;кор. 20х0,33л ж/б;360;Melchior;Melchior;Red Button "Melchior" (Freeze-Distilled Beer), алк. 18%, / Мельхиор, ж/б 0,33л;;Алкогольная продукция>Red Button>Red Button ж>б > стекло;18;;;Freeze-Distilled Beer;6415924;;fa8130b2-b0bb-11f0-9bb1-000c296fac54
Plague Brew "Horseradish Forester" (Gose), алк. 5,2% / Форестер 10, ж/б 0,45л;35;00-00021047;HORSERADISH FORESTER (ж/б 0,45л);Plague Brew;Товар;;366;4660512527448;кор. 06х0,45л ж/б;730;Horseradish Forester;Horseradish Forester;Plague Brew "Horseradish Forester" (Gose), алк. 5,2% / Форестер 10, ж/б 0,45л;;Алкогольная продукция>Plague Brew>Plague Brew ж>б бут;5,20;7;;Gose;5558991;;b2966c26-bafd-11f0-9bb2-000c296fac54
Ортодокс & Rewort Brewery “Скиты” (Lager - American) алк. 4,5% /ЛАГЕР 12, ж/б 0,45л;576;00-00021106;СКИТЫ (ж/б 0,45л);ОРТОДОКС;Товар;;222;4670161154827;кор. 12х0,45л ж/б;365;Скиты;Скиты;Ортодокс & Rewort Brewery “Скиты” (Lager - American) алк. 4,5% /ЛАГЕР 12, ж/б 0,45л;Новинка!;Алкогольная продукция>SVOI (Сергиев Посад)>Ортодокс ж>б;4,50;;;Lager;6440575;;d14ab92f-c095-11f0-9bb2-000c296fac54
Ортодокс & Rewort Brewery “Скиты” (Lager - American) алк. 4,5% /ЛАГЕР 12, ж/б 0,45л;576;00-00021106;СКИТЫ (ж/б 0,45л);ОРТОДОКС;Товар;;222;4670161159648;кор. 12х0,45л ж/б;365;Скиты;Скиты;Ортодокс & Rewort Brewery “Скиты” (Lager - American) алк. 4,5% /ЛАГЕР 12, ж/б 0,45л;Новинка!;Алкогольная продукция>SVOI (Сергиев Посад)>Ортодокс ж>б;4,50;;;Lager;6440575;;d14ab92f-c095-11f0-9bb2-000c296fac54
Леонид Леврана "Старый Изборск" (Sweet Cider) алк. 5,5% / СТАРЫЙ ИЗБОРСК. ЛЕОНИД ЛЕВРАНА, бут. 0,33л;30;00-00021508;СТАРЫЙ ИЗБОРСК (бут. 0,33л);Сидродельня Леонида Леврана;Товар;;275;4603728537078;кор. 12х0,33л ст. бут.;720;Старый Изборск;Старый Изборск;Леонид Леврана "Старый Изборск" (Sweet Cider) алк. 5,5% / СТАРЫЙ ИЗБОРСК. ЛЕОНИД ЛЕВРАНА, бут. 0,33л;;Алкогольная продукция>Сидродельня Леонида Леврана>Леврана бут;5,50;;;Dry Apple Cider;5949954;;c16af586-e184-11f0-9bb5-000c296fac54
Big Pot "GRAPESHOT" (Smoothie) алк.6,5% / БИГПОТ СМУЗИ 42, ж/б 0,45л;84;00-00021525;GRAPESHOT (ж/б 0,45л);Big Pot;Товар;;353;4620402495455;кор. 12х0,45л ж/б;360;GRAPESHOT;GRAPESHOT;Big Pot "GRAPESHOT" (Smoothie) алк.6,5% / БИГПОТ СМУЗИ 42, ж/б 0,45л;;Алкогольная продукция>Big Pot>Big Pot ж>б;6,50;;;Smoothie;6548422;;1e44ab06-f058-11f0-9bb6-000c296fac54
Zagovor Brewery "Liquid Sapience" (Pilsner) алк 4.7% /Ликвид Сапиенс, ж/б 0,45л;59;00-00021606;LIQUID SAPIENCE (ж/б 0,45л);Zagovor Brewery;Товар;;280;4670223014175;кор. 20х0,45л ж/б;365;Liquid Sapience;Liquid Sapience;Zagovor Brewery "Liquid Sapience" (Pilsner) алк 4.7% /Ликвид Сапиенс, ж/б 0,45л;;Алкогольная продукция>Zagovor Brewery>Zagovor Brewery ж>б;4,70;45;;Pilsner;6570017;;7f5a371a-f696-11f0-9bb7-000c296fac54
Rewort Brewery “Bunol” (Non-Alco Tomato Gose) алк. 0,5% / АЛКОФРИ 1, ж/б 0,45л;465;00-00021662;BUNOL. (ж/б 0,45л);Rewort;Товар;;212;4670161157156;кор. 12х0,45л ж/б;365;Bunol;Bunol;Rewort Brewery “Bunol” (Non-Alco Tomato Gose) алк. 0,5% / АЛКОФРИ 1, ж/б 0,45л;;Алкогольная продукция>SVOI (Сергиев Посад)>Rewort б>а;0,50;10;8,50;Non-Alco Tomato Gose;5773210;50;2c46b16e-fc48-11f0-9bba-000c296fac54
Rewort Brewery “Bunol” (Non-Alco Tomato Gose) алк. 0,5% / АЛКОФРИ 1, ж/б 0,45л;465;00-00021662;BUNOL. (ж/б 0,45л);Rewort;Товар;;212;4670161159471;кор. 12х0,45л ж/б;365;Bunol;Bunol;Rewort Brewery “Bunol” (Non-Alco Tomato Gose) алк. 0,5% / АЛКОФРИ 1, ж/б 0,45л;;Алкогольная продукция>SVOI (Сергиев Посад)>Rewort б>а;0,50;10;8,50;Non-Alco Tomato Gose;5773210;50;2c46b16e-fc48-11f0-9bba-000c296fac54
Заповедник "АБАНАМАТ" (Dry Cider) алк. 5% / Абанамат, бут. 0,33л;57;00-00019488;АБАНАМАТ (бут. 0,33л);Заповедник;Товар;;269;4603759677750;кор. 20х0,33л ст. бут.;730;АБАНАМАТ;АБАНАМАТ;Заповедник "АБАНАМАТ" (Dry Cider) алк. 5% / Абанамат, бут. 0,33л;;Алкогольная продукция>Заповедник>Заповедник бут;5;;;Dry Cider;1963594;;7ba88ec0-45dc-11f0-9bac-000c296fac54
Заповедник "Umeboshi" (Dry Fruit Cider) алк. 6% / Умебощи, кег 30л;60;00-00019504;UMEBOSHI (кег 30л);Заповедник;Товар;;490;4603759677958;пэт кег 30л;730;Umeboshi;Umeboshi;Заповедник "Umeboshi" (Dry Fruit Cider) алк. 6% / Умебощи, кег 30л;;Алкогольная продукция>Заповедник>Заповедник кег;6;;;Dry Fruit Cider;4890861;;3f4dc4cc-45e2-11f0-9bac-000c296fac54
GANZA Brewery "TOMATO JOURNEY SMOKED" (Sour Gose) алк.6% / Ганза гозе 19, ж/б 0,45 л;55;00-00019571;TOMATO JOURNEY SMOKED (ж/б 0,45);GANZA Brewery;Товар;;304;4670163073737;кор. 12х0,45л ж/б;360;TOMATO JOURNEY SMOKED;TOMATO JOURNEY SMOKED;GANZA Brewery "TOMATO JOURNEY SMOKED" (Sour Gose) алк.6% / Ганза гозе 19, ж/б 0,45 л;;Алкогольная продукция>GANZA Brewery>GANZA Brewery ж>б;6;;;Sour Gose;5050081;;d5cbea49-4b5b-11f0-9bac-000c296fac54
Red Button "KUTS"  (Other Gose), алк.5% / Кутс, ж/б 0,45л;25;00-00019655;KUTS (жб 0,45л);Red Button;Товар;;322;4670190942136;кор. 20х0,45л ж/б;360;KUTS;KUTS;Red Button "KUTS"  (Other Gose), алк.5% / Кутс, ж/б 0,45л;;Алкогольная продукция>Red Button>Red Button ж>б > стекло;5;;;Gose;4725176;;117617fd-5009-11f0-9bac-000c296fac54
Salden's "Sour Ale Passion Fruit" (Sour Fruited) алк, 5% / Салденс Специальный Саур Эль, жб. 0,45л;15;00-00009596;SOUR ALE PASSION FRUIT (жб. 0,45л);Salden's;Товар;Sour - Fruited;285;4620085787052;кор. 20х0,45л ж/б;180;Sour Ale Passion Fruit;Sour Ale Passion Fruit;Salden's "Sour Ale Passion Fruit" (Sour Fruited) алк, 5% / Салденс Специальный Саур Эль, жб. 0,45л;;Алкогольная продукция>Saldens>Salden's ж>б;5,50;;;Sour - Fruited;1663314;;4a698a73-0e83-11ed-80e6-000c29d24b62
Lapochka "Grapefruit + Lemon" (Lemonade) / Лапочка Грейпфрут Лимон, ж/б.0,33л;13;00-00003515;LAPOCHKA "GRAPEFRUIT + LEMON" (ж/б 0,33л);Lapochka;Товар;;196;4640205260050;кор. 20х0,33л ж/б;360;Lapochka "Grapefruit + Lemon";Lapochka "Grapefruit + Lemon";Lapochka "Grapefruit + Lemon" (Lemonade) / Лапочка Грейпфрут Лимон, ж/б.0,33л;;Алкогольная продукция>Ostrovica (Аша)>Lapochka;;;;Lemonade;;;2cfb00ec-c5d2-11ea-80ef-000c29e252b5
Lapochka "Grapefruit + Lemon" (Lemonade) / Лапочка Грейпфрут Лимон, ж/б.0,33л;13;00-00003515;LAPOCHKA "GRAPEFRUIT + LEMON" (ж/б 0,33л);Lapochka;Товар;;196;4640205260067;кор. 20х0,33л ж/б;360;Lapochka "Grapefruit + Lemon";Lapochka "Grapefruit + Lemon";Lapochka "Grapefruit + Lemon" (Lemonade) / Лапочка Грейпфрут Лимон, ж/б.0,33л;;Алкогольная продукция>Ostrovica (Аша)>Lapochka;;;;Lemonade;;;2cfb00ec-c5d2-11ea-80ef-000c29e252b5
WS Brew "Blanche" (Witbier Blanche) алк. 5% / ВС Бланш , пэт кег 20л;60;00-00010676;BLANCHE (пэт кег 20л);WS Brew;Товар;;306;4640229751220;пэт кег 20л;365;Blanche;Blanche;WS Brew "Blanche" (Witbier Blanche) алк. 5% / ВС Бланш , пэт кег 20л;;Алкогольная продукция>White Stonе>WS Brew кег;5;8;;Witbier Blanche;5060421;;cc552dee-6731-11ed-80f2-000c29d24b62
Selfmade "Fruitality" (Fruit Beer) алк. 6,6% / СБ Фруталити, ж/б 0,45л;12;00-00018521;FRUITALITY (ж/б 0,45л);Selfmade;Товар;Sour - Fruited;306;4640235994703;кор. 12х0,45л ж/б;363;Fruitality;Fruitality;Selfmade "Fruitality" (Fruit Beer) алк. 6,6% / СБ Фруталити, ж/б 0,45л;;Алкогольная продукция>Selfmade>Selfmade ж>б;6,80;38;;Fruit Beer;2688207;;c2b4e1c4-03fb-11f0-8227-000c29bc6f5e
Rewort Brewery "Turbulence" (DIPA) алк. 8.5% / ТУРБУЛЕНЦИЯ, ж/б 0,33л;635;00-00018578;TURBULENCE (ж/б 0,33л);Rewort;Товар;;248;4670161157231;кор. 12х0,33л ж/б;365;Turbulence;Turbulence;Rewort Brewery "Turbulence" (DIPA) алк. 8.5% / ТУРБУЛЕНЦИЯ, ж/б 0,33л;;Алкогольная продукция>SVOI (Сергиев Посад)>Rewort ж>б;8,50;80;19;DIPA;6165990;9;6933a70e-0578-11f0-8228-000c29bc6f5e
Rewort Brewery "Turbulence" (DIPA) алк. 8.5% / ТУРБУЛЕНЦИЯ, ж/б 0,33л;635;00-00018578;TURBULENCE (ж/б 0,33л);Rewort;Товар;;248;4670161157361;кор. 12х0,33л ж/б;365;Turbulence;Turbulence;Rewort Brewery "Turbulence" (DIPA) алк. 8.5% / ТУРБУЛЕНЦИЯ, ж/б 0,33л;;Алкогольная продукция>SVOI (Сергиев Посад)>Rewort ж>б;8,50;80;19;DIPA;6165990;9;6933a70e-0578-11f0-8228-000c29bc6f5e
Big Village "FOUR SEASONS" (Rice Lager) алк. 5% / Фо Сизонс, ж/б 0,45л;30;00-00018630;FOUR SEASONS (ж/б 0,45л);Big Village;Товар;;246;4609642279384;кор. 12х0,45л ж/б;240;FOUR SEASONS;FOUR SEASONS;Big Village "FOUR SEASONS" (Rice Lager) алк. 5% / Фо Сизонс, ж/б 0,45л;Новинка!;Алкогольная продукция>Big Village>Big Village ж>б;5;20;;Rice Lager;5961005;;05f3d17f-0986-11f0-822a-000c29bc6f5e
Big Village "FOUR SEASONS" (Rice Lager) алк. 5% / Фо Сизонс, ж/б 0,45л;30;00-00018630;FOUR SEASONS (ж/б 0,45л);Big Village;Товар;;246;4609642279391;кор. 12х0,45л ж/б;240;FOUR SEASONS;FOUR SEASONS;Big Village "FOUR SEASONS" (Rice Lager) алк. 5% / Фо Сизонс, ж/б 0,45л;Новинка!;Алкогольная продукция>Big Village>Big Village ж>б;5;20;;Rice Lager;5961005;;05f3d17f-0986-11f0-822a-000c29bc6f5e
GANZA Brewery "КУБАНСКИЙ ПИРОГ ЯБЛОКО-КОРИЦА"(Sour)алк.6%/Ганза Кубанский Пирог с Корицей,ж/б 0,45 л;15;00-00018713;КУБАНСКИЙ ПИРОГ ЯБЛОКО - КОРИЦА (ж/б 0,45);GANZA Brewery;Товар;;329;4670163073829;кор. 12х0,45л ж/б;360;КУБАНСКИЙ ПИРОГ ЯБЛОКО - КОРИЦА;КУБАНСКИЙ ПИРОГ ЯБЛОКО - КОРИЦА;GANZA Brewery "КУБАНСКИЙ ПИРОГ ЯБЛОКО-КОРИЦА"(Sour)алк.6%/Ганза Кубанский Пирог с Корицей,ж/б 0,45 л;;Алкогольная продукция>GANZA Brewery>GANZA Brewery ж>б;6;;;Smoothie Sour Ale;5789761;;7b2e8e23-1060-11f0-822d-000c29bc6f5e
Rewort Brewery “Миниатюра” (IPA - Session New England / Hazy) алк. 2.5% / ОХМЕЛЕННОЕ 5, ж/б 0,45л;829;00-00022165;МИНИАТЮРА (ж/б 0,45л);Rewort;Товар;;296;4630522441782;кор. 12х0,45л ж/б;365;Миниатюра;Миниатюра;Rewort Brewery “Миниатюра” (IPA - Session New England / Hazy) алк. 2.5% / ОХМЕЛЕННОЕ 5, ж/б 0,45л;Новинка!;Алкогольная продукция>SVOI (Сергиев Посад)>Rewort ж>б;2,50;8;15;Hazy IPA;6655660;8;636cb415-3cb9-11f1-9bbc-000c296fac54
Rewort Brewery “Миниатюра” (IPA - Session New England / Hazy) алк. 2.5% / ОХМЕЛЕННОЕ 5, ж/б 0,45л;829;00-00022165;МИНИАТЮРА (ж/б 0,45л);Rewort;Товар;;296;4670161159815;кор. 12х0,45л ж/б;365;Миниатюра;Миниатюра;Rewort Brewery “Миниатюра” (IPA - Session New England / Hazy) алк. 2.5% / ОХМЕЛЕННОЕ 5, ж/б 0,45л;Новинка!;Алкогольная продукция>SVOI (Сергиев Посад)>Rewort ж>б;2,50;8;15;Hazy IPA;6655660;8;636cb415-3cb9-11f1-9bbc-000c296fac54
HopHead "Шоколадный брауни с ежевикой и малиной" (Smoothie)алк 6% / Брауни ежевика малина, ж/б 0,45л;72;00-00022183;ШОКОЛАДНЫЙ БРАУНИ С ЕЖЕВИКОЙ И МАЛИНОЙ (ж/б 0,45л);HopHead;Товар;;350;4620402495554;кор. 20х0,45л ж/б;360;Шоколадный брауни с ежевикой и малиной;Шоколадный брауни с ежевикой и малиной;HopHead "Шоколадный брауни с ежевикой и малиной" (Smoothie)алк 6% / Брауни ежевика малина, ж/б 0,45л;;Алкогольная продукция>HopHead>HopHead ж>б;6;5;;Smoothie;5255455;;8535e6c5-3e4d-11f1-9bbc-000c296fac54
Stamm Brewing "Sheppard" (New Zealand Pilsner ) алк 5,5% / Хоппи лагер 1 / Hoppy Lager 1, ж/б 0,45л;53;00-00022219;SHEPPARD (ж/б 0,45л);Stamm Brewing;Товар;;269;4610297651029;кор. 12х0,45л ж/б;365;Sheppard;Sheppard;Stamm Brewing "Sheppard" (New Zealand Pilsner ) алк 5,5% / Хоппи лагер 1 / Hoppy Lager 1, ж/б 0,45л;;Алкогольная продукция>Stamm Brewing>Stamm Brewing ж>б, бут;5,50;;;New Zealand Pilsner;6680801;;c4798886-439b-11f1-9bbc-000c296fac54
Stamm Brewing "Sheppard" (New Zealand Pilsner ) алк 5,5% / Хоппи лагер 1 / Hoppy Lager 1, ж/б 0,45л;53;00-00022219;SHEPPARD (ж/б 0,45л);Stamm Brewing;Товар;;269;4610297653276;кор. 12х0,45л ж/б;365;Sheppard;Sheppard;Stamm Brewing "Sheppard" (New Zealand Pilsner ) алк 5,5% / Хоппи лагер 1 / Hoppy Lager 1, ж/б 0,45л;;Алкогольная продукция>Stamm Brewing>Stamm Brewing ж>б, бут;5,50;;;New Zealand Pilsner;6680801;;c4798886-439b-11f1-9bbc-000c296fac54
Rewort Brewery “Temptation's Wings” (Triple New England IPA) алк.9.5% / ТЕМПТЕЙШЕНС ВИНГЗ, ж/б 0,45л;887;00-00022336;TEMPTATION'S WINGS (ж/б 0,45л);Rewort;Товар;;338;4670161157132;кор. 12х0,45л ж/б;365;Temptation's Wings;Temptation's Wings;Rewort Brewery “Temptation's Wings” (Triple New England IPA) алк.9.5% / ТЕМПТЕЙШЕНС ВИНГЗ, ж/б 0,45л;;Алкогольная продукция>SVOI (Сергиев Посад)>Rewort ж>б;9,50;45;21;Triple New England IPA;5789759;10;4d4c264d-52ba-11f1-9bbe-000c296fac54
Red Rocket "ACES" (Lager - IPL) алк. 4.5% / РЕД РОКЕТ ПРЕМИУМ ЛАГЕР, ж/б 0,45л;40;00-00022353;ACES (ж/б 0,45л);Red Rocket;Товар;;288;4640229932599;кор. 20х0,45л ж/б;360;ACES;ACES;Red Rocket "ACES" (Lager - IPL) алк. 4.5% / РЕД РОКЕТ ПРЕМИУМ ЛАГЕР, ж/б 0,45л;;Алкогольная продукция>Red Rocket Brewery>Red Rocket ж>б;4,50;30;;Lager;6673638;;5e1f80a9-5449-11f1-9bbe-000c296fac54
Selfmade "Spiral Code" (Pilsner) алк. 5,3% /СБ ИПА 8, пэт кег 20л/шт;2;00-00022373;SPIRAL CODE (пэт кег 20л/шт);Selfmade;Товар;;7740;4640235994291;пэт кег 20л/шт;240;Spiral Code;Spiral Code;Selfmade "Spiral Code" (Pilsner) алк. 5,3% /СБ ИПА 8, пэт кег 20л/шт;;Алкогольная продукция>Selfmade>Selfmade кег;5,30;35;;Pilsner;6646320;;c31ce25c-5509-11f1-9bbe-000c296fac54
White Stone "Интернеты" (New England Hazy IPA) алк. 6% / ВС НЕИПА 8, ж/б 0,45л;49;00-00022396;ИНТЕРНЕТЫ (ж/б 0,45л);White Stone;Товар;;348;4640229753033;кор. 12х0,45л ж/б;365;Интернеты;Интернеты;White Stone "Интернеты" (New England Hazy IPA) алк. 6% / ВС НЕИПА 8, ж/б 0,45л;;Алкогольная продукция>White Stonе>White Stonе ж>б;6;32;;New England Hazy IPA;6683143;;415b2793-583d-11f1-9bbe-000c296fac54
White Stone "Интернеты" (New England Hazy IPA) алк. 6% / ВС НЕИПА 8, ж/б 0,45л;49;00-00022396;ИНТЕРНЕТЫ (ж/б 0,45л);White Stone;Товар;;348;4640229753040;кор. 12х0,45л ж/б;365;Интернеты;Интернеты;White Stone "Интернеты" (New England Hazy IPA) алк. 6% / ВС НЕИПА 8, ж/б 0,45л;;Алкогольная продукция>White Stonе>White Stonе ж>б;6;32;;New England Hazy IPA;6683143;;415b2793-583d-11f1-9bbe-000c296fac54
HopHead "Пигус" (Gose) алк. 6% / Хопхэд гозе 23, ж/б 0,45л;67;00-00022409;ПИГУС (ж/б 0,45л);HopHead;Товар;;329;4620402496308;кор. 20х0,45л ж/б;360;Пигус;Пигус;HopHead "Пигус" (Gose) алк. 6% / Хопхэд гозе 23, ж/б 0,45л;;Алкогольная продукция>HopHead>HopHead ж>б;6;;;Gose;6690729;;b5379767-5900-11f1-9bbe-000c296fac54
Gravity Project "Бессердечная жучка" (Cider) алк. 4,5%/ Б. Хартлес, бут.0,45л;48;00-00022435;БЕССЕРДЕЧНАЯ ЖУЧКА (бут.0,45л);Gravity Project;Товар;;329;4603791714826;кор. 12х0,45л ст бут.;365;Бессердечная жучка;Бессердечная жучка;Gravity Project "Бессердечная жучка" (Cider) алк. 4,5%/ Б. Хартлес, бут.0,45л;;Алкогольная продукция>Gravity Project>Gravity Project стекло;4,50;;;Cider;3300416;;a3374bd1-5a83-11f1-9bbe-000c296fac54
B-SIDE “B-Side: Абрикос” (mead) 4,5% / Абрикос полусладкий, бут.0,45л;62;00-00022449;B-SIDE: АБРИКОС (бут. 0,45л);B-SIDE;Товар;Пивной напиток со вкусом ананаса полусладкий.;303;4603791714901;кор. 12х0,45л ст бут.;365;B-Side: Абрикос;B-Side: Абрикос;B-SIDE “B-Side: Абрикос” (mead) 4,5% / Абрикос полусладкий, бут.0,45л;;Алкогольная продукция>B-SIDE>B-SIDE жб бут;4,50;;;Mead;4062028;;d0e25f12-5d84-11f1-9bbe-000c296fac54
Selfmade "The Charmer" (Non-Alco Sour) алк. 0,5% / СБ Зеро 3, ж/б 0,45л;24;00-00022465;THE CHARMER (ж/б 0,45л);Selfmade;Товар;;243;4640235994598;кор. 12х0,45л ж/б;240;The Charmer;The Charmer;Selfmade "The Charmer" (Non-Alco Sour) алк. 0,5% / СБ Зеро 3, ж/б 0,45л;;Алкогольная продукция>Selfmade>Selfmade б>а;0,50;10;;Non-Alco Sour;6700935;;a1184402-5f14-11f1-9bbe-000c296fac54
Mister Bee "Pomegranate-Grape" (Mead) алк. 5% / Мистер БИ Гранат-виноград, бут 0,45л;155;00-00022614;MISTER BEE POMEGRANATE-GRAPE(ГРАНАТ-ВИН) (бут0,45);Cider House;Товар;;191;4680140431511;кор. 12х0,45л ст бут.;730;Mister Bee Pomegranate-Grape;Mister Bee Pomegranate-Grape;Mister Bee "Pomegranate-Grape" (Mead) алк. 5% / Мистер БИ Гранат-виноград, бут 0,45л;;Алкогольная продукция>Cider House>Mister Bee бут;5;;;Mead;6514304;;b88f98db-6a46-11f1-9bbe-000c296fac54
Mister Bee "Pomegranate-Grape" (Mead) алк. 5% / Мистер БИ Гранат-виноград, бут 0,45л;155;00-00022614;MISTER BEE POMEGRANATE-GRAPE(ГРАНАТ-ВИН) (бут0,45);Cider House;Товар;;191;4680140432167;кор. 12х0,45л ст бут.;730;Mister Bee Pomegranate-Grape;Mister Bee Pomegranate-Grape;Mister Bee "Pomegranate-Grape" (Mead) алк. 5% / Мистер БИ Гранат-виноград, бут 0,45л;;Алкогольная продукция>Cider House>Mister Bee бут;5;;;Mead;6514304;;b88f98db-6a46-11f1-9bbe-000c296fac54
GANZA Brewery "Мутные воды" (Triple New England IPA) алк. 9% / Ганза неипа 33, пэт кег 20л;20;00-00022627;МУТНЫЕ ВОДЫ (пэт кег 20л);GANZA Brewery;Товар;;559;4670163076134;пэт кег 20л;180;Мутные воды;Мутные воды;GANZA Brewery "Мутные воды" (Triple New England IPA) алк. 9% / Ганза неипа 33, пэт кег 20л;;Алкогольная продукция>GANZA Brewery>GANZA Brewery кег;9;30;;Triple New England IPA;6716847;;616471c3-6bad-11f1-9bbe-000c296fac54
Rewort Brewery "Passion Mood" (Sour Ale With Passion Fruit) алк. 5,0% / ПЭШН МУД, ж/б 0,45л;271;00-00022641;PASSION MOOD (ж/б 0,45л);Rewort;Товар;Кислый эль с маракуйей;269;4630522440112;кор. 12х0,45л ж/б;365;Passion Mood;Passion Mood;Rewort Brewery "Passion Mood" (Sour Ale With Passion Fruit) алк. 5,0% / ПЭШН МУД, ж/б 0,45л;;Алкогольная продукция>SVOI (Сергиев Посад)>Rewort ж>б;5;10;14;Sour Ale With Passion Fruit;3414390;8;104ecc18-6bcc-11f1-9bbe-000c296fac54
Rewort Brewery "Passion Mood" (Sour Ale With Passion Fruit) алк. 5,0% / ПЭШН МУД, ж/б 0,45л;271;00-00022641;PASSION MOOD (ж/б 0,45л);Rewort;Товар;Кислый эль с маракуйей;269;4670161155336;кор. 12х0,45л ж/б;365;Passion Mood;Passion Mood;Rewort Brewery "Passion Mood" (Sour Ale With Passion Fruit) алк. 5,0% / ПЭШН МУД, ж/б 0,45л;;Алкогольная продукция>SVOI (Сергиев Посад)>Rewort ж>б;5;10;14;Sour Ale With Passion Fruit;3414390;8;104ecc18-6bcc-11f1-9bbe-000c296fac54
White Stone "Айс Крим (Кактус)" (Smoothie Sour Ale) алк. 6% / ВС Смузи 14, ж/б 0,45 л;76;00-00022649;АЙС КРИМ (КАКТУС) (ж/б 0,45 л);White Stone;Товар;;343;4640229753170;кор. 12х0,45л ж/б;365;Айс Крим (Кактус);Айс Крим (Кактус);White Stone "Айс Крим (Кактус)" (Smoothie Sour Ale) алк. 6% / ВС Смузи 14, ж/б 0,45 л;;Алкогольная продукция>White Stonе>White Stonе ж>б;6;7;;Smoothie Sour Ale;6731137;;790cc3c9-6be5-11f1-9bbe-000c296fac54
White Stone "Айс Крим (Кактус)" (Smoothie Sour Ale) алк. 6% / ВС Смузи 14, ж/б 0,45 л;76;00-00022649;АЙС КРИМ (КАКТУС) (ж/б 0,45 л);White Stone;Товар;;343;4640229753187;кор. 12х0,45л ж/б;365;Айс Крим (Кактус);Айс Крим (Кактус);White Stone "Айс Крим (Кактус)" (Smoothie Sour Ale) алк. 6% / ВС Смузи 14, ж/б 0,45 л;;Алкогольная продукция>White Stonе>White Stonе ж>б;6;7;;Smoothie Sour Ale;6731137;;790cc3c9-6be5-11f1-9bbe-000c296fac54
Ортодокс “Балтийский Портер” (Porter) алк.7.3% / БАЛТИЙСКИЙ ПОРТЕР, ж/б 0,45л;216;00-00021374;БАЛТИЙСКИЙ ПОРТЕР (ж/б 0,45л);ОРТОДОКС;Товар;;217;4670161154117;кор. 12х0,45л ж/б;365;Балтийский Портер;Балтийский Портер;Ортодокс “Балтийский Портер” (Porter) алк.7.3% / БАЛТИЙСКИЙ ПОРТЕР, ж/б 0,45л;Новинка!;Алкогольная продукция>SVOI (Сергиев Посад)>Ортодокс ж>б;7,30;;19;Porter;4661438;;e00db624-d659-11f0-9bb3-000c296fac54
Ортодокс “Балтийский Портер” (Porter) алк.7.3% / БАЛТИЙСКИЙ ПОРТЕР, ж/б 0,45л;216;00-00021374;БАЛТИЙСКИЙ ПОРТЕР (ж/б 0,45л);ОРТОДОКС;Товар;;217;4670161155510;кор. 12х0,45л ж/б;365;Балтийский Портер;Балтийский Портер;Ортодокс “Балтийский Портер” (Porter) алк.7.3% / БАЛТИЙСКИЙ ПОРТЕР, ж/б 0,45л;Новинка!;Алкогольная продукция>SVOI (Сергиев Посад)>Ортодокс ж>б;7,30;;19;Porter;4661438;;e00db624-d659-11f0-9bb3-000c296fac54
MeadNight "RASPBERRY PLUM MEAD" (Mead) алк.6% / МН Медок 6, ж/б 0,45л;15;00-00021414;RASPBERRY PLUM MEAD (ж/б 0,45л);MeadNight;Товар;;309;4627130346356;кор. 12х0,45л ж/б;360;RASPBERRY PLUM MEAD;RASPBERRY PLUM MEAD;MeadNight "RASPBERRY PLUM MEAD" (Mead) алк.6% / МН Медок 6, ж/б 0,45л;;Алкогольная продукция>MeadNight>MeadNight жб;6;;;Mead;6532840;;f2af8ad5-d9b6-11f0-9bb3-000c296fac54
GANZA Brewery "ME GOOSTA 3" (NE TIPA) алк. 9% / Ганза неипа 23, ж/б 0,45л;3;00-00021451;ME GOOSTA 3 (ж/б 0,45);GANZA Brewery;Товар;;415;4670163075571;кор. 12х0,45л ж/б;360;ME GOOSTA 3;ME GOOSTA 3;GANZA Brewery "ME GOOSTA 3" (NE TIPA) алк. 9% / Ганза неипа 23, ж/б 0,45л;;Алкогольная продукция>GANZA Brewery>GANZA Brewery ж>б;9;30;;NE TIPA;6514461;;9b408e72-dbdc-11f0-9bb5-000c296fac54
Plan B "Mellow Dream" (Chocolate Stout) алк. 5,5% / Мелоу Дрим, ж/б. 0,45л;42;00-00021475;MELLOW DREAM (ж/б 0,45л);Plan B;Товар;;280;4650139081645;кор. 12х0,45л ж/б;360;Mellow Dream;Mellow Dream;Plan B "Mellow Dream" (Chocolate Stout) алк. 5,5% / Мелоу Дрим, ж/б. 0,45л;;Алкогольная продукция>Plan B Brewery>Plan B ж>б;5,50;;;Chocolate Stout;5521795;;07e1ebd1-df00-11f0-9bb5-000c296fac54
Меда Сибири "Mead Honeysuckle" (Mead) алк. 6,3% / Жимолость - Ваниль, ж/б 0,45л;72;00-00019182;MEAD HONEYSUCKLE (ж/б 0,45л);Меда Сибири;Товар;;309;4660387591377;кор. 12х0,45л ж/б;365;Mead Honeysuckle;Mead Honeysuckle;Меда Сибири "Mead Honeysuckle" (Mead) алк. 6,3% / Жимолость - Ваниль, ж/б 0,45л;;Алкогольная продукция>Меда Сибири>Меда Сибири жб>бут;6,30;;;Mead - Melomel;4985641;;45aab65a-30bd-11f0-9bac-000c296fac54
Red Rocket "PILS" (Pilsner) алк. 4,5% / ПИЛСНЕР, ж/б 0,45л;40;00-00019263;PILS (ж/б 0,45л);Red Rocket;Товар;;257;4640229932230;кор. 20х0,45л ж/б;360;PILS;PILS;Red Rocket "PILS" (Pilsner) алк. 4,5% / ПИЛСНЕР, ж/б 0,45л;;Алкогольная продукция>Red Rocket Brewery>Red Rocket ж>б;4,50;;;Pilsner;4717389;;d2b473d6-355c-11f0-9bac-000c296fac54
Zavod "Salgam Spicy" (Gose) алк. 4,5% / Шалгам спайси, ж/б  0,45л;10;00-00019317;SALGAM SPICY (ж/б 0,45л);Zavod Brewery;Товар;;343;4607967292736;кор. 20х0,45л ж/б;360;Salgam Spicy;Salgam Spicy;Zavod "Salgam Spicy" (Gose) алк. 4,5% / Шалгам спайси, ж/б  0,45л;;Алкогольная продукция>Zavod Brewery>Zavod Brewery ж>б;4,50;;;Gose;5882213;;bcdef8ec-3705-11f0-9bac-000c296fac54
Plague Brew "Pangu" (Mead) алк. 12%/ Напиток специальный 1,  бут. 0,25 л;31;00-00019394;PANGU (бут. 0,25л);Plague Brew;Товар;;773;;кор. 20х0,25л ст. бут.;1825;Pangu;Pangu;Plague Brew "Pangu" (Mead) алк. 12%/ Напиток специальный 1,  бут. 0,25 л;;Алкогольная продукция>Plague Brew>Plague Brew ж>б бут;12;;;Mead;6149225;;00aa561b-3c8c-11f0-9bac-000c296fac54
Stamm Brewing "Your Young Lordship" (Pilsner) алк 4,7% / Йор Лордшип Янг, пэт кег 20л;60;00-00011229;YOUR YOUNG LORDSHIP (пэт кег 20л);Stamm Brewing;Товар;;343;4603731389107;пэт кег 20л;365;Your Young Lordship;Your Young Lordship;Stamm Brewing "Your Young Lordship" (Pilsner) алк 4,7% / Йор Лордшип Янг, пэт кег 20л;;Алкогольная продукция>Stamm Brewing>Stamm Brewing кег;4,70;;;Pilsner;4174764;;5e23a825-a069-11ed-80fb-000c29d24b62
Brewlok "Наглецы из Воронежа Pils" (Pilsner) алк. 5% / Лагер 3 , ж/б 0,45л;23;00-00011972;НАГЛЕЦЫ ИЗ ВОРОНЕЖА PILS (ж/б 0,45л );Brewlok;Товар;;222;4640106809518;кор. 12х0,45л ж/б;366;Наглецы из Воронежа Pils;Наглецы из Воронежа Pils;Brewlok "Наглецы из Воронежа Pils" (Pilsner) алк. 5% / Лагер 3 , ж/б 0,45л;;Алкогольная продукция>Brewlok (Воронеж)>Brewlok ж>б;5;;;Pilsner;4963605;;f5502150-e01d-11ed-810b-000c29bc6f5e
Ostrovica "Pils" (Pilsner), алк. 4,5% / Островица Пилснер, пэт кег 30л;180;00-00012815;PILS (пэт кег 30л);Ostrovica Brewery;Товар;;318;4620134851413;пэт кег 30л;180;Pilsner;Pils;Ostrovica "Pils" (Pilsner), алк. 4,5% / Островица Пилснер, пэт кег 30л;;Алкогольная продукция>Ostrovica (Аша)>Ostrovica кег;4,50;23;12;Pilsner;1872862;;dcb18628-3106-11ee-8113-000c29bc6f5e
Ostrovica "Pils" (Pilsner), алк. 4,5% / Островица Пилснер, пэт кег 30л;180;00-00012815;PILS (пэт кег 30л);Ostrovica Brewery;Товар;;318;4640205261903;пэт кег 30л;180;Pilsner;Pils;Ostrovica "Pils" (Pilsner), алк. 4,5% / Островица Пилснер, пэт кег 30л;;Алкогольная продукция>Ostrovica (Аша)>Ostrovica кег;4,50;23;12;Pilsner;1872862;;dcb18628-3106-11ee-8113-000c29bc6f5e
Black Cat "80 DIPA" (West Coast DIPA), алк. 8,2% / 80 ДИПА, ж/б 0,45л;78;00-00005068;80 DIPA (ж/б 0,45л);Black Cat;Товар;;317;4603726880848;кор. 12х0,45л ж/б;360;80 DIPA;80 DIPA;Black Cat "80 DIPA" (West Coast DIPA), алк. 8,2% / 80 ДИПА, ж/б 0,45л;;Алкогольная продукция>Black Cat Brewery>Black Cat Brewery стекло > жб;8,20;80;19;West Coast DIPA;2428238;;c4a64821-96d8-11eb-80cd-000c29d24b62
White Phoenix "White Phoenix Клубника" (mead), алк. 4,7% / Клубника, бут 0,45л;108;00-00006145;WHITE PHOENIX КЛУБНИКА (бут 0,45л);White Phoenix;Товар;;180;4680140431139;кор. 12х0,45л ст бут.;730;White Phoenix Strawberry;White Phoenix Strawberry;White Phoenix "White Phoenix Клубника" (mead), алк. 4,7% / Клубника, бут 0,45л;;Алкогольная продукция>Cider House>White Phoenix>White Phoenix ж\б бут;5,60;;;Mead;4618497;;95385c29-0017-11ec-80d7-000c29d24b62
White Phoenix "White Phoenix Клубника" (mead), алк. 4,7% / Клубника, бут 0,45л;108;00-00006145;WHITE PHOENIX КЛУБНИКА (бут 0,45л);White Phoenix;Товар;;180;4680140431979;кор. 12х0,45л ст бут.;730;White Phoenix Strawberry;White Phoenix Strawberry;White Phoenix "White Phoenix Клубника" (mead), алк. 4,7% / Клубника, бут 0,45л;;Алкогольная продукция>Cider House>White Phoenix>White Phoenix ж\б бут;5,60;;;Mead;4618497;;95385c29-0017-11ec-80d7-000c29d24b62
Zavod "Morning Manya" (Gose) алк. 4,1% / Морнинг Маня, ж/б  0,45л;45;00-00006583;MORNING MANYA (ж/б  0,45л);Zavod Brewery;Товар;;322;4607967292637;кор. 20х0,45л ж/б;360;Morning Manya;Morning Manya;Zavod "Morning Manya" (Gose) алк. 4,1% / Морнинг Маня, ж/б  0,45л;;Алкогольная продукция>Zavod Brewery>Zavod Brewery ж>б;4,10;7;;Gose;3267395;;c776a8b0-2ceb-11ec-80d8-000c29d24b62
Brewlok "Rusalka" (Rasberries Sour Ale). алк. 5%, / Русалка, пэт кег 20л;20;00-00008420;RUSALKA (пэт кег 20л);Brewlok;Товар;;416;4640106808092;пэт кег 20л;180;Rusalka;Rusalka;Brewlok "Rusalka" (Rasberries Sour Ale). алк. 5%, / Русалка, пэт кег 20л;;Алкогольная продукция>Brewlok (Воронеж)>Brewlok кег;5;10;;Sour - Fruited;2027746;;fc5c6136-b639-11ec-80e1-000c29d24b62
Rewort Brewery "Романтика" (Sour - Fruited) алк. 5.5% / САУР ЭЛЬ 26, ж/б 0,45л;705;00-00022558;РОМАНТИКА (ж/б 0,45л);Rewort;Товар;;269;4630522440136;кор. 12х0,45л ж/б;240;Романтика;Романтика;Rewort Brewery "Романтика" (Sour - Fruited) алк. 5.5% / САУР ЭЛЬ 26, ж/б 0,45л;Новинка!;Алкогольная продукция>SVOI (Сергиев Посад)>Rewort ж>б;5,50;16,20;10;Sour - Fruited;6727423;25;81cbf993-6413-11f1-9bbe-000c296fac54
Rewort Brewery "Романтика" (Sour - Fruited) алк. 5.5% / САУР ЭЛЬ 26, ж/б 0,45л;705;00-00022558;РОМАНТИКА (ж/б 0,45л);Rewort;Товар;;269;4630522442147;кор. 12х0,45л ж/б;240;Романтика;Романтика;Rewort Brewery "Романтика" (Sour - Fruited) алк. 5.5% / САУР ЭЛЬ 26, ж/б 0,45л;Новинка!;Алкогольная продукция>SVOI (Сергиев Посад)>Rewort ж>б;5,50;16,20;10;Sour - Fruited;6727423;25;81cbf993-6413-11f1-9bbe-000c296fac54
Coma Brewery “Трип: Ибица” (Sour - Smoothie / Pastry) алк. 5% / СМУЗИ 12, ж/б 0,45л;567;00-00022568;ТРИП: ИБИЦА (ж/б 0,45л);Coma Brewery;Товар;;306;4630522440044;кор. 12х0,45л ж/б;365;Трип: Ибица;Трип: Ибица;Coma Brewery “Трип: Ибица” (Sour - Smoothie / Pastry) алк. 5% / СМУЗИ 12, ж/б 0,45л;;Алкогольная продукция>SVOI (Сергиев Посад)>Coma Brewery>Coma Brewery ж>б;5;24;;Sour - Smoothie / Pastry;6718819;;8ef708ea-64ac-11f1-9bbe-000c296fac54
Coma Brewery “Трип: Ибица” (Sour - Smoothie / Pastry) алк. 5% / СМУЗИ 12, ж/б 0,45л;567;00-00022568;ТРИП: ИБИЦА (ж/б 0,45л);Coma Brewery;Товар;;306;4630522442109;кор. 12х0,45л ж/б;365;Трип: Ибица;Трип: Ибица;Coma Brewery “Трип: Ибица” (Sour - Smoothie / Pastry) алк. 5% / СМУЗИ 12, ж/б 0,45л;;Алкогольная продукция>SVOI (Сергиев Посад)>Coma Brewery>Coma Brewery ж>б;5;24;;Sour - Smoothie / Pastry;6718819;;8ef708ea-64ac-11f1-9bbe-000c296fac54
Zavod "Free Flight: Instrument" (Non Alco Stout) алк. 0,5% /Завод фри Инструмент, ж/б 0,45л;5;00-00022582;FREE FLIGHT: INSTRUMENT (ж/б 0,45л);Zavod Brewery;Товар;;285;4607967292842;кор. 20х0,45л ж/б;360;Free Flight: Instrument;Free Flight: Instrument;Zavod "Free Flight: Instrument" (Non Alco Stout) алк. 0,5% /Завод фри Инструмент, ж/б 0,45л;;Алкогольная продукция>Zavod Brewery>Zavod Brewery Б>А;;;;Non Alco Stout;6508223;;18198ce4-64c4-11f1-9bbe-000c296fac54
HopHead "Харчо с бараниной" (Gose) алк. 6% / Хопхэд гозе 21, ж/б 0,45л;5;00-00022598;ХАРЧО С БАРАНИНОЙ (ж/б 0,45л);HopHead;Товар;;340;4620402496261;кор. 20х0,45л ж/б;360;Харчо с бараниной;Харчо с бараниной;HopHead "Харчо с бараниной" (Gose) алк. 6% / Хопхэд гозе 21, ж/б 0,45л;;Алкогольная продукция>HopHead>HopHead ж>б;6;;;Gose;6690726;;ac81b6a6-68b8-11f1-9bbe-000c296fac54
Brewlok "Wolf's Shepherd" (Triple IPA), алк. 8,6%. / Волчий пастырь, ж/б 0,45л;38;00-00021817;WOLF'S SHEPHERD (ж/б 0,45л);Brewlok;Товар;;370;4640437582395;кор. 12х0,45л ж/б;366;Wolf Shepherd;Wolf Shepherd;Brewlok "Wolf's Shepherd" (Triple IPA), алк. 8,6%. / Волчий пастырь, ж/б 0,45л;;Алкогольная продукция>Brewlok (Воронеж)>Brewlok ж>б;8,60;105;22;IPA - Triple;2321101;;d99f9f0f-12df-11f1-9bba-000c296fac54
Mitra Brewing Co. "Grass Compass" (American Pale Ale), алк 5,8% / Митра АПА, ж/б 0,45л;35;00-00021851;GRASS COMPASS (ж/б 0,45л);Mitra Brewing Co.;Товар;;0;4610259471429;кор. 12х0,45л ж/б;365;Grass Compass;Grass Compass;Mitra Brewing Co. "Grass Compass" (American Pale Ale), алк 5,8% / Митра АПА, ж/б 0,45л;;Алкогольная продукция>Mitra Brewing Co.>Mitra Brewing Co. ж>б;5,80;36;;American Pale Ale;6599443;;7d87b998-16e5-11f1-9bbb-000c296fac54
Край Земли "Лимонад шиповник-корица" (Lemonade) / ЛИМОНАД КРАЙ ЗЕМЛИ ШИПОВНИК-КОРИЦА, бут. 0,33л;67;00-00021867;ЛИМОНАД ШИПОВНИК-КОРИЦА (бут.0,33л);Край Земли;Товар;;215;4627192388653;кор. 12х0,33л ст. бут.;365;Лимонад шиповник-корица;Лимонад шиповник-корица;Край Земли "Лимонад шиповник-корица" (Lemonade) / ЛИМОНАД КРАЙ ЗЕМЛИ ШИПОВНИК-КОРИЦА, бут. 0,33л;;Алкогольная продукция>Край Земли>Край Земли бут б>а;;;;Lemonade;;;1546f8ac-1886-11f1-9bbb-000c296fac54
Sabotage "Крафтосос: Персик Ананас" (Sour IPA),алк. 6.5% / Крафтосос Классик, ж/б 0,45;23;00-00021886;КРАФТОСОС: ПЕРСИК АНАНАС (ж/б 0,45л);Sabotage Brewery;Товар;;359;4620235853316;кор. 20х0,45л ж/б;365;Крафтосос: Персик Ананас;Крафтосос: Персик Ананас;Sabotage "Крафтосос: Персик Ананас" (Sour IPA),алк. 6.5% / Крафтосос Классик, ж/б 0,45;;Алкогольная продукция>Sabotage Brewery>Sabotage ж>б;6,50;10;;Sour IPA;3001795;;2e4dd9af-1c4a-11f1-9bbb-000c296fac54
Zavod "Dopamine" (DIPA) алк. 7,2% / Дофамин, ж/б  0,45л;37;00-00019745;DOPAMINE (ж/б 0,45л);Zavod Brewery;Товар;;343;4607967291500;кор. 20х0,45л ж/б;360;Dopamine;Dopamine;Zavod "Dopamine" (DIPA) алк. 7,2% / Дофамин, ж/б  0,45л;;Алкогольная продукция>Zavod Brewery>Zavod Brewery ж>б;7,20;95;;DIPA;3636325;;69c3df31-55a6-11f0-9bac-000c296fac54
Zavod "Dopamine" (DIPA) алк. 7,2% / Дофамин, ж/б  0,45л;37;00-00019745;DOPAMINE (ж/б 0,45л);Zavod Brewery;Товар;;343;4630250302041;кор. 20х0,45л ж/б;360;Dopamine;Dopamine;Zavod "Dopamine" (DIPA) алк. 7,2% / Дофамин, ж/б  0,45л;;Алкогольная продукция>Zavod Brewery>Zavod Brewery ж>б;7,20;95;;DIPA;3636325;;69c3df31-55a6-11f0-9bac-000c296fac54
Zavod "Dopamine" (DIPA) алк. 7,2% / Дофамин, ж/б  0,45л;37;00-00019745;DOPAMINE (ж/б 0,45л);Zavod Brewery;Товар;;343;4630250302058;кор. 20х0,45л ж/б;360;Dopamine;Dopamine;Zavod "Dopamine" (DIPA) алк. 7,2% / Дофамин, ж/б  0,45л;;Алкогольная продукция>Zavod Brewery>Zavod Brewery ж>б;7,20;95;;DIPA;3636325;;69c3df31-55a6-11f0-9bac-000c296fac54
Бокал для пива «Селест (Coma)», кор. 12шт., стекло, 0,59л (Россия);36;00-00019763;БОКАЛ СЕЛЕСТ COMA 0,59л.;Coma Brewery;Товар;Бокал для пива «Селест (Coma)», кор. 12шт., стекло, 0,59л, (Россия);301;;Упаковка 12 шт.;0;Бокал Селест Coma;Бокал Селест Coma 0,59л.;Бокал для пива «Селест (Coma)», кор. 12шт., стекло, 0,59л (Россия);Новинка!;Сопутствующие товары>СВОИ>Сувенирные бокалы;;;;;;;29b23b1a-564b-11f0-9bac-000c296fac54
Ортодокс “Балашихинское” (Lager - Pale) алк. 4,5% /ЛАГЕР ЛАЙТ, пэт кег 20л/шт;3;00-00019776;БАЛАШИХИНСКОЕ (пэт кег 20л/шт);ОРТОДОКС;Товар;;0;4670161158542;пэт кег 20л/шт;365;Балашихинское;Балашихинское;Ортодокс “Балашихинское” (Lager - Pale) алк. 4,5% /ЛАГЕР ЛАЙТ, пэт кег 20л/шт;Новинка!;Алкогольная продукция>SVOI (Сергиев Посад)>Ортодокс кег пэт;4,50;;;Lager - Pale;6239141;;9471e939-5678-11f0-9bac-000c296fac54
Леонид Леврана "Старый Изборск" (Sweet Cider) алк. 5,5% / СТАРЫЙ ИЗБОРСК. ЛЕОНИД ЛЕВРАНА, кег 20л;20;00-00019856;СТАРЫЙ ИЗБОРСК (кег 20л);Сидродельня Леонида Леврана;Товар;;448;4603728537153;пэт кег 20л;365;Старый Изборск;Старый Изборск;Леонид Леврана "Старый Изборск" (Sweet Cider) алк. 5,5% / СТАРЫЙ ИЗБОРСК. ЛЕОНИД ЛЕВРАНА, кег 20л;;Алкогольная продукция>Сидродельня Леонида Леврана>Леврана кег;5,50;;;Dry Apple Cider;5949954;;2d8b6450-5b24-11f0-9bae-000c296fac54
Ортодокс “Портер” (Porter) алк. 4,8% / ПОРТЕР 1, пэт кег 20л/шт;28;00-00014566;ПОРТЕР (пэт кег 20л/шт);ОРТОДОКС;Товар;;0;4670161151130;пэт кег 20л/шт;365;Портер;Портер;Ортодокс “Портер” (Porter) алк. 4,8% / ПОРТЕР 1, пэт кег 20л/шт;;Алкогольная продукция>SVOI (Сергиев Посад)>Ортодокс кег пэт;4,80;15;14;Porter;4023223;;58128e86-c196-11ee-816b-000c29bc6f5e
Rewort Brewery & Docker “Hop Shanty” (Imperial IPA) алк. 8,5% / ХОП ШАНТИ, ж/б 0,45л;3346;00-00015203;HOP SHANTY (ж/б 0,45л);Rewort;Товар;;311;4670161155169;кор. 12х0,45л ж/б;365;Hop Shanty;Hop Shanty;Rewort Brewery & Docker “Hop Shanty” (Imperial IPA) алк. 8,5% / ХОП ШАНТИ, ж/б 0,45л;;Алкогольная продукция>SVOI (Сергиев Посад)>Rewort ж>б;8,50;80;20,50;Imperial IPA;5624281;10;e519a8d1-f8ac-11ee-8195-000c29bc6f5e
Rewort Brewery & Docker “Hop Shanty” (Imperial IPA) алк. 8,5% / ХОП ШАНТИ, ж/б 0,45л;3346;00-00015203;HOP SHANTY (ж/б 0,45л);Rewort;Товар;;311;4670161157903;кор. 12х0,45л ж/б;365;Hop Shanty;Hop Shanty;Rewort Brewery & Docker “Hop Shanty” (Imperial IPA) алк. 8,5% / ХОП ШАНТИ, ж/б 0,45л;;Алкогольная продукция>SVOI (Сергиев Посад)>Rewort ж>б;8,50;80;20,50;Imperial IPA;5624281;10;e519a8d1-f8ac-11ee-8195-000c29bc6f5e
Zagovor Brewery "Ore wo nome" (Rice Lager) алк. 5% / Оре во номе, пэт кег 20л;40;00-00015978;ORE WO NOME (пэт кег 20л);Zagovor Brewery;Товар;;403;4670223013338;пэт кег 20л;365;Ore wo nome;Ore wo nome;Zagovor Brewery "Ore wo nome" (Rice Lager) алк. 5% / Оре во номе, пэт кег 20л;;Алкогольная продукция>Zagovor Brewery>Zagovor Brewery кеги;5;15;;Rice Lager;5895557;;9f0d57e7-3ddb-11ef-81ae-000c29bc6f5e
Ostrovica "BITCRUSHER" (American IPA) алк. 6.2% /Островица Эль 136, ж/б 0,45л;73;00-00022763;BITCRUSHER (ж/б 0,45л);Ostrovica Brewery;Товар;;307;4640205263631;кор. 20х0,45л ж/б;360;BITCRUSHER;BITCRUSHER;Ostrovica "BITCRUSHER" (American IPA) алк. 6.2% /Островица Эль 136, ж/б 0,45л;;Алкогольная продукция>Ostrovica (Аша)>Ostrovica ж>б;6,20;;;IPA - American;6743312;;71f33347-745f-11f1-9bbe-000c296fac54
Ostrovica "BITCRUSHER" (American IPA) алк. 6.2% /Островица Эль 136, ж/б 0,45л;73;00-00022763;BITCRUSHER (ж/б 0,45л);Ostrovica Brewery;Товар;;307;4640205267370;кор. 20х0,45л ж/б;360;BITCRUSHER;BITCRUSHER;Ostrovica "BITCRUSHER" (American IPA) алк. 6.2% /Островица Эль 136, ж/б 0,45л;;Алкогольная продукция>Ostrovica (Аша)>Ostrovica ж>б;6,20;;;IPA - American;6743312;;71f33347-745f-11f1-9bbe-000c296fac54
Salden's "“Multifruit” Wheat Ale" (Wheat Beer) алк, 5% / Молочный Кислый Эль Мультифрукт, ж/б 0,45л;23;00-00022780;"MULTIFRUIT" WHEAT ALE (ж/б 0,45л);Salden's;Товар;;285;4620085785164;кор. 20х0,45л ж/б;180;“Multifruit” Wheat Ale;“Multifruit” Wheat Ale;Salden's "“Multifruit” Wheat Ale" (Wheat Beer) алк, 5% / Молочный Кислый Эль Мультифрукт, ж/б 0,45л;;Алкогольная продукция>Saldens>Salden's ж>б;5;15;;Wheat Beer;6769388;;7c0947fd-751a-11f1-9bbe-000c296fac54
Red Button "WHITE ICE TEA" (Sweet Peone)  / Белый Чай, ж/б 0,33л;10;00-00022789;WHITE ICE TEA (ж/б 0,33л);Red Button;Товар;;206;4670190941320;кор. 20х0,33л ж/б;360;WHITE ICE TEA;WHITE ICE TEA;Red Button "WHITE ICE TEA" (Sweet Peone)  / Белый Чай, ж/б 0,33л;;Алкогольная продукция>Red Button>Red Button чаи;;;;Tea;;;1b4d5bbf-7553-11f1-9bbe-000c296fac54
Zavod "LIPA - X" (IPA - Session) алк. 4.2% /Сешн Ипа 1, жб 0,45л;52;00-00022800;LIPA - X (жб 0,45л);Zavod Brewery;Товар;;317;4607967292965;кор. 20х0,45л ж/б;360;LIPA - X;LIPA - X;Zavod "LIPA - X" (IPA - Session) алк. 4.2% /Сешн Ипа 1, жб 0,45л;;Алкогольная продукция>Zavod Brewery>Zavod Brewery ж>б;4,20;11;;Session IPA;6766637;;64fc2d88-76d0-11f1-9bc0-000c296fac54
Big Village "Village Kolsch" (German Kolsch) алк. 5,5% / Вилладж Кёльш, ж/б 0,45л;10;00-00021715;VILLAGE KOLSCH (ж/б 0,45л);Big Village;Товар;;246;4609642279308;кор. 12х0,45л ж/б;240;Village Kolsch;Village Kolsch;Big Village "Village Kolsch" (German Kolsch) алк. 5,5% / Вилладж Кёльш, ж/б 0,45л;;Алкогольная продукция>Big Village>Big Village ж>б;5,50;20;;K?lsch;3669313;;3dfc4748-0714-11f1-9bba-000c296fac54
Big Village "Village Kolsch" (German Kolsch) алк. 5,5% / Вилладж Кёльш, ж/б 0,45л;10;00-00021715;VILLAGE KOLSCH (ж/б 0,45л);Big Village;Товар;;246;4609642279315;кор. 12х0,45л ж/б;240;Village Kolsch;Village Kolsch;Big Village "Village Kolsch" (German Kolsch) алк. 5,5% / Вилладж Кёльш, ж/б 0,45л;;Алкогольная продукция>Big Village>Big Village ж>б;5,50;20;;K?lsch;3669313;;3dfc4748-0714-11f1-9bba-000c296fac54
Zavod "Overcompressed" (New England DIPA) алк. 7.4% / Дипашка 2, ж/б  0,45л;16;00-00021747;OVERCOMPRESSED (ж/б  0,45л);Zavod Brewery;Товар;;369;4607967292514;кор. 20х0,45л ж/б;360;Overcompressed;Overcompressed;Zavod "Overcompressed" (New England DIPA) алк. 7.4% / Дипашка 2, ж/б  0,45л;;Алкогольная продукция>Zavod Brewery>Zavod Brewery ж>б;7,40;60;;New England DIPA;6589020;;b056a7be-0c94-11f1-9bba-000c296fac54
Stamm Brewing "Kiwi Tree" (Lager) алк 5,5% / Хоппи лагер 6, ж/б 0,45л;12;00-00021782;KIWI TREE (ж/б 0,45л);Stamm Brewing;Товар;;285;4610297653504;кор. 12х0,45л ж/б;365;Kiwi Tree;Kiwi Tree;Stamm Brewing "Kiwi Tree" (Lager) алк 5,5% / Хоппи лагер 6, ж/б 0,45л;;Алкогольная продукция>Stamm Brewing>Stamm Brewing ж>б, бут;5,50;;;Lager;6591590;;52c27341-1168-11f1-9bba-000c296fac54
Stamm Brewing "Kiwi Tree" (Lager) алк 5,5% / Хоппи лагер 6, ж/б 0,45л;12;00-00021782;KIWI TREE (ж/б 0,45л);Stamm Brewing;Товар;;285;4610297653665;кор. 12х0,45л ж/б;365;Kiwi Tree;Kiwi Tree;Stamm Brewing "Kiwi Tree" (Lager) алк 5,5% / Хоппи лагер 6, ж/б 0,45л;;Алкогольная продукция>Stamm Brewing>Stamm Brewing ж>б, бут;5,50;;;Lager;6591590;;52c27341-1168-11f1-9bba-000c296fac54
GANZA Brewery "Ascension" (New England Hazy IPA) алк.6% / Ганза неипа 31, ж/б 0,45 л;37;00-00021802;ASCENSION (ж/б 0,45);GANZA Brewery;Товар;;375;4670163075885;кор. 12х0,45л ж/б;360;Ascension;Ascension;GANZA Brewery "Ascension" (New England Hazy IPA) алк.6% / Ганза неипа 31, ж/б 0,45 л;;Алкогольная продукция>GANZA Brewery>GANZA Brewery ж>б;6;30;;New England Hazy IPA;6584040;;46549a91-121a-11f1-9bba-000c296fac54
HopHead "Обед мясника Джо" (Tomato Gose) алк. 6% / Хопхэд гозе "Обед мясника Джо", ж/б 0,45л;9;00-00019923;ОБЕД МЯСНИКА ДЖО (ж/б 0,45л);HopHead;Товар;;361;4620402490641;кор. 20х0,45л ж/б;360;Обед мясника Джо;Обед мясника Джо;HopHead "Обед мясника Джо" (Tomato Gose) алк. 6% / Хопхэд гозе "Обед мясника Джо", ж/б 0,45л;Новинка!;Алкогольная продукция>HopHead>HopHead ж>б;6;1;;Tomato Gose;6271383;;3b49b7fe-5d82-11f0-9baf-000c296fac54
Rewort & Overdose Brewery "Pomodoro Gose" (Tomato Gose), алк. 5% / ТОМАТ 1 , ж/б 0,45л;108;00-00019999;POMODORO GOSE (ж/б 0,45л);Rewort;Товар;;275;4670161154315;кор. 12х0,45л ж/б;365;Pomodoro Gose;Pomodoro Gose;Rewort & Overdose Brewery "Pomodoro Gose" (Tomato Gose), алк. 5% / ТОМАТ 1 , ж/б 0,45л;Новинка!;Алкогольная продукция>SVOI (Сергиев Посад)>Rewort ж>б;5;;;Tomato Sour Gose;6315599;;218119f3-6308-11f0-9baf-000c296fac54
Rewort & Overdose Brewery "Pomodoro Gose" (Tomato Gose), алк. 5% / ТОМАТ 1 , ж/б 0,45л;108;00-00019999;POMODORO GOSE (ж/б 0,45л);Rewort;Товар;;275;4670161158658;кор. 12х0,45л ж/б;365;Pomodoro Gose;Pomodoro Gose;Rewort & Overdose Brewery "Pomodoro Gose" (Tomato Gose), алк. 5% / ТОМАТ 1 , ж/б 0,45л;Новинка!;Алкогольная продукция>SVOI (Сергиев Посад)>Rewort ж>б;5;;;Tomato Sour Gose;6315599;;218119f3-6308-11f0-9baf-000c296fac54
Magic Mess "Хмельная среда" (AIPA) алк. 6,5% / Мэджик Месс Хмельная Среда, ж/б 0,45л;68;00-00020026;ХМЕЛЬНАЯ СРЕДА (ж/б 0,45л);Magic Mess;Товар;;317;4660508890617;кор. 12х0,45л ж/б;365;Хмельная среда;Хмельная среда;Magic Mess "Хмельная среда" (AIPA) алк. 6,5% / Мэджик Месс Хмельная Среда, ж/б 0,45л;;Алкогольная продукция>Magic Mess>Magic Mess ж>б;6,50;;;American IPA;6170888;;a680fe5d-66cc-11f0-9baf-000c296fac54
Ортодокс “Загорское” (Lager) алк. 4,5% / ЗАГОРСКОЕ , пэт кег 20л/шт;38;00-00020058;ЗАГОРСКОЕ (пэт кег 20л/шт);ОРТОДОКС;Товар;;0;4670161157491;пэт кег 20л/шт;365;Загорское;Загорское;Ортодокс “Загорское” (Lager) алк. 4,5% / ЗАГОРСКОЕ , пэт кег 20л/шт;;Алкогольная продукция>SVOI (Сергиев Посад)>Ортодокс кег пэт;4,50;37;12;Lager;3263244;;534302ef-67af-11f0-9baf-000c296fac54
MeadNight "Мёд шиповник и рябина | Ме?дъ.." (Mead) алк.6%/МН Мёд с шиповником и рябиной,пэт кег 20л;60;00-00016988;МЁД ШИПОВНИК И РЯБИНА (пэт кег 20л);MeadNight;Товар;;380;4627130346080;пэт кег 20л;360;Мёд шиповник и рябина | Ме?дъ съ шиповникомъ ї? р?биной;Мёд шиповник и рябина | Ме?дъ съ шиповникомъ ї? р?биной;MeadNight "Мёд шиповник и рябина | Ме?дъ.." (Mead) алк.6%/МН Мёд с шиповником и рябиной,пэт кег 20л;;Алкогольная продукция>MeadNight>MeadNight кег;6;;;Mead;5952416;;088fae9f-8c51-11ef-8210-000c29bc6f5e
Gravity Project "Cold And Mulled" (Mead) алк. 6% /Сайдер со специями - Зимний, бут. 0,5л;74;00-00017248;COLD AND MULLED (бут. 0,5л);Gravity Project;Товар;;342;4603791714734;кор. 20х0,5л ст. бут.;365;Cold And Mulled;Cold And Mulled;Gravity Project "Cold And Mulled" (Mead) алк. 6% /Сайдер со специями - Зимний, бут. 0,5л;;Алкогольная продукция>Gravity Project>Gravity Project стекло;6;;;Mead;3567904;;466d0f2b-a250-11ef-8210-000c29bc6f5e
Rewort Brewery “Проблема Космологической Постоянной”(Stout)алк.11%/ПРОБЛЕМА КОСМО.ПОСТОЯН.,ж/б 0,33л;225;00-00017709;ПРОБЛЕМА КОСМОЛОГИЧЕСКОЙ ПОСТОЯННОЙ (ж/б 0,33л);Rewort;Товар;;285;4670161156173;кор. 12х0,33л ж/б;1100;Проблема Космологической Постоянной;Проблема Космологической Постоянной;Rewort Brewery “Проблема Космологической Постоянной”(Stout)алк.11%/ПРОБЛЕМА КОСМО.ПОСТОЯН.,ж/б 0,33л;;Алкогольная продукция>SVOI (Сергиев Посад)>Rewort ж>б;11;50;30;Whiskey Barrel Aged Pastry Imperial Stout;6071578;75;bf828725-c29a-11ef-8216-000c29bc6f5e
Magic Mess "ран" (N-A Fruit Beer) алк.0.5% / Мэджик Месс Соур б/а версия 1, ж/б 0,33л;17;00-00022811;РАН (ж/б 0,33л);Magic Mess;Товар;;259;4660508892949;кор. 20х0,33л ж/б;365;ран;ран;Magic Mess "ран" (N-A Fruit Beer) алк.0.5% / Мэджик Месс Соур б/а версия 1, ж/б 0,33л;;Алкогольная продукция>Magic Mess>Magic Mess б>а;0,50;;;Non-Alcoholic - Fruit Beer;6726306;;cab5de2a-79ca-11f1-9bc1-000c296fac54
White Stone "Один в один" (Sour - Fruited) алк. 6% / ВС Фруктовый Саур 9, жб 0,45;85;00-00022838;ОДИН В ОДИН (жб 0,45);White Stone;Товар;;327;4640229753316;кор. 12х0,45л ж/б;365;Один в один;Один в один;White Stone "Один в один" (Sour - Fruited) алк. 6% / ВС Фруктовый Саур 9, жб 0,45;Новинка!;Алкогольная продукция>White Stonе>White Stonе ж>б;6;7;;Sour - Fruited;6756080;;3b61dabe-7abf-11f1-9bc1-000c296fac54
White Stone "Один в один" (Sour - Fruited) алк. 6% / ВС Фруктовый Саур 9, жб 0,45;85;00-00022838;ОДИН В ОДИН (жб 0,45);White Stone;Товар;;327;4640229753323;кор. 12х0,45л ж/б;365;Один в один;Один в один;White Stone "Один в один" (Sour - Fruited) алк. 6% / ВС Фруктовый Саур 9, жб 0,45;Новинка!;Алкогольная продукция>White Stonе>White Stonе ж>б;6;7;;Sour - Fruited;6756080;;3b61dabe-7abf-11f1-9bc1-000c296fac54
Plan B "Carried Away (Blueberry,Black Currant,Bergamot)" (Sour Ale) алк.5,5%/ Керид Авэи, ж/б 0,45л;24;00-00022853;CARRIED AWAY (BLUEBER,CURRANT,BERGAMOT)(ж/б 0,45л);Plan B;Товар;;322;4650139081706;кор. 12х0,45л ж/б;360;Carried Away(Blueberry,Black Currant,Bergamot);Carried Away (Blueberry,Black Currant,Bergamot);Plan B "Carried Away (Blueberry,Black Currant,Bergamot)" (Sour Ale) алк.5,5%/ Керид Авэи, ж/б 0,45л;Новинка!;Алкогольная продукция>Plan B Brewery>Plan B ж>б;5,50;;;Sour - Fruited;6773463;;a0d2b88a-7b97-11f1-9bc1-000c296fac54
Selfmade "Pineapple Monster Shake" (Milkshake IPA) алк. 6,5% / СБ Хэйзи 1, ж/б 0,45л;8;00-00022880;PINEAPPLE MONSTER SHAKE (ж/б 0,45л);Selfmade;Товар;;374;4640235994932;кор. 12х0,45л ж/б;363;Pineapple Monster Shake;Pineapple Monster Shake;Selfmade "Pineapple Monster Shake" (Milkshake IPA) алк. 6,5% / СБ Хэйзи 1, ж/б 0,45л;;Алкогольная продукция>Selfmade>Selfmade ж>б;6,50;40;;Milkshake IPA;6774530;;7ccfb3a8-8040-11f1-9bc3-000c296fac54
4 Brewers "Ничего лишнего" (Imperial Stout) алк. 11,5% /Российский имперский стаут 1, ж/б 0,33л;12;00-00022706;НИЧЕГО ЛИШНЕГО (ж/б 0,33л);4 Brewers;Товар;;285;4680820156895;кор. 06х0,33л ж/б;365;Ничего лишнего;Ничего лишнего;4 Brewers "Ничего лишнего" (Imperial Stout) алк. 11,5% /Российский имперский стаут 1, ж/б 0,33л;;Алкогольная продукция>4 Brewers>4 Brewers ж>б;11,50;;;Imperial Stout;5792542;;2729461a-6fbd-11f1-9bbe-000c296fac54
4 Brewers "Ничего лишнего" (Imperial Stout) алк. 11,5% /Российский имперский стаут 1, ж/б 0,33л;12;00-00022706;НИЧЕГО ЛИШНЕГО (ж/б 0,33л);4 Brewers;Товар;;285;4680820156949;кор. 06х0,33л ж/б;365;Ничего лишнего;Ничего лишнего;4 Brewers "Ничего лишнего" (Imperial Stout) алк. 11,5% /Российский имперский стаут 1, ж/б 0,33л;;Алкогольная продукция>4 Brewers>4 Brewers ж>б;11,50;;;Imperial Stout;5792542;;2729461a-6fbd-11f1-9bbe-000c296fac54
Big Pot "Каприз" (Smoothie) алк. 7% / БИГПОТ СМУЗИ 20, ж/б 0,45л;63;00-00022721;КАПРИЗ (ж/б 0,45л);Big Pot;Товар;;369;4620402497114;кор. 12х0,45л ж/б;360;Каприз;Каприз;Big Pot "Каприз" (Smoothie) алк. 7% / БИГПОТ СМУЗИ 20, ж/б 0,45л;Новинка!;Алкогольная продукция>Big Pot>Big Pot ж>б;7;;;Smoothie;6764183;;1b0dfcc3-6fc6-11f1-9bbe-000c296fac54
Big Pot "Шарик ( Желтый )" (Smoothie) алк. 6,5% / БИГПОТ СМУЗИ 19, пэт кег 20л;40;00-00022738;ШАРИК ( ЖЕЛТЫЙ ) (пэт кег 20л);Big Pot;Товар;;542;4620402497480;пэт кег 20л;360;Шарик ( Жёлтый );Шарик ( Жёлтый );Big Pot "Шарик ( Желтый )" (Smoothie) алк. 6,5% / БИГПОТ СМУЗИ 19, пэт кег 20л;Новинка!;Алкогольная продукция>Big Pot>Big Pot кеги;6,50;;;Smoothie;6754568;;415db5d1-6fca-11f1-9bbe-000c296fac54
Stamm Brewing "Fern Glass" (New Zealand IPA)  алк 7% / ИПА 2 / IPA 2, ж/б 0,45л;41;00-00022761;FERN GLASS (ж/б 0,45л);Stamm Brewing;Товар;;322;4610297651043;кор. 12х0,45л ж/б;365;Fern Glass;Fern Glass;Stamm Brewing "Fern Glass" (New Zealand IPA)  алк 7% / ИПА 2 / IPA 2, ж/б 0,45л;Новинка!;Алкогольная продукция>Stamm Brewing>Stamm Brewing ж>б, бут;7;;;New Zealand IPA;6755982;;9c7a5123-73c7-11f1-9bbe-000c296fac54
Stamm Brewing "Fern Glass" (New Zealand IPA)  алк 7% / ИПА 2 / IPA 2, ж/б 0,45л;41;00-00022761;FERN GLASS (ж/б 0,45л);Stamm Brewing;Товар;;322;4610297653405;кор. 12х0,45л ж/б;365;Fern Glass;Fern Glass;Stamm Brewing "Fern Glass" (New Zealand IPA)  алк 7% / ИПА 2 / IPA 2, ж/б 0,45л;Новинка!;Алкогольная продукция>Stamm Brewing>Stamm Brewing ж>б, бут;7;;;New Zealand IPA;6755982;;9c7a5123-73c7-11f1-9bbe-000c296fac54
Blur Meadery “Классическая серия: Мёд с вишней“ (Mead) алк. 5,0% / БЛЮР 6, пэт кег 20л/шт;13;00-00021912;МЁД С ВИШНЕЙ (пэт кег 20л/шт);BLUR;Товар;;0;4630522441737;пэт кег 20л/шт;365;Классическая серия: Мёд с вишней;Классическая серия: Мёд с вишней;Blur Meadery “Классическая серия: Мёд с вишней“ (Mead) алк. 5,0% / БЛЮР 6, пэт кег 20л/шт;;Алкогольная продукция>SVOI (Сергиев Посад)>Blur Meadery кег пэт;5;;;Mead;6576233;;d9b0fca1-1d42-11f1-9bbb-000c296fac54
Rewort Brewery & BorMAN BREW "Regatta" (Traditional Gose) алк. 5,5% / РЕГАТТА, ж/б 0,45л;490;00-00021941;REGATTA (ж/б 0,45л);Rewort;Товар;;264;4670161154667;кор. 12х0,45л ж/б;365;Regatta;Regatta;Rewort Brewery & BorMAN BREW "Regatta" (Traditional Gose) алк. 5,5% / РЕГАТТА, ж/б 0,45л;;Алкогольная продукция>SVOI (Сергиев Посад)>Rewort ж>б;5,50;5;14,50;Gose;4682876;10;aeb43971-2291-11f1-9bbc-000c296fac54
Rewort Brewery & BorMAN BREW "Regatta" (Traditional Gose) алк. 5,5% / РЕГАТТА, ж/б 0,45л;490;00-00021941;REGATTA (ж/б 0,45л);Rewort;Товар;;264;4670161155367;кор. 12х0,45л ж/б;365;Regatta;Regatta;Rewort Brewery & BorMAN BREW "Regatta" (Traditional Gose) алк. 5,5% / РЕГАТТА, ж/б 0,45л;;Алкогольная продукция>SVOI (Сергиев Посад)>Rewort ж>б;5,50;5;14,50;Gose;4682876;10;aeb43971-2291-11f1-9bbc-000c296fac54
Red Rocket "Weizen" (Hefeweizen), алк. 4,5% / РЕД РОКЕТ ВАЙЦЕН, пэт кег 30л/шт;1;00-00021975;WEIZEN (пэт кег 30л/шт);Red Rocket;Товар;;7331;4640229932308;пэт кег 30л/шт;180;Weizen;Weizen;Red Rocket "Weizen" (Hefeweizen), алк. 4,5% / РЕД РОКЕТ ВАЙЦЕН, пэт кег 30л/шт;;Алкогольная продукция>Red Rocket Brewery>Red Rocket кег;4,50;;;Hefeweizen;4800623;;06d54e4f-2434-11f1-9bbc-000c296fac54
HopHead "Маракуйя Дипа" (Imperial IPA) алк. 8,0% / Хопхэд дабл ипа "Маракуйя", ж/б 0,45л;21;00-00020063;МАРАКУЙЯ DIPA (ж/б 0,45л);HopHead;Товар;;319;4620402490504;кор. 20х0,45л ж/б;360;Маракуйя Дипа;Маракуйя Дипа;HopHead "Маракуйя Дипа" (Imperial IPA) алк. 8,0% / Хопхэд дабл ипа "Маракуйя", ж/б 0,45л;;Алкогольная продукция>HopHead>HopHead ж>б;8;70;;DIPA;1221912;;76bec1b5-67b7-11f0-9baf-000c296fac54
Lapochka  "Яблочный Шорли" (Shorle) / Шорли Яблоко, ж/б.0,33л;99;00-00020233;ЯБЛОЧНЫЙ ШОРЛИ (ж/б 0,33л);Lapochka;Товар;;201;4640205266007;кор. 20х0,33л ж/б;360;Яблочный Шорли;Яблочный Шорли;Lapochka  "Яблочный Шорли" (Shorle) / Шорли Яблоко, ж/б.0,33л;;Алкогольная продукция>Ostrovica (Аша)>Lapochka;;;;Shorle;;;d64bb2c1-76a7-11f0-9bb0-000c296fac54
Lapochka  "Яблочный Шорли" (Shorle) / Шорли Яблоко, ж/б.0,33л;99;00-00020233;ЯБЛОЧНЫЙ ШОРЛИ (ж/б 0,33л);Lapochka;Товар;;201;4640205266212;кор. 20х0,33л ж/б;360;Яблочный Шорли;Яблочный Шорли;Lapochka  "Яблочный Шорли" (Shorle) / Шорли Яблоко, ж/б.0,33л;;Алкогольная продукция>Ostrovica (Аша)>Lapochka;;;;Shorle;;;d64bb2c1-76a7-11f0-9bb0-000c296fac54
Brewlok "Черничный Горыныч" (Fruited Sour) алк. 5,5% / Нью 32, ж/б 0,45л;24;00-00020326;ЧЕРНИЧНЫЙ ГОРЫНЫЧ (ж/б 0,45л);Brewlok;Товар;;327;4640437580599;кор. 12х0,45л ж/б;366;Черничный Горыныч;Черничный Горыныч;Brewlok "Черничный Горыныч" (Fruited Sour) алк. 5,5% / Нью 32, ж/б 0,45л;;Алкогольная продукция>Brewlok (Воронеж)>Brewlok ж>б;5,50;;;Sour Ale;6369304;;6788ebe6-7902-11f0-9bb0-000c296fac54
Big Village "Village Blanche" (Wheat Beer) алк. 5% / Вилладж Бланш, кег 30л;60;00-00020356;VILLAGE BLANCHE (кег 30л);Big Village;Товар;;344;4609642279568;пэт кег 30л;240;Village Blanche;Village Blanche;Big Village "Village Blanche" (Wheat Beer) алк. 5% / Вилладж Бланш, кег 30л;;Алкогольная продукция>Big Village>Big Village кег;5;15;;Wheat Beer;4829131;;b2f35e14-7c0f-11f0-9bb0-000c296fac54
Selfmade "BFG" (DIPA) алк. 8% / СБ БФГ, ж/б 0,45л;90;00-00017721;BFG (ж/б 0,45л);Selfmade;Товар;Sour - Fruited;324;4640235994116;кор. 12х0,45л ж/б;363;BFG;BFG;Selfmade "BFG" (DIPA) алк. 8% / СБ БФГ, ж/б 0,45л;;Алкогольная продукция>Selfmade>Selfmade ж>б;8;75;;DIPA;1949932;;a41e086e-c2c7-11ef-8216-000c29bc6f5e
Ostrovica "American Pale Ale" (American Pale Ale) алк. 5.5% / Островица Пэйл Эль, пэт кег 20л;100;00-00017839;AMERICAN PALE ALE (пэт кег 20л);Ostrovica Brewery;Товар;;402;4640205264911;пэт кег 20л;180;American Pale Ale;American Pale Ale;Ostrovica "American Pale Ale" (American Pale Ale) алк. 5.5% / Островица Пэйл Эль, пэт кег 20л;;Алкогольная продукция>Ostrovica (Аша)>Ostrovica кег;5,50;;14;Pale Ale;3799694;;798f8da7-d30e-11ef-821a-000c29bc6f5e
Ostrovica "Helles" (Lager - Helles)  алк. 4,5% / Островица Хеллес, ж/б.0,45;84;00-00017923;HELLES (ж/б 0,45л);Ostrovica Brewery;Товар;;256;4640205261798;кор. 12х0,45л ж/б;360;Helles;Helles;Ostrovica "Helles" (Lager - Helles)  алк. 4,5% / Островица Хеллес, ж/б.0,45;;Алкогольная продукция>Ostrovica (Аша)>Ostrovica ж>б;4,50;;;Helles;5275645;;8ec41ce2-da4f-11ef-821f-000c29bc6f5e
Ostrovica "Helles" (Lager - Helles)  алк. 4,5% / Островица Хеллес, ж/б.0,45;84;00-00017923;HELLES (ж/б 0,45л);Ostrovica Brewery;Товар;;256;4640205264461;кор. 12х0,45л ж/б;360;Helles;Helles;Ostrovica "Helles" (Lager - Helles)  алк. 4,5% / Островица Хеллес, ж/б.0,45;;Алкогольная продукция>Ostrovica (Аша)>Ostrovica ж>б;4,50;;;Helles;5275645;;8ec41ce2-da4f-11ef-821f-000c29bc6f5e
Selfmade "Mako APA" (American Pale Ale) алк. 5,3% / СБ Мако, пэт кег 20л/шт;6;00-00018002;MAKO APA (пэт кег 20л/шт);Selfmade;Товар;;6900;4640235991498;пэт кег 20л/шт;240;Mako APA;Mako APA;Selfmade "Mako APA" (American Pale Ale) алк. 5,3% / СБ Мако, пэт кег 20л/шт;;Алкогольная продукция>Selfmade>Selfmade кег;5,30;40;;American Pale Ale;2754015;;df4e32da-de1e-11ef-8221-000c29bc6f5e
4 Brewers "Страна лентяев 2026 [Old Barrels]" (Braggot) алк. 14.5% / Страна Лентяев 2, бут 0,33л;27;00-00022886;СТРАНА ЛЕНТЯЕВ 2026 [OLD BARRELS] (бут 0,33л);4 Brewers;Товар;;779;4680820157588;кор. 12х0,33л ст. бут.;720;Страна лентяев 2026 [Old Barrels];Страна лентяев 2026 [Old Barrels];4 Brewers "Страна лентяев 2026 [Old Barrels]" (Braggot) алк. 14.5% / Страна Лентяев 2, бут 0,33л;;Алкогольная продукция>4 Brewers>4 Brewers ж>б;14,50;29;;Braggot;6789944;;d4249665-8047-11f1-9bc3-000c296fac54
4 Brewers "Страна лентяев 2026 [Old Barrels]" (Braggot) алк. 14.5% / Страна Лентяев 2, бут 0,33л;27;00-00022886;СТРАНА ЛЕНТЯЕВ 2026 [OLD BARRELS] (бут 0,33л);4 Brewers;Товар;;779;4680820157625;кор. 12х0,33л ст. бут.;720;Страна лентяев 2026 [Old Barrels];Страна лентяев 2026 [Old Barrels];4 Brewers "Страна лентяев 2026 [Old Barrels]" (Braggot) алк. 14.5% / Страна Лентяев 2, бут 0,33л;;Алкогольная продукция>4 Brewers>4 Brewers ж>б;14,50;29;;Braggot;6789944;;d4249665-8047-11f1-9bc3-000c296fac54
Заповедник "Заповедный Мёд с дыней" (Mead - Melomel) алк. 5.4% / Заповедный мёд 2, бут. 0,33л;44;00-00022919;ЗАПОВЕДНЫЙ МЁД С ДЫНЕЙ (бут. 0,33л);Заповедник;Товар;;296;4630442770146;кор. 20х0,33л ст. бут.;365;Заповедный Мёд с дыней;Заповедный Мёд с дыней;Заповедник "Заповедный Мёд с дыней" (Mead - Melomel) алк. 5.4% / Заповедный мёд 2, бут. 0,33л;;Алкогольная продукция>Заповедник>Заповедник бут;5,40;;;Mead - Melomel;6763882;;b64d27b6-80f0-11f1-9bc3-000c296fac54
Леонид Леврана "Розе" (Cider - Ros?) алк. 6% /Розе, бут. 0,33л;47;00-00022945;РОЗЕ (бут. 0,33л);Сидродельня Леонида Леврана;Товар;;301;4603728537894;кор. 12х0,33л ст. бут.;720;Розе;Розе;Леонид Леврана "Розе" (Cider - Ros?) алк. 6% /Розе, бут. 0,33л;;Алкогольная продукция>Сидродельня Леонида Леврана>Леврана бут;6;;;Rose Cider;6551443;;da333fb1-840a-11f1-9bc3-000c296fac54
Big Pot "Lemon Meringue Pie 2026" (Smoothie Sour Ale) алк.6,5% / БИГПОТ СМУЗИ 40 ж/б 0,45л;89;00-00022960;LEMON MERINGUE PIE 2026 (ж/б 0,45л);Big Pot;Товар;;364;4620402495363;кор. 12х0,45л ж/б;360;Lemon Meringue Pie 2026;Lemon Meringue Pie 2026;Big Pot "Lemon Meringue Pie 2026" (Smoothie Sour Ale) алк.6,5% / БИГПОТ СМУЗИ 40 ж/б 0,45л;;Алкогольная продукция>Big Pot>Big Pot ж>б;6,50;;;Smoothie Sour Ale;6597420;;d6fe1c7e-850a-11f1-9bc3-000c296fac54
Ортодокс “Минский Пилс” (Pilsner) алк. 4,5% / МИНСКИЙ ПИЛС, пэт кег 20л/шт;6;00-00021995;МИНСКИЙ ПИЛС (пэт кег 20л/шт);ОРТОДОКС;Товар;;0;4670161157576;пэт кег 20л/шт;365;Минский Пилс;Минский Пилс;Ортодокс “Минский Пилс” (Pilsner) алк. 4,5% / МИНСКИЙ ПИЛС, пэт кег 20л/шт;;Алкогольная продукция>SVOI (Сергиев Посад)>Ортодокс кег пэт;4,50;;11,50;Pilsner;5945589;;3683f452-2457-11f1-9bbc-000c296fac54
Big Pot "GOSE" (Gose) алк.7%/ БИГПОТ ГОЗЕ 1, ж/б 0,45л;79;00-00022030;GOSE (ж/б 0,45л);Big Pot;Товар;;306;4620402494847;кор. 12х0,45л ж/б;360;GOSE;GOSE;Big Pot "GOSE" (Gose) алк.7%/ БИГПОТ ГОЗЕ 1, ж/б 0,45л;;Алкогольная продукция>Big Pot>Big Pot ж>б;7;;;Traditional Gose;6645763;;57eba566-29ab-11f1-9bbc-000c296fac54
1,5 л бцв. 28 гр ПЭТ бутылка (упаковка 50 шт) НАКРУЧЕННЫЙ КОЛП;2000;00-00022077;1,5 л бцв. 28 гр ПЭТ бутылка (упаковка 50 шт) НАКР;ПБ;Товар;1,5 л бцв. 28 гр ПЭТ бутылка (упаковка 50 шт) НАКРУЧЕННЫЙ КОЛП;0;;;0;1,5 л бцв. 28 гр ПЭТ бутылка (упаковка 50 шт) НАКРУЧЕННЫЙ КОЛП;1,5 л бцв. 28 гр ПЭТ бутылка (упаковка 50 шт) НАКРУЧЕННЫЙ КОЛП;1,5 л бцв. 28 гр ПЭТ бутылка (упаковка 50 шт) НАКРУЧЕННЫЙ КОЛП;;Сопутствующие товары>ПЭТ ТАРА ПАКЕТЫ>ПЭТ;;;;;;;1d0b6c9a-2e70-11f1-9bbc-000c296fac54
Brewlok "Донская русалка" (Stout) алк. 6% /Нью 45, ж/б 0,45л;32;00-00022104;ДОНСКАЯ РУСАЛКА (ж/б 0,45л);Brewlok;Товар;;351;4640437582807;кор. 12х0,45л ж/б;366;Донская русалка;Донская русалка;Brewlok "Донская русалка" (Stout) алк. 6% /Нью 45, ж/б 0,45л;;Алкогольная продукция>Brewlok (Воронеж)>Brewlok ж>б;6;;;Smoothie Sour Ale;6649369;;def79dc2-33de-11f1-9bbc-000c296fac54
Rewort Brewery "John D." (Double IPA) алк. 8,6% / ДЖОННИ Д, ж/б 0,45л;632;00-00020401;JOHN D. (ж/б 0,45л);Rewort;Товар;;296;4670161154513;кор. 12х0,45л ж/б;365;John D.;John D.;Rewort Brewery "John D." (Double IPA) алк. 8,6% / ДЖОННИ Д, ж/б 0,45л;;Алкогольная продукция>SVOI (Сергиев Посад)>Rewort ж>б;8,60;55;20;Double IPA;5051568;;26cce6aa-7e91-11f0-9bb0-000c296fac54
Rewort Brewery "John D." (Double IPA) алк. 8,6% / ДЖОННИ Д, ж/б 0,45л;632;00-00020401;JOHN D. (ж/б 0,45л);Rewort;Товар;;296;4670161155190;кор. 12х0,45л ж/б;365;John D.;John D.;Rewort Brewery "John D." (Double IPA) алк. 8,6% / ДЖОННИ Д, ж/б 0,45л;;Алкогольная продукция>SVOI (Сергиев Посад)>Rewort ж>б;8,60;55;20;Double IPA;5051568;;26cce6aa-7e91-11f0-9bb0-000c296fac54
Rewort Brewery “Yellow & Green” (New England Double IPA) алк. 8.1% / ЙЕЛЛОУ ЭНД ГРИН, ж/б 0,45л;755;00-00020452;YELLOW & GREEN (ж/б 0,45л);Rewort;Товар;;338;4670161157118;кор. 12х0,45л ж/б;365;Yellow & Green;Yellow & Green;Rewort Brewery “Yellow & Green” (New England Double IPA) алк. 8.1% / ЙЕЛЛОУ ЭНД ГРИН, ж/б 0,45л;;Алкогольная продукция>SVOI (Сергиев Посад)>Rewort ж>б;8,10;30;19;New England Double IPA;5696383;8;aa1beb13-8351-11f0-9bb0-000c296fac54
DIETA "В Собственном Соку: Вишня" (Fruit Beer) алк.7%/Диета эль "Вишня в собственном соку,ж/б 0,45л;120;00-00020523;В СОБСТВЕННОМ СОКУ: ВИШНЯ (ж/б 0,45л);DIETA;Товар;;345;4620402491556;кор. 20х0,45л ж/б;360;В Собственном Соку: Вишня;В Собственном Соку: Вишня;DIETA "В Собственном Соку: Вишня" (Fruit Beer) алк.7%/Диета эль "Вишня в собственном соку,ж/б 0,45л;;Алкогольная продукция>DIETA>DIETA  ж>б;7;;;Fruit Beer;5423610;;dde1d843-8972-11f0-9bb0-000c296fac54
Ортодокс “Пересвет” (Pilsner) алк. 5% / ПЕРЕСВЕТ, пэт кег 20л/шт;25;00-00020559;ПЕРЕСВЕТ (пэт кег 20л/шт);ОРТОДОКС;Товар;;0;4670161157552;пэт кег 20л/шт;365;Пересвет;Пересвет;Ортодокс “Пересвет” (Pilsner) алк. 5% / ПЕРЕСВЕТ, пэт кег 20л/шт;;Алкогольная продукция>SVOI (Сергиев Посад)>Ортодокс кег пэт;5;;13;Pilsner;5681726;;0ec0a949-8cbc-11f0-9bb0-000c296fac54
4 Brewers "Kiss My Soul" (New England Double IPA) алк. 7.5% / Двойной ИПЭ 2, ж/б 0,45л;52;00-00018061;KISS MY SOUL (ж/б 0,45л);4 Brewers;Товар;;348;4680820150664;кор. 12х0,45л ж/б;270;Kiss My Soul;Kiss My Soul;4 Brewers "Kiss My Soul" (New England Double IPA) алк. 7.5% / Двойной ИПЭ 2, ж/б 0,45л;;Алкогольная продукция>4 Brewers>4 Brewers ж>б;7,50;;;New England Double IPA;5171196;;7d889fb2-e2f7-11ef-8221-000c29bc6f5e
4 Brewers "Kiss My Soul" (New England Double IPA) алк. 7.5% / Двойной ИПЭ 2, ж/б 0,45л;52;00-00018061;KISS MY SOUL (ж/б 0,45л);4 Brewers;Товар;;348;4680820154792;кор. 12х0,45л ж/б;270;Kiss My Soul;Kiss My Soul;4 Brewers "Kiss My Soul" (New England Double IPA) алк. 7.5% / Двойной ИПЭ 2, ж/б 0,45л;;Алкогольная продукция>4 Brewers>4 Brewers ж>б;7,50;;;New England Double IPA;5171196;;7d889fb2-e2f7-11ef-8221-000c29bc6f5e
Salden's "Tomato Gose Russian Ed." (Tomato Gose) алк, 5% /Томатный Гозе Русский, жб, 0,45л;44;00-00018160;TOMATO GOSE RUSSIAN ED. (жб. 0,45л);Salden's;Товар;;296;4620085785010;кор. 20х0,45л ж/б;180;Tomato Gose Russian Edition;Tomato Gose Russian Edition;Salden's "Tomato Gose Russian Ed." (Tomato Gose) алк, 5% /Томатный Гозе Русский, жб, 0,45л;;Алкогольная продукция>Saldens>Salden's ж>б;5;;;Tomato Gose;5796759;;3a4e97f3-e950-11ef-8221-000c29bc6f5e
Rewort Brewery “Павел Д.” (NE IPA) алк. 6.9% / Павел Д, ж/б 0,45л;274;00-00018232;ПАВЕЛ Д. (ж/б 0,45л);Rewort;Товар;;311;4670161154650;кор. 12х0,45л ж/б;365;Павел Д.;Павел Д.;Rewort Brewery “Павел Д.” (NE IPA) алк. 6.9% / Павел Д, ж/б 0,45л;;Алкогольная продукция>SVOI (Сергиев Посад)>Rewort ж>б;6,90;25;16;NE IPA;5969086;;387b2af7-ef97-11ef-8221-000c29bc6f5e
Rewort Brewery “Павел Д.” (NE IPA) алк. 6.9% / Павел Д, ж/б 0,45л;274;00-00018232;ПАВЕЛ Д. (ж/б 0,45л);Rewort;Товар;;311;4670161155442;кор. 12х0,45л ж/б;365;Павел Д.;Павел Д.;Rewort Brewery “Павел Д.” (NE IPA) алк. 6.9% / Павел Д, ж/б 0,45л;;Алкогольная продукция>SVOI (Сергиев Посад)>Rewort ж>б;6,90;25;16;NE IPA;5969086;;387b2af7-ef97-11ef-8221-000c29bc6f5e
Stamm Brewing "Your Young Lordship" (Pilsner) алк 4,7% / Йор Лордшип Янг, ж/б 0,45 л;48;00-00018301;YOUR YOUNG LORDSHIP (ж/б 0,45л);Stamm Brewing;Товар;;248;4610297650572;кор. 12х0,45л ж/б;365;Your Young Lordship;Your Young Lordship;Stamm Brewing "Your Young Lordship" (Pilsner) алк 4,7% / Йор Лордшип Янг, ж/б 0,45 л;;Алкогольная продукция>Stamm Brewing>Stamm Brewing ж>б, бут;4,70;;;Pilsner;4174764;;e8a47664-f4f9-11ef-8223-000c29bc6f5e
Stamm Brewing "Your Young Lordship" (Pilsner) алк 4,7% / Йор Лордшип Янг, ж/б 0,45 л;48;00-00018301;YOUR YOUNG LORDSHIP (ж/б 0,45л);Stamm Brewing;Товар;;248;4610297653160;кор. 12х0,45л ж/б;365;Your Young Lordship;Your Young Lordship;Stamm Brewing "Your Young Lordship" (Pilsner) алк 4,7% / Йор Лордшип Янг, ж/б 0,45 л;;Алкогольная продукция>Stamm Brewing>Stamm Brewing ж>б, бут;4,70;;;Pilsner;4174764;;e8a47664-f4f9-11ef-8223-000c29bc6f5e
Selfmade "The rogue" (Non-Alco IPA) алк. 0,5% / СБ Зеро 5, ж/б 0,45л;11;00-00022980;THE ROGUE (ж/б 0,45л);Selfmade;Товар;;254;4640235994994;кор. 12х0,45л ж/б;240;The rogue;The rogue;Selfmade "The rogue" (Non-Alco IPA) алк. 0,5% / СБ Зеро 5, ж/б 0,45л;;Алкогольная продукция>Selfmade>Selfmade б>а;0,50;38;;Non-Alcoholic IPA;6800607;;4594ac93-85ba-11f1-9bc3-000c296fac54
Zavod "Tom Yаm" (Sour Gose) алк. 4.2% / Суп 1, ж/б  0,45л;21;00-00022991;TOM YАM (ж/б  0,45л);Zavod Brewery;Товар;;348;4607967293085;кор. 20х0,45л ж/б;360;Tom Yаm;Tom Yаm;Zavod "Tom Yаm" (Sour Gose) алк. 4.2% / Суп 1, ж/б  0,45л;;Алкогольная продукция>Zavod Brewery>Zavod Brewery ж>б;4,20;8;;Sour Gose;6581448;;957ad21d-8664-11f1-9bc3-000c296fac54
Red Rocket "ANOTHER ONE IPA" (IPA - American) алк. 7% /РЕД РОКЕТ ГОЛДЕН ИПА, ж/б 0,45л;35;00-00023004;ANOTHER ONE IPA (ж/б 0,45л);Red Rocket;Товар;;341;4640229932759;кор. 20х0,45л ж/б;360;ANOTHER ONE IPA;ANOTHER ONE IPA;Red Rocket "ANOTHER ONE IPA" (IPA - American) алк. 7% /РЕД РОКЕТ ГОЛДЕН ИПА, ж/б 0,45л;;Алкогольная продукция>Red Rocket Brewery>Red Rocket ж>б;7;;;IPA - American;6761459;;72a16c87-8b3f-11f1-9bc3-000c296fac54
DIETA "Aoraki" (Pilsner - New Zealand) алк. 4.5% /Диета лагер 2, ж/б 0,45л;109;00-00023013;AORAKI (ж/б 0,45л);DIETA;Товар;;292;4620402497268;кор. 20х0,45л ж/б;360;Aoraki;Aoraki;DIETA "Aoraki" (Pilsner - New Zealand) алк. 4.5% /Диета лагер 2, ж/б 0,45л;;Алкогольная продукция>DIETA>DIETA  ж>б;4,50;;;Pilsner - New Zealand;6752719;;a3ad997e-8b45-11f1-9bc3-000c296fac54
Chibis "Маори" (IPA) алк. 6,5% / Маори, ж/б 0,45л;50;00-00021192;МАОРИ (ж/б 0,45л);CHIBIS Brewery;Товар;;318;4640233773195;кор. 06х0,45л ж/б;365;Маори;Маори;Chibis "Маори" (IPA) алк. 6,5% / Маори, ж/б 0,45л;;Алкогольная продукция>CHIBIS Brewery>CHIBIS Brewery стекло > жб;6,50;;;IPA;6482946;;51ed268c-c6d7-11f0-9bb2-000c296fac54
Chibis "Маори" (IPA) алк. 6,5% / Маори, ж/б 0,45л;50;00-00021192;МАОРИ (ж/б 0,45л);CHIBIS Brewery;Товар;;318;4640233773249;кор. 06х0,45л ж/б;365;Маори;Маори;Chibis "Маори" (IPA) алк. 6,5% / Маори, ж/б 0,45л;;Алкогольная продукция>CHIBIS Brewery>CHIBIS Brewery стекло > жб;6,50;;;IPA;6482946;;51ed268c-c6d7-11f0-9bb2-000c296fac54
Mister Bee "Orange Grapefruit"(Мистер Би "Апельсин-грейпфрут") (Mead) алк. 5% / Мистер БИ,бут 0,45л;45;00-00021215;MISTER BEE ORANGE GRAPEFRUIT(АПЕЛЬС-ГРЕЙП(бут0,45);Cider House;Товар;;0;;кор. 12х0,45л ст бут.;730;Mister Bee Orange Grapefruit;Mister Bee Orange Grapefruit;Mister Bee "Orange Grapefruit"(Мистер Би "Апельсин-грейпфрут") (Mead) алк. 5% / Мистер БИ,бут 0,45л;;Алкогольная продукция>Cider House>Mister Bee бут;5;;;Mead;6405638;;2fcca4ba-c9cf-11f0-9bb2-000c296fac54
Rewort Brewery "Посадская коврижка"(Stout - Imperial) алк. 11%/ОТЛИЧНОЕ ИМПЕРСКОЕ 2, пэт кег 20л/шт;1;00-00021295;ПОСАДСКАЯ КОВРИЖКА (пэт кег 20л/шт);Rewort;Товар;;0;4630522440884;пэт кег 20л/шт;1100;Посадская коврижка;Посадская коврижка;Rewort Brewery "Посадская коврижка"(Stout - Imperial) алк. 11%/ОТЛИЧНОЕ ИМПЕРСКОЕ 2, пэт кег 20л/шт;Новинка!;Алкогольная продукция>SVOI (Сергиев Посад)>Rewort кег пэт;11;25;26;Stout - Imperial / Double;6488308;80;7426594f-d032-11f0-9bb2-000c296fac54
Chibis "Маори" (IPA) алк. 6,5% / Маори, пэт кег 20л;40;00-00021337;МАОРИ (пэт кег 20л);CHIBIS Brewery;Товар;;439;4640233773201;пэт кег 20л;365;Маори;Маори;Chibis "Маори" (IPA) алк. 6,5% / Маори, пэт кег 20л;;Алкогольная продукция>CHIBIS Brewery>CHIBIS Brewery кег;6,50;;;IPA;6482946;;d5041398-d5a1-11f0-9bb3-000c296fac54
Selfmade "Tropical Slasher" (Sour Ale) алк. 7% / СБ Тропикал Слэшер, ж/б 0,45л;35;00-00018774;TROPICAL SLASHER (ж/б 0,45л);Selfmade;Товар;Sour - Fruited;306;4640235993928;кор. 12х0,45л ж/б;363;Tropical Slasher;Tropical Slasher;Selfmade "Tropical Slasher" (Sour Ale) алк. 7% / СБ Тропикал Слэшер, ж/б 0,45л;;Алкогольная продукция>Selfmade>Selfmade ж>б;7;20;;Sour Ale;3830830;;029758b1-153e-11f0-9ba8-000c296fac54
Plague Brew "Lezak" (Pilsner), алк. 4,5% / Лежак, ж/б 0,45л;31;00-00018909;LEZAK (ж/б 0,45л);Plague Brew;Товар;;266;4660512521750;кор. 06х0,45л ж/б;730;Lezak;Lezak;Plague Brew "Lezak" (Pilsner), алк. 4,5% / Лежак, ж/б 0,45л;;Алкогольная продукция>Plague Brew>Plague Brew ж>б бут;4,50;40;;Pilsner;5039252;;97a9800e-1e84-11f0-9ba9-000c296fac54
1,5 л бцв. 28 гр ПЭТ бутылка (упаковка 60 шт);480;00-00019003;1,5 л бцв. 28 гр ПЭТ бутылка (упаковка 60 шт);ПБ;Товар;1,5 л бцв. 28 гр ПЭТ бутылка (упаковка 60 шт);88;;;0;1,5 л бцв. 28 гр ПЭТ бутылка (упаковка 60 шт);1,5 л бцв. 28 гр ПЭТ бутылка (упаковка 60 шт);1,5 л бцв. 28 гр ПЭТ бутылка (упаковка 60 шт);;Сопутствующие товары>ПЭТ ТАРА ПАКЕТЫ>ПЭТ;;;;;;;bfa0fbae-21b6-11f0-9baa-000c296fac54
TBP "Оператрица от Бога" (Sour - Fruited Gose) алк. 6% / Гозе 40 ,пэт кег 20л/шт;6;00-00020590;ОПЕРАТРИЦА ОТ БОГА (пэт кег 20л/шт);TBP;Товар;;7845;4670161159242;пэт кег 20л/шт;365;Оператрица от Бога;Оператрица от Бога;TBP "Оператрица от Бога" (Sour - Fruited Gose) алк. 6% / Гозе 40 ,пэт кег 20л/шт;Новинка!;Алкогольная продукция>Ostrovica (Аша)>ТВР кег;6;;;Fruited Sour Gose;6409101;;735d07e8-8f15-11f0-9bb0-000c296fac54
Brewmen "Ноль вопросов" (Non Alco Lager) / Брюмен лагер 4, ж/б 0,45л;29;00-00020675;НОЛЬ ВОПРОСОВ (ж/б 0,45л);Brewmen;Товар;;237;4620402491884;кор. 20х0,45л ж/б;360;Ноль вопросов;Ноль вопросов;Brewmen "Ноль вопросов" (Non Alco Lager) / Брюмен лагер 4, ж/б 0,45л;;Алкогольная продукция>Brewmen>Brewmen ж>б, бут;;;;Non Alco Lager;6406970;;6ba98fd2-9936-11f0-9bb0-000c296fac54
Ортодокс “Богородское” (Lager) алк. 4,3% / БОГОРОДСКОЕ, пэт кег 20л/шт;30;00-00020738;БОГОРОДСКОЕ (пэт кег 20л/шт);ОРТОДОКС;Товар;;0;04670161157569;пэт кег 20л/шт;365;Богородское;Богородское;Ортодокс “Богородское” (Lager) алк. 4,3% / БОГОРОДСКОЕ, пэт кег 20л/шт;;Алкогольная продукция>SVOI (Сергиев Посад)>Ортодокс кег пэт;4,30;10;11;Lager;4534987;;902b4816-9ea6-11f0-9bb0-000c296fac54
Rewort Brewery "Sacred Duality" (Double Milk Stout) алк. 6,9% / САКРЕД ДУАЛИТИ, ж/б. 0,45л;237;00-00020837;SACRED DUALITY (ж/б. 0,45л);Rewort;Товар;Двойной молочный стаут с добавлением белого шоколада, лактозы и сливок. Крепкое, но мягкое, буквально обволакивающее своей шоколадной сливочностью пиво.;269;4670161154261;кор. 12х0,45л ж/б;365;Sacred Duality;Sacred Duality;Rewort Brewery "Sacred Duality" (Double Milk Stout) алк. 6,9% / САКРЕД ДУАЛИТИ, ж/б. 0,45л;;Алкогольная продукция>SVOI (Сергиев Посад)>Rewort ж>б;6,90;27;27,30;Double Milk Stout;3620920;131;0ba03003-a99c-11f0-9bb1-000c296fac54
Rewort Brewery "Sacred Duality" (Double Milk Stout) алк. 6,9% / САКРЕД ДУАЛИТИ, ж/б. 0,45л;237;00-00020837;SACRED DUALITY (ж/б. 0,45л);Rewort;Товар;Двойной молочный стаут с добавлением белого шоколада, лактозы и сливок. Крепкое, но мягкое, буквально обволакивающее своей шоколадной сливочностью пиво.;269;4670161155374;кор. 12х0,45л ж/б;365;Sacred Duality;Sacred Duality;Rewort Brewery "Sacred Duality" (Double Milk Stout) алк. 6,9% / САКРЕД ДУАЛИТИ, ж/б. 0,45л;;Алкогольная продукция>SVOI (Сергиев Посад)>Rewort ж>б;6,90;27;27,30;Double Milk Stout;3620920;131;0ba03003-a99c-11f0-9bb1-000c296fac54
Plan B "Tropical Painkiller" (Double IPA) алк. 8,5% / Тропикалл Пэйлкиллер, ж/б 0,45л;39;00-00018374;TROPICAL PAINKILLER (ж/б 0,45л);Plan B;Товар;;322;4650139081188;кор. 12х0,45л ж/б;180;Tropical Painkiller;Tropical Painkiller;Plan B "Tropical Painkiller" (Double IPA) алк. 8,5% / Тропикалл Пэйлкиллер, ж/б 0,45л;;Алкогольная продукция>Plan B Brewery>Plan B ж>б;8,50;70;19;DIPA;1803102;;8c724851-fa64-11ef-8224-000c29bc6f5e
Coma Brewery “Искра” (Extra Fruited Sour Ale) алк. 6,5% / ИСКРА , ж/б 0,45л;89;00-00018393;ИСКРА (ж/б 0,45л);Coma Brewery;Товар;;306;4670161154049;кор. 12х0,45л ж/б;365;Искра;Искра;Coma Brewery “Искра” (Extra Fruited Sour Ale) алк. 6,5% / ИСКРА , ж/б 0,45л;;Алкогольная продукция>SVOI (Сергиев Посад)>Coma Brewery>Coma Brewery ж>б;6,50;;;Extra Fruited Sour Ale;4384768;;d5e5c934-fb1d-11ef-8224-000c29bc6f5e
Coma Brewery “Искра” (Extra Fruited Sour Ale) алк. 6,5% / ИСКРА , ж/б 0,45л;89;00-00018393;ИСКРА (ж/б 0,45л);Coma Brewery;Товар;;306;4670161155480;кор. 12х0,45л ж/б;365;Искра;Искра;Coma Brewery “Искра” (Extra Fruited Sour Ale) алк. 6,5% / ИСКРА , ж/б 0,45л;;Алкогольная продукция>SVOI (Сергиев Посад)>Coma Brewery>Coma Brewery ж>б;6,50;;;Extra Fruited Sour Ale;4384768;;d5e5c934-fb1d-11ef-8224-000c29bc6f5e
TBP "TBPilsner" (Pilsner), алк. 5% / ТБП Пилс, ж/б 0,45л;298;00-00018436;TBPILSNER (ж/б 0,45л);TBP;Товар;;269;4640205265086;кор. 20х0,45л ж/б;360;TBPilsner;TBPilsner;TBP "TBPilsner" (Pilsner), алк. 5% / ТБП Пилс, ж/б 0,45л;;Алкогольная продукция>Ostrovica (Аша)>ТВР ж>б;5;40;;Pilsner;4210914;;816def32-fb59-11ef-8224-000c29bc6f5e
TBP "TBPilsner" (Pilsner), алк. 5% / ТБП Пилс, ж/б 0,45л;298;00-00018436;TBPILSNER (ж/б 0,45л);TBP;Товар;;269;4640205266069;кор. 20х0,45л ж/б;360;TBPilsner;TBPilsner;TBP "TBPilsner" (Pilsner), алк. 5% / ТБП Пилс, ж/б 0,45л;;Алкогольная продукция>Ostrovica (Аша)>ТВР ж>б;5;40;;Pilsner;4210914;;816def32-fb59-11ef-8224-000c29bc6f5e
Zagovor Brewery "Replica: Nelson Sauvin" (NEIPA) алк. 6,5%, / Реплика Нельсон, ж/б 0,45л;44;00-00018505;REPLICA: NELSON SAUVIN (ж/б 0,45л);Zagovor Brewery;Товар;;380;4670223012430;кор. 20х0,45л ж/б;365;Replica: Nelson Sauvin;Replica: Nelson Sauvin;Zagovor Brewery "Replica: Nelson Sauvin" (NEIPA) алк. 6,5%, / Реплика Нельсон, ж/б 0,45л;;Алкогольная продукция>Zagovor Brewery>Zagovor Brewery ж>б;6,50;25;;New England Hazy IPA;6186922;;ea7ebf26-03cf-11f0-8227-000c29bc6f5e
Red Button "Vankelig (Frozen)" (Freeze-Distilled Beer), алк. 18% / Фрозен ванкелиг, ж/б 0,33л;27;00-00022232;VANKELIG (FROZEN) (жб 0,33л);Red Button;Товар;;548;4670190944680;кор. 20х0,33л ж/б;720;Vankelig (Frozen);Vankelig (Frozen);Red Button "Vankelig (Frozen)" (Freeze-Distilled Beer), алк. 18% / Фрозен ванкелиг, ж/б 0,33л;;Алкогольная продукция>Red Button>Red Button ж>б > стекло;18;;;Freeze-Distilled Beer;6645563;;48433a0f-4462-11f1-9bbc-000c296fac54
Magic Mess "Вечеринки" (Berliner Weisse) алк.5.5% /Мэджик Месс Берлинер вайссе версия 2, ж/б 0,45л.;35;00-00022249;ВЕЧЕРИНКИ (ж/б 0,45л);Magic Mess;Товар;;333;4660508891652;кор. 12х0,45л ж/б;365;Вечеринки;Вечеринки;Magic Mess "Вечеринки" (Berliner Weisse) алк.5.5% /Мэджик Месс Берлинер вайссе версия 2, ж/б 0,45л.;;Алкогольная продукция>Magic Mess>Magic Mess ж>б;5,50;;;Sour - Berliner Weisse;6665500;;24169521-487b-11f1-9bbc-000c296fac54
HopHead "Кислые щи с бараниной" (Gose) алк. 6% / Хопхэд гозе 20, ж/б 0,45л;29;00-00022280;КИСЛЫЕ ЩИ С БАРАНИНОЙ (ж/б 0,45л);HopHead;Товар;Мягкий и расслабляющий NE dipa.  Hops:Citra, El dorado, idaho.;340;4620402495530;кор. 20х0,45л ж/б;360;Кислые щи с бараниной;Кислые щи с бараниной;HopHead "Кислые щи с бараниной" (Gose) алк. 6% / Хопхэд гозе 20, ж/б 0,45л;;Алкогольная продукция>HopHead>HopHead ж>б;6;;;Gose;6675415;;6a9ce4a9-4dfd-11f1-9bbe-000c296fac54
Леонид Леврана "Make Cider Great Again"(Cider)алк.5,5%/МЕЙК САЙДЕР ГРЕЙТ ЭГЕЙН биттерсвит,пэт кег 20;40;00-00022315;MAKE CIDER GREAT AGAIN BITTERSWEET (пэт кег 20л);Сидродельня Леонида Леврана;Товар;;532;4603728537610;пэт кег 20л;365;Make Cider Great Again Bittersweet;Make Cider Great Again Bittersweet;Леонид Леврана "Make Cider Great Again"(Cider)алк.5,5%/МЕЙК САЙДЕР ГРЕЙТ ЭГЕЙН биттерсвит,пэт кег 20;;Алкогольная продукция>Сидродельня Леонида Леврана>Леврана кег;5,50;;;Cider;6663505;;4641f0ab-4f6a-11f1-9bbe-000c296fac54
Chibis "Кислотный заряд Nelson Sauvin" (Sour IPA), алк. 6,2% / Кислотный заряд нельсон, пэт кег 20л;20;00-00022481;КИСЛОТНЫЙ ЗАРЯД NELSON SAUVIN (пэт кег 20л);CHIBIS Brewery;Товар;;464;4640233774222;пэт кег 20л;365;Кислотный заряд Nelson Sauvin;Кислотный заряд Nelson Sauvin;Chibis "Кислотный заряд Nelson Sauvin" (Sour IPA), алк. 6,2% / Кислотный заряд нельсон, пэт кег 20л;;Алкогольная продукция>CHIBIS Brewery>CHIBIS Brewery кег;6,20;;;Sour IPA;6691772;;9a95666b-5fe5-11f1-9bbe-000c296fac54
Rewort Brewery "Ля Томатина Мексиканская" (Tomato Gose), алк. 6,5% / ТОМАТНОЕ 9, ж/б 0,45л;780;00-00022496;ЛЯ ТОМАТИНА МЕКСИКАНСКАЯ (ж/б 0,45л);Rewort;Товар;;275;4630522440013;кор. 12х0,45л ж/б;365;Ля Томатина Мексиканская;Ля Томатина Мексиканская;Rewort Brewery "Ля Томатина Мексиканская" (Tomato Gose), алк. 6,5% / ТОМАТНОЕ 9, ж/б 0,45л;Новинка!;Алкогольная продукция>SVOI (Сергиев Посад)>Rewort ж>б;6,50;21;;Tomato Gose;6576172;;89869708-60da-11f1-9bbe-000c296fac54
Rewort Brewery "Ля Томатина Мексиканская" (Tomato Gose), алк. 6,5% / ТОМАТНОЕ 9, ж/б 0,45л;780;00-00022496;ЛЯ ТОМАТИНА МЕКСИКАНСКАЯ (ж/б 0,45л);Rewort;Товар;;275;4630522441126;кор. 12х0,45л ж/б;365;Ля Томатина Мексиканская;Ля Томатина Мексиканская;Rewort Brewery "Ля Томатина Мексиканская" (Tomato Gose), алк. 6,5% / ТОМАТНОЕ 9, ж/б 0,45л;Новинка!;Алкогольная продукция>SVOI (Сергиев Посад)>Rewort ж>б;6,50;21;;Tomato Gose;6576172;;89869708-60da-11f1-9bbe-000c296fac54
Red Button "Cassis Weisse" (Berliner Weisse) алк. 4.5% /Классический берлинер с ягодами, ж/б 0,45л;28;00-00022530;CASSIS WEISSE (жб 0,45л);Red Button;Товар;;322;4670190944994;кор. 20х0,45л ж/б;360;Cassis Weisse;Cassis Weisse;Red Button "Cassis Weisse" (Berliner Weisse) алк. 4.5% /Классический берлинер с ягодами, ж/б 0,45л;;Алкогольная продукция>Red Button>Red Button ж>б > стекло;4,50;;;Berliner Weisse;6738455;;f4e2ae7c-63d6-11f1-9bbe-000c296fac54
Rewort Brewery "Каникулы" (Sour - Fruited) алк. 5.5% / САУР ЭЛЬ 25, ж/б 0,45л;602;00-00022556;КАНИКУЛЫ (ж/б 0,45л);Rewort;Товар;;269;4630522440129;кор. 12х0,45л ж/б;240;Каникулы;Каникулы;Rewort Brewery "Каникулы" (Sour - Fruited) алк. 5.5% / САУР ЭЛЬ 25, ж/б 0,45л;Новинка!;Алкогольная продукция>SVOI (Сергиев Посад)>Rewort ж>б;5,50;16,20;10;Sour - Fruited;6727424;25;00888072-6412-11f1-9bbe-000c296fac54
Rewort Brewery "Каникулы" (Sour - Fruited) алк. 5.5% / САУР ЭЛЬ 25, ж/б 0,45л;602;00-00022556;КАНИКУЛЫ (ж/б 0,45л);Rewort;Товар;;269;4630522442130;кор. 12х0,45л ж/б;240;Каникулы;Каникулы;Rewort Brewery "Каникулы" (Sour - Fruited) алк. 5.5% / САУР ЭЛЬ 25, ж/б 0,45л;Новинка!;Алкогольная продукция>SVOI (Сергиев Посад)>Rewort ж>б;5,50;16,20;10;Sour - Fruited;6727424;25;00888072-6412-11f1-9bbe-000c296fac54
Brewlok "Caramba" (Coconut Milkshake IPA) алк. 6,9% /  Карамба, ж/б 0,45л;48;00-00020905;CARAMBA (ж/б 0,45л);Brewlok;Товар;;284;4640106808047;кор. 12х0,45л ж/б;366;Caramba;Caramba;Brewlok "Caramba" (Coconut Milkshake IPA) алк. 6,9% /  Карамба, ж/б 0,45л;;Алкогольная продукция>Brewlok (Воронеж)>Brewlok ж>б;6,90;40;19;Milkshake IPA;2654974;;e4ff11df-afe2-11f0-9bb1-000c296fac54
Sabotage "Пермское" (Festbier) алк. 5,3% / САБОТАЖ Пермское, ж/б 0,45;53;00-00020994;ПЕРМСКОЕ (ж/б 0,45л);Sabotage Brewery;Товар;;269;4620235851275;кор. 20х0,45л ж/б;365;Пермское;Пермское;Sabotage "Пермское" (Festbier) алк. 5,3% / САБОТАЖ Пермское, ж/б 0,45;;Алкогольная продукция>Sabotage Brewery>Sabotage ж>б;5,30;;;Festbier;6420906;;4b4b1ed1-b4d3-11f0-9bb2-000c296fac54
Sabotage "Пермское" (Festbier) алк. 5,3% / САБОТАЖ Пермское, ж/б 0,45;53;00-00020994;ПЕРМСКОЕ (ж/б 0,45л);Sabotage Brewery;Товар;;269;4620235852890;кор. 20х0,45л ж/б;365;Пермское;Пермское;Sabotage "Пермское" (Festbier) алк. 5,3% / САБОТАЖ Пермское, ж/б 0,45;;Алкогольная продукция>Sabotage Brewery>Sabotage ж>б;5,30;;;Festbier;6420906;;4b4b1ed1-b4d3-11f0-9bb2-000c296fac54
MeadNight "Мёд шиповник и рябина | Ме?дъ.." (Mead) алк.6% /МН Мёд с шиповником и рябиной, ж/б 0,45л;36;00-00021062;МЁД ШИПОВНИК И РЯБИНА (ж/б 0,45л);MeadNight;Товар;;304;4627130346189;кор. 12х0,45л ж/б;360;Мёд шиповник и рябина | Ме?дъ съ шиповникомъ ї? р?биной;Мёд шиповник и рябина | Ме?дъ съ шиповникомъ ї? р?биной;MeadNight "Мёд шиповник и рябина | Ме?дъ.." (Mead) алк.6% /МН Мёд с шиповником и рябиной, ж/б 0,45л;;Алкогольная продукция>MeadNight>MeadNight жб;6;;;Mead;5952416;;4a5366de-bbc9-11f0-9bb2-000c296fac54
Plan B "Mellow Dream" (Chocolate Stout) алк. 5,5% / Мелоу Дрим, пэт кег 20л;40;00-00021476;MELLOW DREAM (пэт кег 20л);Plan B;Товар;;376;4650139081614;пэт кег 20л;360;Mellow Dream;Mellow Dream;Plan B "Mellow Dream" (Chocolate Stout) алк. 5,5% / Мелоу Дрим, пэт кег 20л;;Алкогольная продукция>Plan B Brewery>Plan B Brewery кег;5,50;;;Chocolate Stout;5521795;;7dd37cef-df02-11f0-9bb5-000c296fac54
Леонид Леврана "Печеное Яблочко" (Cider-Herbed/Spiced /Hopped) алк. 6% /ПЕЧЕНОЕ ЯБЛОКО, бут. 0,33л;53;00-00021511;ПЕЧЕНОЕ ЯБЛОКО (бут. 0,33л);Сидродельня Леонида Леврана;Товар;;290;4603728537627;кор. 12х0,33л ст. бут.;720;Печеное Яблочко;Печеное Яблочко;Леонид Леврана "Печеное Яблочко" (Cider-Herbed/Spiced /Hopped) алк. 6% /ПЕЧЕНОЕ ЯБЛОКО, бут. 0,33л;;Алкогольная продукция>Сидродельня Леонида Леврана>Леврана бут;6;;;Cider - Herbed / Spiced / Hopped;6513786;;db2ab108-e185-11f0-9bb5-000c296fac54
Stamm Brewing "Kite Rider" (Lager) алк 5,5% / Хоппи лагер 5, пэт кег 20л;20;00-00021536;KITE RIDER (пэт кег 20л);Stamm Brewing;Товар;;401;4610297653023;пэт кег 20л;365;Kite Rider;Kite Rider;Stamm Brewing "Kite Rider" (Lager) алк 5,5% / Хоппи лагер 5, пэт кег 20л;;Алкогольная продукция>Stamm Brewing>Stamm Brewing кег;5,50;;;Lager;6543347;;36d9141d-f114-11f0-9bb6-000c296fac54
Заповедник "Lavender" (Cider) алк. 5% / Дружбист 1, бут. 0,33л;27;00-00021631;LAVENDER (бут. 0,33л);Заповедник;Товар;;296;4630442770016;кор. 20х0,33л ст. бут.;730;Lavender;Lavender;Заповедник "Lavender" (Cider) алк. 5% / Дружбист 1, бут. 0,33л;;Алкогольная продукция>Заповедник>Заповедник бут;5;;;Cider;6439675;;23423a8a-f84c-11f0-9bb7-000c296fac54
4 Brewers "Прогрев IPA" (American IPA) алк. 7,5% / ИПЭ 5, ж/б 0,45л;6;00-00019435;ПРОГРЕВ IPA (ж/б 0,45л);4 Brewers;Товар;;296;4680583609065;кор. 12х0,45л ж/б;270;Прогрев IPA;Прогрев IPA;4 Brewers "Прогрев IPA" (American IPA) алк. 7,5% / ИПЭ 5, ж/б 0,45л;;Алкогольная продукция>4 Brewers>4 Brewers ж>б;7,50;;;American IPA;6263034;;6d8960eb-407e-11f0-9bac-000c296fac54
4 Brewers "Прогрев IPA" (American IPA) алк. 7,5% / ИПЭ 5, ж/б 0,45л;6;00-00019435;ПРОГРЕВ IPA (ж/б 0,45л);4 Brewers;Товар;;296;4680583609096;кор. 12х0,45л ж/б;270;Прогрев IPA;Прогрев IPA;4 Brewers "Прогрев IPA" (American IPA) алк. 7,5% / ИПЭ 5, ж/б 0,45л;;Алкогольная продукция>4 Brewers>4 Brewers ж>б;7,50;;;American IPA;6263034;;6d8960eb-407e-11f0-9bac-000c296fac54
4 Brewers "Прогрев IPA" (American IPA) алк. 7,5% / ИПЭ 5, ж/б 0,45л;6;00-00019435;ПРОГРЕВ IPA (ж/б 0,45л);4 Brewers;Товар;;296;4680820155522;кор. 12х0,45л ж/б;270;Прогрев IPA;Прогрев IPA;4 Brewers "Прогрев IPA" (American IPA) алк. 7,5% / ИПЭ 5, ж/б 0,45л;;Алкогольная продукция>4 Brewers>4 Brewers ж>б;7,50;;;American IPA;6263034;;6d8960eb-407e-11f0-9bac-000c296fac54
Заповедник "Placebo" (Cider Semi-dry) алк. 6% / Плацебо, бут. 0,33л;38;00-00019495;PLACEBO (бут. 0,33л);Заповедник;Товар;;301;4603759677927;кор. 20х0,33л ст. бут.;730;Placebo;Placebo;Заповедник "Placebo" (Cider Semi-dry) алк. 6% / Плацебо, бут. 0,33л;;Алкогольная продукция>Заповедник>Заповедник бут;6;;;Cider Semi-dry;5061633;;494ba382-45de-11f0-9bac-000c296fac54
Magic Mess "Понедельник" (Lager) алк.5% / Мэджик Месс Понедельник, ж/б 0,45л;36;00-00019539;ПОНЕДЕЛЬНИК(LAGER) (ж/б 0,45л);Magic Mess;Товар;;248;4660508890594;кор. 12х0,45л ж/б;365;Понедельник;Понедельник;Magic Mess "Понедельник" (Lager) алк.5% / Мэджик Месс Понедельник, ж/б 0,45л;;Алкогольная продукция>Magic Mess>Magic Mess ж>б;5;;;Lager;5866714;;d79663e4-4a89-11f0-9bac-000c296fac54
MeadNight "Смородиновый компотик" (Mead) алк.6% /МН Смородиновый компотик, ж/б 0,45л;41;00-00019640;СМОРОДИНОВЫЙ КОМПОТИК (ж/б 0,45л);MeadNight;Товар;;299;4627130346202;кор. 12х0,45л ж/б;360;Смородиновый компотик;Смородиновый компотик;MeadNight "Смородиновый компотик" (Mead) алк.6% /МН Смородиновый компотик, ж/б 0,45л;;Алкогольная продукция>MeadNight>MeadNight жб;6;;;Mead;5516380;;b6d04a30-4dac-11f0-9bac-000c296fac54
White Phoenix "White Phoenix Дыня-Мята" (Mead), алк. 5,6%/ Белый Феникс"Дыня-мята", бут 0,45л;114;00-00009423;WHITE PHOENIX ДЫНЯ-МЯТА (бут 0,45л);White Phoenix;Товар;;180;4680140431177;кор. 12х0,45л ст бут.;730;White Phoenix Дыня-Мята;White Phoenix Дыня-Мята;White Phoenix "White Phoenix Дыня-Мята" (Mead), алк. 5,6%/ Белый Феникс"Дыня-мята", бут 0,45л;;Алкогольная продукция>Cider House>White Phoenix>White Phoenix ж\б бут;4,70;5;;Mead;4437962;;a23c3495-00ff-11ed-80e3-000c29d24b62
White Phoenix "White Phoenix Дыня-Мята" (Mead), алк. 5,6%/ Белый Феникс"Дыня-мята", бут 0,45л;114;00-00009423;WHITE PHOENIX ДЫНЯ-МЯТА (бут 0,45л);White Phoenix;Товар;;180;4680140432013;кор. 12х0,45л ст бут.;730;White Phoenix Дыня-Мята;White Phoenix Дыня-Мята;White Phoenix "White Phoenix Дыня-Мята" (Mead), алк. 5,6%/ Белый Феникс"Дыня-мята", бут 0,45л;;Алкогольная продукция>Cider House>White Phoenix>White Phoenix ж\б бут;4,70;5;;Mead;4437962;;a23c3495-00ff-11ed-80e3-000c29d24b62
Lapochka "Watermelon+Melissa" (Lemonade) / Лапочка Арбуз Мелисса, ж/б.0,33л;30;00-00010545;WATERMELON+MELISSA (ж/б 0,33л);Lapochka;Товар;;196;4640205260111;кор. 20х0,33л ж/б;360;Watermelon+Melissa;Watermelon+Melissa;Lapochka "Watermelon+Melissa" (Lemonade) / Лапочка Арбуз Мелисса, ж/б.0,33л;;Алкогольная продукция>Ostrovica (Аша)>Lapochka;;;;Lemonade;;;a92bcab0-5929-11ed-80ec-000c29d24b62
Lapochka "Watermelon+Melissa" (Lemonade) / Лапочка Арбуз Мелисса, ж/б.0,33л;30;00-00010545;WATERMELON+MELISSA (ж/б 0,33л);Lapochka;Товар;;196;4640205260128;кор. 20х0,33л ж/б;360;Watermelon+Melissa;Watermelon+Melissa;Lapochka "Watermelon+Melissa" (Lemonade) / Лапочка Арбуз Мелисса, ж/б.0,33л;;Алкогольная продукция>Ostrovica (Аша)>Lapochka;;;;Lemonade;;;a92bcab0-5929-11ed-80ec-000c29d24b62
Salden's "Citra & Mosaic DIPA / Extra Hops Series" (DIPA)  алк, 8,2% / Цитра&Мозаика Д., пэт кег 30л;30;00-00003887;CITRA & MOSAIC DIPA (пэт кег 30л);Salden's;Товар;Citra & Mosaic DIPA / Extra Hops Series;411;4620085783108;пэт кег 30л;180;Citra & Mosaic DIPA / Extra Hops Series;Citra & Mosaic DIPA / Extra Hops Series;Salden's "Citra & Mosaic DIPA / Extra Hops Series" (DIPA)  алк, 8,2% / Цитра&Мозаика Д., пэт кег 30л;;Алкогольная продукция>Saldens>Saldens кеги;8,20;150;;IPA - Imperial / Double;1833305;;a0021271-f7ef-11ea-80ef-000c29e252b5
Plan B "Iron Abyss" (Russian Imperial Stout) алк. 11% / Аирон Эбис, бут. 0,33л;37;00-00004646;IRON ABYSS (бут. 0,33л);Plan B;Товар;Rye RIS;311;4650139081690;кор. 12х0,33л ст. бут.;720;Iron Abyss;Iron Abyss;Plan B "Iron Abyss" (Russian Imperial Stout) алк. 11% / Аирон Эбис, бут. 0,33л;;Алкогольная продукция>Plan B Brewery>Plan B Brewery стекло;11;50;;Russian Imperial Stout;4155454;;e10468ed-69f0-11eb-80f9-000c29e252b5
Zavod "Free Manya" (Non-alco hangover gose) / Завод фри Морнинг Маня, ж/б 0,45л;15;00-00018540;FREE MANYA (ж/б  0,45л);Zavod Brewery;Товар;;296;24607967292693;кор. 20х0,45л ж/б;360;Free Manya;Free Manya;Zavod "Free Manya" (Non-alco hangover gose) / Завод фри Морнинг Маня, ж/б 0,45л;;Алкогольная продукция>Zavod Brewery>Zavod Brewery Б>А;;;;Non-alco hangover gose;;;76c348ff-0490-11f0-8227-000c29bc6f5e
Zavod "Free Manya" (Non-alco hangover gose) / Завод фри Морнинг Маня, ж/б 0,45л;15;00-00018540;FREE MANYA (ж/б  0,45л);Zavod Brewery;Товар;;296;4607967292699;кор. 20х0,45л ж/б;360;Free Manya;Free Manya;Zavod "Free Manya" (Non-alco hangover gose) / Завод фри Морнинг Маня, ж/б 0,45л;;Алкогольная продукция>Zavod Brewery>Zavod Brewery Б>А;;;;Non-alco hangover gose;;;76c348ff-0490-11f0-8227-000c29bc6f5e
Plan B "Солнечный Ветер" (American Pale Ale) алк. 4,8% / Солнечный Ветер, ж/б 0,45л;133;00-00018600;СОЛНЕЧНЫЙ ВЕТЕР (ж/б 0,45л);Plan B;Товар;Чтобы согреть Землю в первый день весны, тепло Солнца проходит 149,6 миллионов километров. Но наша звездочка старается как может, и солнечный ветер обнимает планету ласковыми руками.;290;4650139080976;кор. 12х0,45л ж/б;180;Солнечный Ветер;Солнечный Ветер;Plan B "Солнечный Ветер" (American Pale Ale) алк. 4,8% / Солнечный Ветер, ж/б 0,45л;;Алкогольная продукция>Plan B Brewery>Plan B ж>б;4,80;35;13;American Pale Ale;1034461;;56f4059c-062c-11f0-8228-000c29bc6f5e
WS Brew "Weisse" (Hefeweizen) алк. 4.5% / ВС Вайс, пэт кег 20л;40;00-00018668;WEISSE (пэт кег 20л);WS Brew;Товар;;306;4640229751190;пэт кег 20л;365;Weisse;Weisse;WS Brew "Weisse" (Hefeweizen) алк. 4.5% / ВС Вайс, пэт кег 20л;;Алкогольная продукция>White Stonе>WS Brew кег;4,50;8;;Hefeweizen;5060419;;a7648f1d-0e06-11f0-822d-000c29bc6f5e
Brewlok "Иванушка" (Lager) алк. 5,2%. / Нью 16, кег 20л;40;00-00018722;ИВАНУШКА (кег 20л);Brewlok;Товар;;291;4640106808931;пэт кег 20л;366;Иванушка;Иванушка;Brewlok "Иванушка" (Lager) алк. 5,2%. / Нью 16, кег 20л;;Алкогольная продукция>Brewlok (Воронеж)>Brewlok кег;5,20;;;Lager;6180780;;a2f8c593-111b-11f0-822d-000c29bc6f5e
Мантра "Зеленое молоко" (Smoothie Sour Ale) алк. 6,5% / Кислый напиток 3 ж/б 0,45л;45;00-00022152;ЗЕЛЕНОЕ МОЛОКО (ж/б 0,45л);Мантра;Товар;;380;4620478130144;кор. 20х0,45л ж/б;365;Зеленое молоко;Зеленое молоко;Мантра "Зеленое молоко" (Smoothie Sour Ale) алк. 6,5% / Кислый напиток 3 ж/б 0,45л;;Алкогольная продукция>Мантра>Мантра ж>б;6,50;;;Smoothie Sour Ale;5543192;;4d6a6cbf-3c8c-11f1-9bbc-000c296fac54
Selfmade "Tomato Method - Adjika" (Gose) алк. 5,8% / СБ Томато Метод дельта, ж/б 0,45л;16;00-00022172;TOMATO METHOD - ADJIKA (ж/б 0,45л);Selfmade;Товар;;306;4640235994345;кор. 12х0,45л ж/б;363;Tomato Method - Adjika;Tomato Method - Adjika;Selfmade "Tomato Method - Adjika" (Gose) алк. 5,8% / СБ Томато Метод дельта, ж/б 0,45л;Новинка!;Алкогольная продукция>Selfmade>Selfmade ж>б;5,80;10;;Vegetable Gose;6672739;;4f5cc211-3d79-11f1-9bbc-000c296fac54
Brewlok "Открытие" (Pilsner), алк. 5.2%. / Эль 61, ж/б 0,45л;58;00-00022195;ОТКРЫТИЕ (ж/б 0,45л);Brewlok;Товар;;269;4640437583033;кор. 12х0,45л ж/б;366;Открытие;Открытие;Brewlok "Открытие" (Pilsner), алк. 5.2%. / Эль 61, ж/б 0,45л;;Алкогольная продукция>Brewlok (Воронеж)>Brewlok ж>б;5,20;;;Pilsner;6673705;;42a29851-3fae-11f1-9bbc-000c296fac54
Заповедник "Северное Лето" (Cider) алк.6% /Северное Лето, бут. 0,33л;60;00-00022223;СЕВЕРНОЕ ЛЕТО (бут. 0,33л);Заповедник;Товар;;301;4603759677682;кор. 20х0,33л ст. бут.;730;Со страхом и любовью;Со страхом и любовью;Заповедник "Северное Лето" (Cider) алк.6% /Северное Лето, бут. 0,33л;;Алкогольная продукция>Заповедник>Заповедник бут;5,50;;;Cider;6039092;;ab89c9c9-43bd-11f1-9bbc-000c296fac54
Black Cat "КАЗБЕК Ледяной" (Pilsner), алк. 5.7% / БК ПИЛЗНЕР 01.26, ж/б 0,45л;24;00-00022345;КАЗБЕК ЛЕДЯНОЙ (ж/б 0,45л);Black Cat;Товар;;275;4650300022446;кор. 12х0,45л ж/б;360;КАЗБЕК Ледяной;КАЗБЕК Ледяной;Black Cat "КАЗБЕК Ледяной" (Pilsner), алк. 5.7% / БК ПИЛЗНЕР 01.26, ж/б 0,45л;;Алкогольная продукция>Black Cat Brewery>Black Cat Brewery стекло > жб;5,70;27;;Pilsner;6684228;;5378a311-5415-11f1-9bbe-000c296fac54
GANZA Brewery "Донтшут!" (Sour - Fruited) алк.6% / Ганза саур эль 21, ж/б 0,45 л;10;00-00022363;ДОНТШУТ! (ж/б 0,45);GANZA Brewery;Товар;;329;4670163076035;кор. 12х0,45л ж/б;360;Донтшут!;Донтшут!;GANZA Brewery "Донтшут!" (Sour - Fruited) алк.6% / Ганза саур эль 21, ж/б 0,45 л;;Алкогольная продукция>GANZA Brewery>GANZA Brewery ж>б;6;;;Sour - Fruited;6716743;;fef15167-54f9-11f1-9bbe-000c296fac54
Big Village "ПАРЕЙДОЛИЯ" (Hopfenweisse) алк. 5,5% / Хоппи Вайцен1, ж/б 0,45;10;00-00022387;ПАРЕЙДОЛИЯ (ж/б 0,45л);Big Village;Товар;;283;4620197365124;кор. 12х0,45л ж/б;240;ПАРЕЙДОЛИЯ;ПАРЕЙДОЛИЯ;Big Village "ПАРЕЙДОЛИЯ" (Hopfenweisse) алк. 5,5% / Хоппи Вайцен1, ж/б 0,45;;Алкогольная продукция>Big Village>Big Village ж>б;5,50;10;;Hopfenweisse;6707413;;3c7f2a13-55e3-11f1-9bbe-000c296fac54
Big Village "ПАРЕЙДОЛИЯ" (Hopfenweisse) алк. 5,5% / Хоппи Вайцен1, ж/б 0,45;10;00-00022387;ПАРЕЙДОЛИЯ (ж/б 0,45л);Big Village;Товар;;283;4620197365131;кор. 12х0,45л ж/б;240;ПАРЕЙДОЛИЯ;ПАРЕЙДОЛИЯ;Big Village "ПАРЕЙДОЛИЯ" (Hopfenweisse) алк. 5,5% / Хоппи Вайцен1, ж/б 0,45;;Алкогольная продукция>Big Village>Big Village ж>б;5,50;10;;Hopfenweisse;6707413;;3c7f2a13-55e3-11f1-9bbe-000c296fac54
Zavod "Morning Manya" (Gose) алк. 4,1% / Морнинг Маня, пэт кег 30л;30;00-00022403;MORNING MANYA (пэт кег 30л);Zavod Brewery;Товар;;411;4607967292644;пэт кег 30л;360;Morning Manya;Morning Manya;Zavod "Morning Manya" (Gose) алк. 4,1% / Морнинг Маня, пэт кег 30л;;Алкогольная продукция>Zavod Brewery>Zavod Brewery кег пэт;4,10;7;;Gose;3267395;;a5f89234-58d2-11f1-9bbe-000c296fac54
Plague Brew "Красный туман" (Gose), алк. 4,7%/ Томатное 7, ж/б 0,45л;10;00-00022428;КРАСНЫЙ ТУМАН (ж/б 0,45л);Plague Brew;Товар;;340;4610563500709;кор. 06х0,45л ж/б;730;Красный туман;Красный туман;Plague Brew "Красный туман" (Gose), алк. 4,7%/ Томатное 7, ж/б 0,45л;;Алкогольная продукция>Plague Brew>Plague Brew ж>б бут;4,70;8;;Vegetable Gose;6700093;;b9d999c7-59c4-11f1-9bbe-000c296fac54
4 Brewers "Движущая Сила" (Non-Alcoholic - IPA) алк. 0.5% / ИПЭ 1, ж/б 0,45л;22;00-00022441;ДВИЖУЩАЯ СИЛА (ж/б 0,45л);4 Brewers;Товар;;322;4680820156338;кор. 12х0,45л ж/б;180;Движущая Сила;Движущая Сила;4 Brewers "Движущая Сила" (Non-Alcoholic - IPA) алк. 0.5% / ИПЭ 1, ж/б 0,45л;;Алкогольная продукция>4 Brewers>4 Brewers б>а;0,50;;;Non-Alcoholic Beer - IPA;6707448;;9e53e4c3-5a9b-11f1-9bbe-000c296fac54
4 Brewers "Движущая Сила" (Non-Alcoholic - IPA) алк. 0.5% / ИПЭ 1, ж/б 0,45л;22;00-00022441;ДВИЖУЩАЯ СИЛА (ж/б 0,45л);4 Brewers;Товар;;322;4680820156437;кор. 12х0,45л ж/б;180;Движущая Сила;Движущая Сила;4 Brewers "Движущая Сила" (Non-Alcoholic - IPA) алк. 0.5% / ИПЭ 1, ж/б 0,45л;;Алкогольная продукция>4 Brewers>4 Brewers б>а;0,50;;;Non-Alcoholic Beer - IPA;6707448;;9e53e4c3-5a9b-11f1-9bbe-000c296fac54
Brewlok "Космическое мужество" (Session IPA) алк. 3.5% /Эль 84, ж/б 0,45л;51;00-00022454;КОСМИЧЕСКОЕ МУЖЕСТВО (ж/б 0,45л);Brewlok;Товар;;311;4640437583422;кор. 12х0,45л ж/б;366;Космическое мужество;Космическое мужество;Brewlok "Космическое мужество" (Session IPA) алк. 3.5% /Эль 84, ж/б 0,45л;;Алкогольная продукция>Brewlok (Воронеж)>Brewlok ж>б;3,50;;;Session IPA;6725250;;a1d62f5d-5d8a-11f1-9bbe-000c296fac54
Rewort Brewery "Ля Томатина BBQ" (Tomato Gose), алк. 6,5% / ТОМАТНОЕ 14, ж/б 0,45л;703;00-00022473;ЛЯ ТОМАТИНА BBQ (ж/б 0,45л);Rewort;Товар;;275;4630522441171;кор. 12х0,45л ж/б;365;Ля Томатина BBQ;Ля Томатина BBQ;Rewort Brewery "Ля Томатина BBQ" (Tomato Gose), алк. 6,5% / ТОМАТНОЕ 14, ж/б 0,45л;Новинка!;Алкогольная продукция>SVOI (Сергиев Посад)>Rewort ж>б;6,50;21;;Tomato Gose;6576178;;7d077b9e-5f36-11f1-9bbe-000c296fac54
Rewort Brewery "Ля Томатина BBQ" (Tomato Gose), алк. 6,5% / ТОМАТНОЕ 14, ж/б 0,45л;703;00-00022473;ЛЯ ТОМАТИНА BBQ (ж/б 0,45л);Rewort;Товар;;275;4670161159891;кор. 12х0,45л ж/б;365;Ля Томатина BBQ;Ля Томатина BBQ;Rewort Brewery "Ля Томатина BBQ" (Tomato Gose), алк. 6,5% / ТОМАТНОЕ 14, ж/б 0,45л;Новинка!;Алкогольная продукция>SVOI (Сергиев Посад)>Rewort ж>б;6,50;21;;Tomato Gose;6576178;;7d077b9e-5f36-11f1-9bbe-000c296fac54
GANZA Brewery "Культ" (Gose) алк.6% / Ганза гозе 23, ж/б 0,45 л;34;00-00022621;КУЛЬТ (ж/б 0,45);GANZA Brewery;Товар;;298;4670163076073;кор. 12х0,45л ж/б;360;Культ;Культ;GANZA Brewery "Культ" (Gose) алк.6% / Ганза гозе 23, ж/б 0,45 л;;Алкогольная продукция>GANZA Brewery>GANZA Brewery ж>б;6;;;Gose;6717685;;c577d117-6baa-11f1-9bbe-000c296fac54
Chibis "Солнышко" (New England Hazy IPA), алк. 6,4% / Солнышко, ж/б 0,45л;15;00-00022633;СОЛНЫШКО (ж/б 0,45л);CHIBIS Brewery;Товар;;373;4640233774178;кор. 06х0,45л ж/б;365;Солнышко;Солнышко;Chibis "Солнышко" (New England Hazy IPA), алк. 6,4% / Солнышко, ж/б 0,45л;;Алкогольная продукция>CHIBIS Brewery>CHIBIS Brewery стекло > жб;6,40;;;New England Hazy IPA;6744136;;3c3635b0-6bb3-11f1-9bbe-000c296fac54
Chibis "Солнышко" (New England Hazy IPA), алк. 6,4% / Солнышко, ж/б 0,45л;15;00-00022633;СОЛНЫШКО (ж/б 0,45л);CHIBIS Brewery;Товар;;373;4640233774314;кор. 06х0,45л ж/б;365;Солнышко;Солнышко;Chibis "Солнышко" (New England Hazy IPA), алк. 6,4% / Солнышко, ж/б 0,45л;;Алкогольная продукция>CHIBIS Brewery>CHIBIS Brewery стекло > жб;6,40;;;New England Hazy IPA;6744136;;3c3635b0-6bb3-11f1-9bbe-000c296fac54
White Stone "Method Ludovico" (Session IPA) алк. 4% / ВС АПА 1, ж/б 0,45;72;00-00022645;METHOD LUDOVICO (ж/б 0,45);White Stone;Товар;;317;4640229753224;кор. 12х0,45л ж/б;365;Method Ludovico;Method Ludovico;White Stone "Method Ludovico" (Session IPA) алк. 4% / ВС АПА 1, ж/б 0,45;Новинка!;Алкогольная продукция>White Stonе>White Stonе ж>б;4;65;;Session IPA;6731139;;c3c2b94a-6be3-11f1-9bbe-000c296fac54
White Stone "Method Ludovico" (Session IPA) алк. 4% / ВС АПА 1, ж/б 0,45;72;00-00022645;METHOD LUDOVICO (ж/б 0,45);White Stone;Товар;;317;4640229753231;кор. 12х0,45л ж/б;365;Method Ludovico;Method Ludovico;White Stone "Method Ludovico" (Session IPA) алк. 4% / ВС АПА 1, ж/б 0,45;Новинка!;Алкогольная продукция>White Stonе>White Stonе ж>б;4;65;;Session IPA;6731139;;c3c2b94a-6be3-11f1-9bbe-000c296fac54
Sabotage "Sweet Disaster" (Milk Stout), алк. 7% / Свит Дизастер Шоколад, ж/б 0,45;37;00-00021355;SWEET DISASTER (CHOCOLATE) (ж/б 0,45л);Sabotage Brewery;Товар;;343;4620235853149;кор. 20х0,45л ж/б;365;Sweet Disaster;Sweet Disaster;Sabotage "Sweet Disaster" (Milk Stout), алк. 7% / Свит Дизастер Шоколад, ж/б 0,45;;Алкогольная продукция>Sabotage Brewery>Sabotage ж>б;7;;;Milk Stout;4707295;;b950d2da-d5b7-11f0-9bb3-000c296fac54
Чаща "Доппельгангер? / Doppelgаnger?" (IPA - Imperial / Double) алк. 8,5% /Доппельгангер, ж/б 0,45л;68;00-00021386;ДОППЕЛЬГАНГЕР? / DOPPELGАNGER? (ж/б 0,45л);Чаща;Товар;;406;4650308531179;кор. 12х0,45л ж/б;360;Доппельгангер? / Doppelgаnger?;Доппельгангер? / Doppelgаnger?;Чаща "Доппельгангер? / Doppelgаnger?" (IPA - Imperial / Double) алк. 8,5% /Доппельгангер, ж/б 0,45л;;Алкогольная продукция>Чаща>Чаща жб;8,50;55;;IPA - Imperial / Double;6505439;;58c5795d-d68d-11f0-9bb3-000c296fac54
MeadNight "Ваниль с черникой и смородиной" (Mead) алк.6% /МН Мёд черника ваниль смородина, ж/б 0,45л;11;00-00021417;ВАНИЛЬ С ЧЕРНИКОЙ И СМОРОДИНОЙ(МЕДОВУХА)(ж/б0,45л);MeadNight;Товар;;314;4627130346233;кор. 12х0,45л ж/б;360;Ваниль с черникой и смородиной;Ваниль с черникой и смородиной;MeadNight "Ваниль с черникой и смородиной" (Mead) алк.6% /МН Мёд черника ваниль смородина, ж/б 0,45л;;Алкогольная продукция>MeadNight>MeadNight жб;6;;;Mead;5952533;;f6cf2eca-d9b7-11f0-9bb3-000c296fac54
Rewort Brewery "Pitch Drop Experiment" (RIS) алк. 13%/ПИТЧ ДРОП ЭКСПЕРИМ,пэт кег 20л/шт;1;00-00021458;PITCH DROP EXPERIMENT (пэт кег 20л/шт);Rewort;Товар;;0;4630522440969;пэт кег 20л/шт;1100;Pitch Drop Experiment;Pitch Drop Experiment;Rewort Brewery "Pitch Drop Experiment" (RIS) алк. 13%/ПИТЧ ДРОП ЭКСПЕРИМ,пэт кег 20л/шт;;Алкогольная продукция>SVOI (Сергиев Посад)>Rewort кег пэт;13;75;;RIS;6471722;;d6fa4fee-dc1c-11f0-9bb5-000c296fac54
Меда Сибири "Mead Cyser" (Mead) алк. 6,3% / Сайзер, ж/б 0,45л;84;00-00019176;MEAD CYSER (ж/б 0,45л);Меда Сибири;Товар;;288;4660387591308;кор. 12х0,45л ж/б;365;Mead Cyser;Mead Cyser;Меда Сибири "Mead Cyser" (Mead) алк. 6,3% / Сайзер, ж/б 0,45л;;Алкогольная продукция>Меда Сибири>Меда Сибири жб>бут;6,30;;;Mead;4866071;;4c3f73f1-30b4-11f0-9bac-000c296fac54
Меда Сибири "Pineapple, Guanabana Mead" (Mead) алк. 6% / Тропический мёд, ж/б 0,45л;6;00-00019190;PINEAPPLE, GUANABANA MEAD (ж/б 0,45л);Меда Сибири;Товар;;326;4660387591247;кор. 12х0,45л ж/б;360;Pineapple, Guanabana Mead;Pineapple, Guanabana Mead;Меда Сибири "Pineapple, Guanabana Mead" (Mead) алк. 6% / Тропический мёд, ж/б 0,45л;;Алкогольная продукция>Меда Сибири>Меда Сибири жб>бут;6;;;Mead - Melomel;6142123;;67a4551f-30c1-11f0-9bac-000c296fac54
Stamm Brewing "Hop Gun Battle Royale" (American IРА) алк. 7% / ИПА 11, ж/б 0,45л;54;00-00019281;HOP GUN BATTLE ROYALE (ж/б 0,45л);Stamm Brewing;Товар;;311;4610297651159;кор. 12х0,45л ж/б;365;Hop Gun Battle Royale;Hop Gun Battle Royale;Stamm Brewing "Hop Gun Battle Royale" (American IРА) алк. 7% / ИПА 11, ж/б 0,45л;;Алкогольная продукция>Stamm Brewing>Stamm Brewing ж>б, бут;7;;;American IРА;5412434;;553b3b17-3578-11f0-9bac-000c296fac54
Stamm Brewing "Hop Gun Battle Royale" (American IРА) алк. 7% / ИПА 11, ж/б 0,45л;54;00-00019281;HOP GUN BATTLE ROYALE (ж/б 0,45л);Stamm Brewing;Товар;;311;4610297652491;кор. 12х0,45л ж/б;365;Hop Gun Battle Royale;Hop Gun Battle Royale;Stamm Brewing "Hop Gun Battle Royale" (American IРА) алк. 7% / ИПА 11, ж/б 0,45л;;Алкогольная продукция>Stamm Brewing>Stamm Brewing ж>б, бут;7;;;American IРА;5412434;;553b3b17-3578-11f0-9bac-000c296fac54
Plan B "Murquell Pilsner" (Czech Pilsner) алк. 4,8% / Мурквел Пилснер , ж/б. 0,45л;66;00-00019383;MURQUELL PILSNER (ж/б 0,45л);Plan B;Товар;;254;4650139081218;кор. 12х0,45л ж/б;180;Murquell Pilsner;Murquell Pilsner;Plan B "Murquell Pilsner" (Czech Pilsner) алк. 4,8% / Мурквел Пилснер , ж/б. 0,45л;;Алкогольная продукция>Plan B Brewery>Plan B ж>б;4,80;30;;Czech Pilsner;4993618;;b88d90e8-3c71-11f0-9bac-000c296fac54
White Phoenix "White Phoenix Red Orange Spritz" (mead)алк.5,6%/ "Б.Ф" Сицилийский апельсин,бут 0,45л;276;00-00011081;WHITE PHOENIX RED ORANGE SPRITZ (бут 0,45л);White Phoenix;Товар;;180;4630178430307;кор. 12х0,45л ст бут.;730;White Phoenix Red Orange Spritz;White Phoenix Red Orange Spritz;White Phoenix "White Phoenix Red Orange Spritz" (mead)алк.5,6%/ "Б.Ф" Сицилийский апельсин,бут 0,45л;;Алкогольная продукция>Cider House>White Phoenix>White Phoenix ж\б бут;5,60;;;Mead;4582229;;e0abd249-9187-11ed-80fb-000c29d24b62
White Phoenix "White Phoenix Red Orange Spritz" (mead)алк.5,6%/ "Б.Ф" Сицилийский апельсин,бут 0,45л;276;00-00011081;WHITE PHOENIX RED ORANGE SPRITZ (бут 0,45л);White Phoenix;Товар;;180;4630178431328;кор. 12х0,45л ст бут.;730;White Phoenix Red Orange Spritz;White Phoenix Red Orange Spritz;White Phoenix "White Phoenix Red Orange Spritz" (mead)алк.5,6%/ "Б.Ф" Сицилийский апельсин,бут 0,45л;;Алкогольная продукция>Cider House>White Phoenix>White Phoenix ж\б бут;5,60;;;Mead;4582229;;e0abd249-9187-11ed-80fb-000c29d24b62
White Phoenix "White Phoenix Wild Berries" (Mead) 5,6%/ Лесные ягоды, пэт кег 30л;30;00-00011561;WHITE PHOENIX WILD BERRIES (пэт кег 30л);White Phoenix;Товар;;212;4680140432471;пэт кег 30л;540;White Phoenix Wild Berries;White Phoenix Wild Berries;White Phoenix "White Phoenix Wild Berries" (Mead) 5,6%/ Лесные ягоды, пэт кег 30л;;Алкогольная продукция>Cider House>White Phoenix>White Phoenix кег;5,60;;;Mead;5003316;;9dbb69f6-b8fd-11ed-80fc-000c29d24b62
Selfmade "Rocket Jump" (American IPA) алк. 6,3% / СБ Рокет Джамп, пэт кег 20л/шт;6;00-00012214;ROCKET JUMP (пэт кег 20л/шт);Selfmade;Товар;;7320;4640235991528;пэт кег 20л/шт;240;Rocket Jump;Rocket Jump;Selfmade "Rocket Jump" (American IPA) алк. 6,3% / СБ Рокет Джамп, пэт кег 20л/шт;;Алкогольная продукция>Selfmade>Selfmade кег;6,30;49;;American IРА;2396150;;3bfa69a7-fad1-11ed-810b-000c29bc6f5e
GANZA Brewery "ПОЛОВИНКА Клубника, Гуава" (Lemonade) / ПОЛОВИНКА МИКС 1, ж/б 0,33л;6;00-00013514;ПОЛОВИНКА КЛУБНИКА, ГУАВА (ж/б 0,33);GANZA Brewery;Товар;;193;4670163072723;кор. 12х0,33л ж/б;360;ПОЛОВИНКА Клубника, Гуава;ПОЛОВИНКА Клубника, Гуава;GANZA Brewery "ПОЛОВИНКА Клубника, Гуава" (Lemonade) / ПОЛОВИНКА МИКС 1, ж/б 0,33л;;Алкогольная продукция>GANZA Brewery>Ganza лимонады;;;;Lemonade;;;56ab08da-69cb-11ee-8119-000c29bc6f5e
Proba Project & Пивоварня Чаща "Проба 003 (German Style K?lsch)" (K?lsch) алк. 5,5% /, пэт кег 20л;65;00-00005715;ПРОБА 003 (GERMAN STYLE KOLSH) (пэт кег 20л);Proba Project;Товар;;5640;;пэт кег 20л;180;Проба 003 (German Style K?lsch);Проба 003 (German Style K?lsch);Proba Project & Пивоварня Чаща "Проба 003 (German Style K?lsch)" (K?lsch) алк. 5,5% /, пэт кег 20л;;Архив>Big Village>Proba Project>Proba Project кег;5,50;20;;K?lsch;4340579;;b21f3a62-d34e-11eb-80cf-000c29d24b62
Сider House "Double Tree Green Apple" (Semi Dry Cider), алк. 5,6% / Дабл Три, бут 0,45л;147;00-00006151;DOUBLE TREE GREEN APPLE (бут 0,45л);Cider House;Товар;;180;4680140430736;кор. 12х0,45л ст бут.;730;Cider House Зеленое Яблоко;Cider House Зеленое Яблоко;Сider House "Double Tree Green Apple" (Semi Dry Cider), алк. 5,6% / Дабл Три, бут 0,45л;;Алкогольная продукция>Cider House>Double Tree бут;5,60;;;Semi Dry Cider;4454557;;ce008a89-0019-11ec-80d7-000c29d24b62
Сider House "Double Tree Green Apple" (Semi Dry Cider), алк. 5,6% / Дабл Три, бут 0,45л;147;00-00006151;DOUBLE TREE GREEN APPLE (бут 0,45л);Cider House;Товар;;180;4680140431863;кор. 12х0,45л ст бут.;730;Cider House Зеленое Яблоко;Cider House Зеленое Яблоко;Сider House "Double Tree Green Apple" (Semi Dry Cider), алк. 5,6% / Дабл Три, бут 0,45л;;Алкогольная продукция>Cider House>Double Tree бут;5,60;;;Semi Dry Cider;4454557;;ce008a89-0019-11ec-80d7-000c29d24b62
Lapochka "Pineapple + Lychee" (Lemonade) / Лапочка Ананас Личи, ж/б.0,33л;32;00-00007908;LAPOCHKA "PINEAPPLE + LYCHEE" (ж/б 0,33л);Lapochka;Товар;;196;4640205260098;кор. 20х0,33л ж/б;360;Pineapple + Lychee;Pineapple + Lychee;Lapochka "Pineapple + Lychee" (Lemonade) / Лапочка Ананас Личи, ж/б.0,33л;;Алкогольная продукция>Ostrovica (Аша)>Lapochka;;;;Lemonade;;;47f80afd-93cd-11ec-80e1-000c29d24b62
Lapochka "Pineapple + Lychee" (Lemonade) / Лапочка Ананас Личи, ж/б.0,33л;32;00-00007908;LAPOCHKA "PINEAPPLE + LYCHEE" (ж/б 0,33л);Lapochka;Товар;;196;4640205260104;кор. 20х0,33л ж/б;360;Pineapple + Lychee;Pineapple + Lychee;Lapochka "Pineapple + Lychee" (Lemonade) / Лапочка Ананас Личи, ж/б.0,33л;;Алкогольная продукция>Ostrovica (Аша)>Lapochka;;;;Lemonade;;;47f80afd-93cd-11ec-80e1-000c29d24b62
White Phoenix "White Phoenix Coconut Citrus" (Mead) алк. 5,6% / Кокос-цитрус, пэт кег 30л;30;00-00009209;WHITE PHOENIX COCONUT CITRUS (пэт кег 30л);White Phoenix;Товар;;212;4680140432488;пэт кег 30л;540;White Phoenix Coconut Citrus;White Phoenix Coconut Citrus;White Phoenix "White Phoenix Coconut Citrus" (Mead) алк. 5,6% / Кокос-цитрус, пэт кег 30л;;Алкогольная продукция>Cider House>White Phoenix>White Phoenix кег;5,60;;;Mead;4711250;;44f106d2-f3a0-11ec-80e3-000c29d24b62
B-SIDE “Земляника c Мятой” (mead) 4,5% / Земляника с мятой полусладкая, бут.0,45л;69;00-00022564;ЗЕМЛЯНИКА С МЯТОЙ (бут. 0,45л);B-SIDE;Товар;Пивной напиток со вкусом ананаса полусладкий.;303;4603791714918;кор. 12х0,45л ст бут.;365;Земляника c Мятой;Земляника c Мятой;B-SIDE “Земляника c Мятой” (mead) 4,5% / Земляника с мятой полусладкая, бут.0,45л;;Алкогольная продукция>B-SIDE>B-SIDE жб бут;4,50;;;Mead;4243950;;fa6a3fd8-649b-11f1-9bbe-000c296fac54
Coma & Ортодокс Brewery “Трип: Берлин” (IPA - Session) алк. 3,8% / ОХМЕЛЕННОЕ 6, пэт 20л/шт;7;00-00022573;ТРИП: БЕРЛИН (пэт кег 20л/шт);Coma Brewery;Товар;;0;4630522442369;пэт кег 20л/шт;365;Трип: Берлин;Трип: Берлин;Coma & Ортодокс Brewery “Трип: Берлин” (IPA - Session) алк. 3,8% / ОХМЕЛЕННОЕ 6, пэт 20л/шт;Новинка!;Алкогольная продукция>SVOI (Сергиев Посад)>Coma Brewery>Coma Brewery кег;3,80;7,50;;Session IPA;6718787;;721805ff-64af-11f1-9bbe-000c296fac54
Sabotage "Frau Hopfenweizen" (Hopfenweisse) алк. 6% /САБОТАЖ Фрау ХопфенВайцен, ж/б 0,45;7;00-00022588;FRAU HOPFENWEIZEN (ж/б 0,45);Sabotage Brewery;Товар;;290;4620235851435;кор. 20х0,45л ж/б;365;Frau Hopfenweizen;Frau Hopfenweizen;Sabotage "Frau Hopfenweizen" (Hopfenweisse) алк. 6% /САБОТАЖ Фрау ХопфенВайцен, ж/б 0,45;;Алкогольная продукция>Sabotage Brewery>Sabotage ж>б;6;;;Hopfenweisse;6123746;;96c40b64-6570-11f1-9bbe-000c296fac54
DIETA "Dietaider Hopfenweisse: Citra" (Hopfenweisse) алк.4.7% / Брюмен специальное 5, ж/б 0,45л;42;00-00022602;DIETAIDER HOPFENWEISSE: CITRA (ж/б ,45л);DIETA;Товар;;291;4620402496247;кор. 20х0,45л ж/б;360;Dietaider Hopfenweisse: Citra;Dietaider Hopfenweisse: Citra;DIETA "Dietaider Hopfenweisse: Citra" (Hopfenweisse) алк.4.7% / Брюмен специальное 5, ж/б 0,45л;;Алкогольная продукция>DIETA>DIETA  ж>б;4,70;;;Hopfenweisse;6735327;;52d62e70-694d-11f1-9bbe-000c296fac54
Brewlok "Wolf's Shepherd" (Triple IPA), алк. 8,6%. / Волчий пастырь, пэт кег 20л/шт;1;00-00021824;WOLF'S SHEPHERD (пэт кег 20л/шт);Brewlok;Товар;;9840;4640437582418;пэт кег 20л/шт;366;Wolf Shepherd;Wolf Shepherd;Brewlok "Wolf's Shepherd" (Triple IPA), алк. 8,6%. / Волчий пастырь, пэт кег 20л/шт;;Алкогольная продукция>Brewlok (Воронеж)>Brewlok кег;8,60;105;22;IPA - Triple;2321101;;625d6140-12e4-11f1-9bba-000c296fac54
Край Земли "Шорли Яблочный розе" (Lemonade) / Шорли Яблоко-Арония, бут. 0,33л;71;00-00021863;ШОРЛИ ЯБЛОЧНЫЙ РОЗЕ (бут.0,33л);Край Земли;Товар;;215;4627192388240;кор. 12х0,33л ст. бут.;1095;Шорли Яблочный розе;Шорли Яблочный розе;Край Земли "Шорли Яблочный розе" (Lemonade) / Шорли Яблоко-Арония, бут. 0,33л;;Алкогольная продукция>Край Земли>Край Земли бут б>а;;;;Lemonade;;;4dfab0cc-187a-11f1-9bbb-000c296fac54
Край Земли "Лимонад каркаде" (Lemonade) / ЛИМОНАД КРАЙ ЗЕМЛИ КАРКАДЕ, бут. 0,33л;60;00-00021870;ЛИМОНАД КАРКАДЕ (бут.0,33л);Край Земли;Товар;;215;4627192388677;кор. 12х0,33л ст. бут.;365;Лимонад каркаде;Лимонад каркаде;Край Земли "Лимонад каркаде" (Lemonade) / ЛИМОНАД КРАЙ ЗЕМЛИ КАРКАДЕ, бут. 0,33л;;Алкогольная продукция>Край Земли>Край Земли бут б>а;;;;Lemonade;;;3b6b65e7-188a-11f1-9bbb-000c296fac54
Меда Сибири "Mead Cherry" (Mead) алк. 6,3% / Вишня, кег 30л;30;00-00019670;MEAD CHERRY (кег 30л);Меда Сибири;Товар;;401;4660387590196;пэт кег 30л;365;Mead Cherry;Mead Cherry;Меда Сибири "Mead Cherry" (Mead) алк. 6,3% / Вишня, кег 30л;;Алкогольная продукция>Меда Сибири>Меда Сибири кег;6,30;;;Mead - Melomel;4866074;;713fd60b-50eb-11f0-9bac-000c296fac54
Ясная Поляна "Сидр Полусухой '24" (Cider Semi-dry) алк. 4,5% / Ясная Поляна бут. 0,33л;56;00-00019753;СИДР ПОЛУСУХОЙ '24 (бут. 0,33л);Ясная Поляна;Товар;;311;4670188816685;кор. 12х0,33л ст. бут.;730;Сидр Полусухой '24;Сидр Полусухой '24;Ясная Поляна "Сидр Полусухой '24" (Cider Semi-dry) алк. 4,5% / Ясная Поляна бут. 0,33л;;Алкогольная продукция>Ясная Поляна>Ясная Поляна бут;4,50;;;Cider Semi-dry;6172800;;e61d878a-55a9-11f0-9bac-000c296fac54
Ясная Поляна "Сидр Полусухой '24" (Cider Semi-dry) алк. 4,5% / Ясная Поляна бут. 0,33л;56;00-00019753;СИДР ПОЛУСУХОЙ '24 (бут. 0,33л);Ясная Поляна;Товар;;311;4670188816692;кор. 12х0,33л ст. бут.;730;Сидр Полусухой '24;Сидр Полусухой '24;Ясная Поляна "Сидр Полусухой '24" (Cider Semi-dry) алк. 4,5% / Ясная Поляна бут. 0,33л;;Алкогольная продукция>Ясная Поляна>Ясная Поляна бут;4,50;;;Cider Semi-dry;6172800;;e61d878a-55a9-11f0-9bac-000c296fac54
Бокал для пива «Хайбол (Банка Rewort one love (квадрат))», 0,47л, (Франция);42;00-00019767;БОКАЛ ХАЙБОЛ КВАДРАТ REWORT 0,47л.;Rewort;Товар;Бокал для пива «Хайбол (Банка Rewort one love (квадрат))», 0,47л, (Франция);422;;Упаковка 6 шт.;0;Бокал Хайбол Квадрат Rewort 0,47л.;Бокал Хайбол Квадрат Rewort 0,47л.;Бокал для пива «Хайбол (Банка Rewort one love (квадрат))», 0,47л, (Франция);Новинка!;Сопутствующие товары>СВОИ>Сувенирные бокалы;;;;;;;4336dd2a-564d-11f0-9bac-000c296fac54
Леонид Леврана "862" (Sweet Cider) алк. 5,5% / 862. ЛЕОНИД ЛЕВРАНА, кег 20л;20;00-00019823;862 (кег 20л);Сидродельня Леонида Леврана;Товар;;479;4603728537184;пэт кег 20л;365;862;862;Леонид Леврана "862" (Sweet Cider) алк. 5,5% / 862. ЛЕОНИД ЛЕВРАНА, кег 20л;;Алкогольная продукция>Сидродельня Леонида Леврана>Леврана кег;5,50;;;Sweet Cider;6070777;;b2c13411-57ec-11f0-9bac-000c296fac54
Chibis "Текстиля" (Helles), алк. 4,7% / Хеллес, пэт кег 30л;120;00-00014187;ТЕКСТИЛЯ (пэт кег 30л);CHIBIS Brewery;Товар;;296;4627156420023;пэт кег 30л;365;Текстиля;Текстиля;Chibis "Текстиля" (Helles), алк. 4,7% / Хеллес, пэт кег 30л;;Алкогольная продукция>CHIBIS Brewery>CHIBIS Brewery кег;4,70;;;Helles;5220320;;7c1c97aa-99ac-11ee-811b-000c29bc6f5e
Ортодокс “Овсяно-Молочный Стаут” (Stout) алк. 5,7% / СТАУТ 1, пэт кег 20л/шт;24;00-00014679;ОВСЯНО-МОЛОЧНЫЙ СТАУТ (пэт кег 20л/шт);ОРТОДОКС;Товар;;0;4670161159143;пэт кег 20л/шт;365;Овсяно-Молочный Стаут;Овсяно-Молочный Стаут;Ортодокс “Овсяно-Молочный Стаут” (Stout) алк. 5,7% / СТАУТ 1, пэт кег 20л/шт;;Алкогольная продукция>SVOI (Сергиев Посад)>Ортодокс кег пэт;5,70;18;16;Stout;4604652;;f87e3a47-cfde-11ee-816c-000c29bc6f5e
Сider House "Double Tree Coconut & Raspberry" (Сider), алк.5,6% / Дабл Три Кокос-малина, бут 0,45л;66;00-00015703;DOUBLE TREE COCONUT & RASPBERRY(бут 0,45л);Cider House;Товар;;180;4630178430765;кор. 12х0,45л ст бут.;730;Double Tree Coconut & Raspberry;Double Tree Coconut & Raspberry;Сider House "Double Tree Coconut & Raspberry" (Сider), алк.5,6% / Дабл Три Кокос-малина, бут 0,45л;;Алкогольная продукция>Cider House>Double Tree бут;5,60;;;Cider;5802169;;5b925595-27c7-11ef-819b-000c29bc6f5e
Сider House "Double Tree Coconut & Raspberry" (Сider), алк.5,6% / Дабл Три Кокос-малина, бут 0,45л;66;00-00015703;DOUBLE TREE COCONUT & RASPBERRY(бут 0,45л);Cider House;Товар;;180;4630178431519;кор. 12х0,45л ст бут.;730;Double Tree Coconut & Raspberry;Double Tree Coconut & Raspberry;Сider House "Double Tree Coconut & Raspberry" (Сider), алк.5,6% / Дабл Три Кокос-малина, бут 0,45л;;Алкогольная продукция>Cider House>Double Tree бут;5,60;;;Cider;5802169;;5b925595-27c7-11ef-819b-000c29bc6f5e
WS Brew "Вишневый Бум" (Fruit Beer) алк. 4,2% / ВС Вишневый Бум, пэт кег 30л;90;00-00016122;ВИШНЕВЫЙ БУМ (пэт кег 30л);WS Brew;Товар;;394;4640229750995;пэт кег 30л;365;Вишнёвый Бум;Вишневый Бум;WS Brew "Вишневый Бум" (Fruit Beer) алк. 4,2% / ВС Вишневый Бум, пэт кег 30л;;Алкогольная продукция>White Stonе>WS Brew кег;4,20;7;;Fruit Beer;5218546;;d6c347ba-48bc-11ef-81ba-000c29bc6f5e
Selfmade "Oculus" (Sour New England IPA) алк. 6,7% / СБ Окулус, ж/б 0,45л;19;00-00022775;OCULUS (ж/б 0,45л);Selfmade;Товар;;332;4640235994895;кор. 12х0,45л ж/б;363;Oculus;Oculus;Selfmade "Oculus" (Sour New England IPA) алк. 6,7% / СБ Окулус, ж/б 0,45л;;Алкогольная продукция>Selfmade>Selfmade ж>б;6,70;52;;Sour New England IPA;4701941;;99aca39e-748b-11f1-9bbe-000c296fac54
GANZA Brewery "Идиллия" (Fruit Beer) алк. 4,5% / Ганза фруктовый эль 17,пэт кег 20л;40;00-00022784;ИДИЛЛИЯ (пэт кег 20л);GANZA Brewery;Товар;;510;4670163076165;пэт кег 20л;360;Идиллия;Идиллия;GANZA Brewery "Идиллия" (Fruit Beer) алк. 4,5% / Ганза фруктовый эль 17,пэт кег 20л;;Алкогольная продукция>GANZA Brewery>GANZA Brewery кег;4,50;;;Fruit Beer;6773277;;39a9ba60-752b-11f1-9bbe-000c296fac54
Chibis "Вишнёвый Код" (Fruit Beer), алк. 6,5% / Фрутбир Вишня, ж/б 0,45л;50;00-00022793;ВИШНЁВЫЙ КОД (ж/б 0,45л);CHIBIS Brewery;Товар;;327;4640233774383;кор. 06х0,45л ж/б;365;Вишнёвый Код;Вишнёвый Код;Chibis "Вишнёвый Код" (Fruit Beer), алк. 6,5% / Фрутбир Вишня, ж/б 0,45л;;Алкогольная продукция>CHIBIS Brewery>CHIBIS Brewery стекло > жб;6,50;;;Fruit Beer;6755753;;ee776508-75df-11f1-9bc0-000c296fac54
Chibis "Вишнёвый Код" (Fruit Beer), алк. 6,5% / Фрутбир Вишня, ж/б 0,45л;50;00-00022793;ВИШНЁВЫЙ КОД (ж/б 0,45л);CHIBIS Brewery;Товар;;327;4640233774482;кор. 06х0,45л ж/б;365;Вишнёвый Код;Вишнёвый Код;Chibis "Вишнёвый Код" (Fruit Beer), алк. 6,5% / Фрутбир Вишня, ж/б 0,45л;;Алкогольная продукция>CHIBIS Brewery>CHIBIS Brewery стекло > жб;6,50;;;Fruit Beer;6755753;;ee776508-75df-11f1-9bc0-000c296fac54
Big Village "VOYAGE DREAM" (New England Hazy IPA) алк. 7,0% / Хейзи Индиа Пейл Эль 9, ж/б 0,45л;13;00-00022804;VOYAGE DREAM (ж/б 0,45л);Big Village;Товар;;341;4620197365933;кор. 12х0,45л ж/б;240;VOYAGE DREAM;VOYAGE DREAM;Big Village "VOYAGE DREAM" (New England Hazy IPA) алк. 7,0% / Хейзи Индиа Пейл Эль 9, ж/б 0,45л;;Алкогольная продукция>Big Village>Big Village ж>б;7;35;;New England Hazy IPA;6764208;;55111563-7908-11f1-9bc1-000c296fac54
Big Village "VOYAGE DREAM" (New England Hazy IPA) алк. 7,0% / Хейзи Индиа Пейл Эль 9, ж/б 0,45л;13;00-00022804;VOYAGE DREAM (ж/б 0,45л);Big Village;Товар;;341;4620197365940;кор. 12х0,45л ж/б;240;VOYAGE DREAM;VOYAGE DREAM;Big Village "VOYAGE DREAM" (New England Hazy IPA) алк. 7,0% / Хейзи Индиа Пейл Эль 9, ж/б 0,45л;;Алкогольная продукция>Big Village>Big Village ж>б;7;35;;New England Hazy IPA;6764208;;55111563-7908-11f1-9bc1-000c296fac54
Rewort Brewery "Парад планет" (Stout - American) алк. 7,5% / ПАРАД ПЛАНЕТ, ж/б 0,45л;613;00-00021741;ПАРАД ПЛАНЕТ (ж/б 0,45л);Rewort;Товар;;264;4630522441362;кор. 12х0,45л ж/б;365;Парад планет;Парад планет;Rewort Brewery "Парад планет" (Stout - American) алк. 7,5% / ПАРАД ПЛАНЕТ, ж/б 0,45л;Новинка!;Алкогольная продукция>SVOI (Сергиев Посад)>Rewort ж>б;7,50;30;17;American Stout;6584136;75;9f415b1c-0bcf-11f1-9bba-000c296fac54
Rewort Brewery "Парад планет" (Stout - American) алк. 7,5% / ПАРАД ПЛАНЕТ, ж/б 0,45л;613;00-00021741;ПАРАД ПЛАНЕТ (ж/б 0,45л);Rewort;Товар;;264;4670161159594;кор. 12х0,45л ж/б;365;Парад планет;Парад планет;Rewort Brewery "Парад планет" (Stout - American) алк. 7,5% / ПАРАД ПЛАНЕТ, ж/б 0,45л;Новинка!;Алкогольная продукция>SVOI (Сергиев Посад)>Rewort ж>б;7,50;30;17;American Stout;6584136;75;9f415b1c-0bcf-11f1-9bba-000c296fac54
Короб "Адвент-календарь" на 6 вложений (286х192х166), "Womаn" печать 4+0, ламинация глянцевая;163;00-00021753;Короб "Адвент-календарь" на 6 вложений WOMAN;Rewort;Товар;Короб "Адвент-календарь" на 6 вложений (286х192х166), "Womаn" печать 4+0, ламинация глянцевая;548;;штучный товар;0;Короб "Адвент-календарь" на 6 вложений WOMAN;Короб "Адвент-календарь" на 6 вложений (286х192х166), "Womаn" печать 4+0, ламинация глянцевая;Короб "Адвент-календарь" на 6 вложений (286х192х166), "Womаn" печать 4+0, ламинация глянцевая;;Алкогольная продукция>SVOI (Сергиев Посад)>Адвент;;;;;;;5740d106-0d69-11f1-9bba-000c296fac54
Rewort Brewery "Весенний вальс" (Sour - Fruited Gose) алк. 5,0% / ГОЗЕ 50, ж/б 0,45л;602;00-00021788;ВЕСЕННИЙ ВАЛЬС (ж/б 0,45л);Rewort;Товар;;275;4630522441461;кор. 12х0,45л ж/б;365;Весенний вальс;Весенний вальс;Rewort Brewery "Весенний вальс" (Sour - Fruited Gose) алк. 5,0% / ГОЗЕ 50, ж/б 0,45л;Новинка!;Алкогольная продукция>SVOI (Сергиев Посад)>Rewort ж>б;5;10;19;Sour - Fruited Gose;6603955;30;597dcf79-117a-11f1-9bba-000c296fac54
Rewort Brewery "Весенний вальс" (Sour - Fruited Gose) алк. 5,0% / ГОЗЕ 50, ж/б 0,45л;602;00-00021788;ВЕСЕННИЙ ВАЛЬС (ж/б 0,45л);Rewort;Товар;;275;4670161159761;кор. 12х0,45л ж/б;365;Весенний вальс;Весенний вальс;Rewort Brewery "Весенний вальс" (Sour - Fruited Gose) алк. 5,0% / ГОЗЕ 50, ж/б 0,45л;Новинка!;Алкогольная продукция>SVOI (Сергиев Посад)>Rewort ж>б;5;10;19;Sour - Fruited Gose;6603955;30;597dcf79-117a-11f1-9bba-000c296fac54
Rewort Brewery "La Tomatina Maxima" (Imperial Gose) алк.6,5% / "ЛЯ ТОМАТИНА МАКСИМА” , ж/б 0,45л;608;00-00019865;LA TOMATINA MAXIMA (ж/б 0,45л);Rewort;Товар;Imperial Gose with tomatoes.;275;4670161155220;кор. 12х0,45л ж/б;365;La Tomatina;La Tomatina MAXIMA;Rewort Brewery "La Tomatina Maxima" (Imperial Gose) алк.6,5% / "ЛЯ ТОМАТИНА МАКСИМА” , ж/б 0,45л;;Алкогольная продукция>SVOI (Сергиев Посад)>Rewort ж>б;6,50;;;Herbed Beer Spiced;4380926;;82f5e483-5b2d-11f0-9bae-000c296fac54
Rewort Brewery "La Tomatina Maxima" (Imperial Gose) алк.6,5% / "ЛЯ ТОМАТИНА МАКСИМА” , ж/б 0,45л;608;00-00019865;LA TOMATINA MAXIMA (ж/б 0,45л);Rewort;Товар;Imperial Gose with tomatoes.;275;4670161157958;кор. 12х0,45л ж/б;365;La Tomatina;La Tomatina MAXIMA;Rewort Brewery "La Tomatina Maxima" (Imperial Gose) алк.6,5% / "ЛЯ ТОМАТИНА МАКСИМА” , ж/б 0,45л;;Алкогольная продукция>SVOI (Сергиев Посад)>Rewort ж>б;6,50;;;Herbed Beer Spiced;4380926;;82f5e483-5b2d-11f0-9bae-000c296fac54
Заповедник "School of Seven Bells" (Dry Fruit Cider), алк. 6% / Скул оф Севен Бэлс, бут. 0,33л;60;00-00019963;SCHOOL OF SEVEN BELLS (бут. 0,33л);Заповедник;Товар;;296;4603759677774;кор. 20х0,33л ст. бут.;730;School of Seven Bells;School of Seven Bells;Заповедник "School of Seven Bells" (Dry Fruit Cider), алк. 6% / Скул оф Севен Бэлс, бут. 0,33л;;Алкогольная продукция>Заповедник>Заповедник бут;6;;;Dry Fruit Cider;5254620;;9e00a782-6174-11f0-9baf-000c296fac54
Zavod "Ticket To Koln" (Kolsch) алк. 4,3% / Тикет ту Кёльн, ж/б  0,45л;30;00-00020007;TICKET TO KOLN (ж/б  0,45л);Zavod Brewery;Товар;;306;4607967292750;кор. 20х0,45л ж/б;360;Ticket To Koln;Ticket To Koln;Zavod "Ticket To Koln" (Kolsch) алк. 4,3% / Тикет ту Кёльн, ж/б  0,45л;;Алкогольная продукция>Zavod Brewery>Zavod Brewery ж>б;4,30;18;;K?lsch;5363298;;4d95295b-6311-11f0-9baf-000c296fac54
Magic Mess "Хмельная среда" (AIPA) алк. 6,5% /Мэджик Месс Хмельная среда, кег 30л;90;00-00020047;ХМЕЛЬНАЯ СРЕДА (кег 30л);Magic Mess;Товар;;359;4660508890822;пэт кег 30л;365;Хмельная среда;Хмельная среда;Magic Mess "Хмельная среда" (AIPA) алк. 6,5% /Мэджик Месс Хмельная среда, кег 30л;;Алкогольная продукция>Magic Mess>Magic Mess кег;6,50;;;American IPA;6170888;;073ee1d7-66e9-11f0-9baf-000c296fac54
GANZA Brewery "ПОЛОВИНКА Красный Виноград ,Грейпфрут" (Lemonade) / ПОЛОВИНКА МИКС 4, ж/б 0,33л;11;00-00016622;ПОЛОВИНКА КРАСНЫЙ ВИНОГРАД,ГРЕЙПФРУТ (ж/б 0,33);GANZA Brewery;Товар;;193;4670163072747;кор. 12х0,33л ж/б;360;ПОЛОВИНКА Красный виноград,Грейпфрут;ПОЛОВИНКА Красный виноград,Грейпфрут;GANZA Brewery "ПОЛОВИНКА Красный Виноград ,Грейпфрут" (Lemonade) / ПОЛОВИНКА МИКС 4, ж/б 0,33л;;Алкогольная продукция>GANZA Brewery>Ganza лимонады;;;;Lemonade;;;75877d65-6b59-11ef-81c9-000c29bc6f5e
Magic Mess "Wake Up, Natasha!" (Fruited Sour Ale) алк.5,5% / Мэджик Месс Вэйкап Наташа, ж/б 0,45л;18;00-00017113;WAKE UP, NATASHA! (ж/б 0,45л);Magic Mess;Товар;;380;4678907716025;кор. 12х0,45л ж/б;365;Wake Up, Natasha!;Wake Up, Natasha!;Magic Mess "Wake Up, Natasha!" (Fruited Sour Ale) алк.5,5% / Мэджик Месс Вэйкап Наташа, ж/б 0,45л;;Алкогольная продукция>Magic Mess>Magic Mess ж>б;5,50;;;Fruited Sour Ale;5345223;;05104013-96e8-11ef-8210-000c29bc6f5e
Rewort Brewery “Тяжёлый люкс” (American IPA) алк. 6,5% / Тяжелый Люкс, ж/б 0,45л;66;00-00017457;ТЯЖЁЛЫЙ ЛЮКС (ж/б 0,45л);Rewort;Товар;;254;4670161155862;кор. 12х0,45л ж/б;365;Тяжёлый люкс;Тяжёлый люкс;Rewort Brewery “Тяжёлый люкс” (American IPA) алк. 6,5% / Тяжелый Люкс, ж/б 0,45л;;Алкогольная продукция>SVOI (Сергиев Посад)>Rewort ж>б;6,50;55;16;American IPA (Cascade/Centennial);6049577;10;c9141acd-b177-11ef-8213-000c29bc6f5e
Rewort Brewery “Тяжёлый люкс” (American IPA) алк. 6,5% / Тяжелый Люкс, ж/б 0,45л;66;00-00017457;ТЯЖЁЛЫЙ ЛЮКС (ж/б 0,45л);Rewort;Товар;;254;4670161156616;кор. 12х0,45л ж/б;365;Тяжёлый люкс;Тяжёлый люкс;Rewort Brewery “Тяжёлый люкс” (American IPA) алк. 6,5% / Тяжелый Люкс, ж/б 0,45л;;Алкогольная продукция>SVOI (Сергиев Посад)>Rewort ж>б;6,50;55;16;American IPA (Cascade/Centennial);6049577;10;c9141acd-b177-11ef-8213-000c29bc6f5e
Rewort Brewery “Петлевая Квантовая Гравитация”(Stout)алк.11%/ПЕТЛЕВАЯ КВАНТОВАЯ ГРАВИТАЦИЯ,ж/б 0,33л;378;00-00017712;ПЕТЛЕВАЯ КВАНТОВАЯ ГРАВИТАЦИЯ (ж/б 0,33л);Rewort;Товар;;285;4670161156203;кор. 12х0,33л ж/б;1100;Петлевая Квантовая Гравитация;Петлевая Квантовая Гравитация;Rewort Brewery “Петлевая Квантовая Гравитация”(Stout)алк.11%/ПЕТЛЕВАЯ КВАНТОВАЯ ГРАВИТАЦИЯ,ж/б 0,33л;;Алкогольная продукция>SVOI (Сергиев Посад)>Rewort ж>б;11;50;30;Wine Barrel Aged Pastry Imperial Stout;6071580;75;6fedf36b-c29d-11ef-8216-000c29bc6f5e
Plague Brew "Essenbach Alkoholfrei" (Non-alco Beer), алк 0,5% / Светлая нулевка 3, ж/б 0,45л;12;00-00022833;ESSENBACH ALKOHOLFREI (ж/б 0,45л);Plague Brew;Товар;;277;4610563500556;кор. 06х0,45л ж/б;365;Essenbach Alkoholfrei;Essenbach Alkoholfrei;Plague Brew "Essenbach Alkoholfrei" (Non-alco Beer), алк 0,5% / Светлая нулевка 3, ж/б 0,45л;;Алкогольная продукция>Plague Brew>Plague Brew Б>А;0,50;8;;Non-Alco;6653896;;0d7841c7-7aa7-11f1-9bc1-000c296fac54
Gravity Project "Это способ касаться тебя" (Non-Alcoholic - Cider) алк 0,5% / База, бут. 0,33л;16;00-00022847;ЭТО СПОСОБ КАСАТЬСЯ ТЕБЯ (бут. 0,33л);Gravity Project Лимонады;Товар;;185;4640422940568;кор. 12х0,33л ст. бут.;365;Это способ касаться тебя;Это способ касаться тебя;Gravity Project "Это способ касаться тебя" (Non-Alcoholic - Cider) алк 0,5% / База, бут. 0,33л;;Алкогольная продукция>Gravity Project>Gravity Project Б>А;0,50;;;Non-Alcoholic - Cider;6774488;;2d37d2e2-7b66-11f1-9bc1-000c296fac54
DIETA "Эта Диета Просто Бомба" (Session - IPA) алк.4.5% / Диета ипа 1, ж/б 0,45л;58;00-00022857;ЭТА ДИЕТА ПРОСТО БОМБА (ж/б ,45л);DIETA;Товар;;345;4620402496957;кор. 20х0,45л ж/б;360;Эта Диета Просто Бомба;Эта Диета Просто Бомба;DIETA "Эта Диета Просто Бомба" (Session - IPA) алк.4.5% / Диета ипа 1, ж/б 0,45л;;Алкогольная продукция>DIETA>DIETA  ж>б;4,50;;;Session IPA;6752725;;0f0e09e0-7f4c-11f1-9bc3-000c296fac54
Заповедник "Заповедный Мёд с брусникой" (Mead - Cyser) алк. 5.8% / Заповедный мёд 1, пэт кег 30л;30;00-00022655;ЗАПОВЕДНЫЙ МЁД С БРУСНИКОЙ (пэт кег 30л);Заповедник;Товар;;490;4630442770191;пэт кег 30л;730;Заповедный Мёд с брусникой;Заповедный Мёд с брусникой;Заповедник "Заповедный Мёд с брусникой" (Mead - Cyser) алк. 5.8% / Заповедный мёд 1, пэт кег 30л;;Алкогольная продукция>Заповедник>Заповедник кег;5,80;;;Mead;6735097;;71422ffe-6eec-11f1-9bbe-000c296fac54
Gravity Project "Это Манго" (Cider) алк. 5% / Фрут Мид 2, бут. 0,45л;25;00-00022710;ЭТО МАНГО (бут. 0,45л);Gravity Project;Товар;Сидр с пюре манго. Летний, легкий, освежающий!;329;4640422940513;кор. 12х0,45л ст бут.;365;Это Манго;Это Манго;Gravity Project "Это Манго" (Cider) алк. 5% / Фрут Мид 2, бут. 0,45л;;Алкогольная продукция>Gravity Project>Gravity Project стекло;5;;;Cider;3263346;;f408495d-6fc1-11f1-9bbe-000c296fac54
Big Pot "Шарик ( Желтый )" (Smoothie) алк. 6,5% / БИГПОТ СМУЗИ 19, ж/б 0,45л;106;00-00022724;ШАРИК ( ЖЕЛТЫЙ ) (ж/б 0,45л);Big Pot;Товар;;359;4620402496667;кор. 12х0,45л ж/б;360;Шарик ( Жёлтый );Шарик ( Жёлтый );Big Pot "Шарик ( Желтый )" (Smoothie) алк. 6,5% / БИГПОТ СМУЗИ 19, ж/б 0,45л;Новинка!;Алкогольная продукция>Big Pot>Big Pot ж>б;6,50;;;Smoothie;6754568;;f1b80c2e-6fc6-11f1-9bbe-000c296fac54
Мантра "Эрскрашер" (American IPA) алк 6% /Пиво светлое 6 ,ж/б 0,45л;100;00-00022750;ЭРСКРАШЕР (ж/б 0,45л);Мантра;Товар;;340;4620478130410;кор. 20х0,45л ж/б;365;Эрскрашер;Эрскрашер;Мантра "Эрскрашер" (American IPA) алк 6% /Пиво светлое 6 ,ж/б 0,45л;;Алкогольная продукция>Мантра>Мантра ж>б;6;30;;IPA - American;6743384;;677d7efc-73aa-11f1-9bbe-000c296fac54
Blur Meadery “Классическая серия: Традиционный мёд“ (Mead) алк. 5,0% / БЛЮР 1, пэт кег 20л/шт;8;00-00021902;ТРАДИЦИОННЫЙ МЁД (пэт кег 20л/шт);BLUR;Товар;;0;4630522441683;пэт кег 20л/шт;365;Классическая серия: Традиционный мёд;Классическая серия: Традиционный мёд;Blur Meadery “Классическая серия: Традиционный мёд“ (Mead) алк. 5,0% / БЛЮР 1, пэт кег 20л/шт;;Алкогольная продукция>SVOI (Сергиев Посад)>Blur Meadery кег пэт;5;;;Mead;6576228;;df187056-1d31-11f1-9bbb-000c296fac54
Big Village "ВЕРТИКАЛЬ" (Double India Pale Ale) алк. 8% / Дабл Индиа Пейл Эль, ж/б 0,45л;54;00-00021930;ВЕРТИКАЛЬ (ж/б 0,45л);Big Village;Товар;;293;4609642279612;кор. 12х0,45л ж/б;240;ВЕРТИКАЛЬ;ВЕРТИКАЛЬ;Big Village "ВЕРТИКАЛЬ" (Double India Pale Ale) алк. 8% / Дабл Индиа Пейл Эль, ж/б 0,45л;Новинка!;Алкогольная продукция>Big Village>Big Village ж>б;8;90;;Double India Pale Ale;6614323;;0315ad39-21d1-11f1-9bbc-000c296fac54
Big Village "ВЕРТИКАЛЬ" (Double India Pale Ale) алк. 8% / Дабл Индиа Пейл Эль, ж/б 0,45л;54;00-00021930;ВЕРТИКАЛЬ (ж/б 0,45л);Big Village;Товар;;293;4609642279629;кор. 12х0,45л ж/б;240;ВЕРТИКАЛЬ;ВЕРТИКАЛЬ;Big Village "ВЕРТИКАЛЬ" (Double India Pale Ale) алк. 8% / Дабл Индиа Пейл Эль, ж/б 0,45л;Новинка!;Алкогольная продукция>Big Village>Big Village ж>б;8;90;;Double India Pale Ale;6614323;;0315ad39-21d1-11f1-9bbc-000c296fac54
Gravity Project "Молодой" (Cider) алк. 6% / ТРАД ГРАВИТИ, бут. 0,5л;17;00-00021957;МОЛОДОЙ (бут. 0,5л);Gravity Project;Товар;;303;4640422940384;кор. 12х0,5л ст. бут.;1095;Молодой;Молодой;Gravity Project "Молодой" (Cider) алк. 6% / ТРАД ГРАВИТИ, бут. 0,5л;;Алкогольная продукция>Gravity Project>Gravity Project стекло;6;;;Cider;6628935;;81092deb-2423-11f1-9bbc-000c296fac54
White Stone "Не по зубам" (Milk Stout) алк. 8% / ВС Ореховый Стаут, 0,45 ж/б;94;00-00021987;НЕ ПО ЗУБАМ (0,45 ж/б);White Stone;Товар;;317;4640229752746;кор. 12х0,45л ж/б;365;Не по зубам;Не по зубам;White Stone "Не по зубам" (Milk Stout) алк. 8% / ВС Ореховый Стаут, 0,45 ж/б;Новинка!;Алкогольная продукция>White Stonе>White Stonе ж>б;8;11;;Milk Stout;6609525;;e3c0acc8-2438-11f1-9bbc-000c296fac54
White Stone "Не по зубам" (Milk Stout) алк. 8% / ВС Ореховый Стаут, 0,45 ж/б;94;00-00021987;НЕ ПО ЗУБАМ (0,45 ж/б);White Stone;Товар;;317;4640229752753;кор. 12х0,45л ж/б;365;Не по зубам;Не по зубам;White Stone "Не по зубам" (Milk Stout) алк. 8% / ВС Ореховый Стаут, 0,45 ж/б;Новинка!;Алкогольная продукция>White Stonе>White Stonе ж>б;8;11;;Milk Stout;6609525;;e3c0acc8-2438-11f1-9bbc-000c296fac54
Zagovor Brewery "Ore wo nome" (Rice Lager) алк. 5% / Оре во номе, ж/б 0,45л;25;00-00020099;ORE WO NOME (ж/б 0,45л);Zagovor Brewery;Товар;;285;4670223013307;кор. 20х0,45л ж/б;365;Ore wo nome;Ore wo nome;Zagovor Brewery "Ore wo nome" (Rice Lager) алк. 5% / Оре во номе, ж/б 0,45л;;Алкогольная продукция>Zagovor Brewery>Zagovor Brewery ж>б;5;15;;Rice Lager;5895557;;39013f34-6c61-11f0-9baf-000c296fac54
Rewort Brewery "Muammar G." (Double IPA) алк. 8,6% / МУАММАР Г., ж/б 0,45л;973;00-00020308;MUAMMAR G. (ж/б 0,45л);Rewort;Товар;;285;4670161154582;кор. 12х0,45л ж/б;365;Muammar G.;Muammar G.;Rewort Brewery "Muammar G." (Double IPA) алк. 8,6% / МУАММАР Г., ж/б 0,45л;;Алкогольная продукция>SVOI (Сергиев Посад)>Rewort ж>б;8,60;70;20,50;Double IPA;2436729;17;e15ca473-784a-11f0-9bb0-000c296fac54
Rewort Brewery "Muammar G." (Double IPA) алк. 8,6% / МУАММАР Г., ж/б 0,45л;973;00-00020308;MUAMMAR G. (ж/б 0,45л);Rewort;Товар;;285;4670161155312;кор. 12х0,45л ж/б;365;Muammar G.;Muammar G.;Rewort Brewery "Muammar G." (Double IPA) алк. 8,6% / МУАММАР Г., ж/б 0,45л;;Алкогольная продукция>SVOI (Сергиев Посад)>Rewort ж>б;8,60;70;20,50;Double IPA;2436729;17;e15ca473-784a-11f0-9bb0-000c296fac54
Край Земли "Сухой" (Dry Cider) алк. 5,5% / КРАЙ ЗЕМЛИ, бут. 0,33л;60;00-00020339;СУХОЙ (бут. 0,33л);Край Земли;Товар;;325;4627192388592;кор. 12х0,33л ст. бут.;1095;Сухой;Сухой;Край Земли "Сухой" (Dry Cider) алк. 5,5% / КРАЙ ЗЕМЛИ, бут. 0,33л;;Алкогольная продукция>Край Земли>Край земли бут;5,50;;;Dry Cider;5716082;;ab043b57-79a8-11f0-9bb0-000c296fac54
GANZA Brewery "EXCOMMUNICADO" (American IPA) алк. 7% / Ганза Экскомьюникадо, ж/б 0,45 л;41;00-00020376;EXCOMMUNICADO (ж/б 0,45);GANZA Brewery;Товар;;331;4670163075304;кор. 12х0,45л ж/б;360;EXCOMMUNICADO;EXCOMMUNICADO;GANZA Brewery "EXCOMMUNICADO" (American IPA) алк. 7% / Ганза Экскомьюникадо, ж/б 0,45 л;;Алкогольная продукция>GANZA Brewery>GANZA Brewery ж>б;7;80;;American IPA;6369035;;de5a0c1f-7d93-11f0-9bb0-000c296fac54
Zagovor Brewery "ЗАТМИМ" (Fruited Sour Ale) алк. 6% / Затмим, ж/б  0,45л;11;00-00017785;ЗАТМИМ (ж/б 0,45л);Zagovor Brewery;Товар;;380;4670223011884;кор. 20х0,45л ж/б;365;ЗАТМИМ;ЗАТМИМ;Zagovor Brewery "ЗАТМИМ" (Fruited Sour Ale) алк. 6% / Затмим, ж/б  0,45л;;Алкогольная продукция>Zagovor Brewery>Zagovor Brewery ж>б;6;;;Fruited Sour Ale;6107140;;f3733c0a-ce87-11ef-821a-000c29bc6f5e
Токсовская сидрерия "Maple Thieves. Vintage 2023" (Cider) алк. 4,7%, / Вакх, бут.  0,33л;22;00-00017870;MAPLE THIEVES. VINTAGE 2023 (бут.  0,33л);On the Bones;Товар;;325;4627159252447;кор. 12х0,33л ст. бут.;1095;Maple Thieves. Vintage 2023;Maple Thieves. Vintage 2023;Токсовская сидрерия "Maple Thieves. Vintage 2023" (Cider) алк. 4,7%, / Вакх, бут.  0,33л;;Алкогольная продукция>On the Bones>On the Bones стекло;4,70;;;Cider;5986096;;934aa5b0-d417-11ef-821a-000c29bc6f5e
Ostrovica "IPA" (American IPA), алк. 6,2%,  / Островица Индийский пэйл эль, ж/б 0,45л;29;00-00017926;OSTROVICA IPA (ж/б 0,45л);Ostrovica Brewery;Товар;;278;4640205261859;кор. 20х0,45л ж/б;360;IPA;IPA;Ostrovica "IPA" (American IPA), алк. 6,2%,  / Островица Индийский пэйл эль, ж/б 0,45л;;Алкогольная продукция>Ostrovica (Аша)>Ostrovica ж>б;6,20;55;15;American IPA;1304151;;d6884e7e-da50-11ef-821f-000c29bc6f5e
Ostrovica "IPA" (American IPA), алк. 6,2%,  / Островица Индийский пэйл эль, ж/б 0,45л;29;00-00017926;OSTROVICA IPA (ж/б 0,45л);Ostrovica Brewery;Товар;;278;4640205264515;кор. 20х0,45л ж/б;360;IPA;IPA;Ostrovica "IPA" (American IPA), алк. 6,2%,  / Островица Индийский пэйл эль, ж/б 0,45л;;Алкогольная продукция>Ostrovica (Аша)>Ostrovica ж>б;6,20;55;15;American IPA;1304151;;d6884e7e-da50-11ef-821f-000c29bc6f5e
Chibis "Avenue 77:Simcoe&Mozaik"(IPA)алк.6,5%/Авеню 77 Симко энд Мазаик Индийский Пэйл Эль,ж/б 0,45л;12;00-00018054;AVENUE 77: SIMCOE & MOZAIK (ж/б 0,45л);CHIBIS Brewery;Товар;Американский сухой IPA из линейки Avenue 77. Использованы два хмеля: Simcoe и Mosaic;317;4640233771313;кор. 06х0,45л ж/б;365;Avenue 77 Simcoe & Mosaic;Avenue 77 Simcoe & Mosaic;Chibis "Avenue 77:Simcoe&Mozaik"(IPA)алк.6,5%/Авеню 77 Симко энд Мазаик Индийский Пэйл Эль,ж/б 0,45л;;Алкогольная продукция>CHIBIS Brewery>CHIBIS Brewery стекло > жб;6,50;50;;American IРА;2154773;;9172206b-e2df-11ef-8221-000c29bc6f5e
Chibis "Avenue 77:Simcoe&Mozaik"(IPA)алк.6,5%/Авеню 77 Симко энд Мазаик Индийский Пэйл Эль,ж/б 0,45л;12;00-00018054;AVENUE 77: SIMCOE & MOZAIK (ж/б 0,45л);CHIBIS Brewery;Товар;Американский сухой IPA из линейки Avenue 77. Использованы два хмеля: Simcoe и Mosaic;317;4640233773034;кор. 06х0,45л ж/б;365;Avenue 77 Simcoe & Mosaic;Avenue 77 Simcoe & Mosaic;Chibis "Avenue 77:Simcoe&Mozaik"(IPA)алк.6,5%/Авеню 77 Симко энд Мазаик Индийский Пэйл Эль,ж/б 0,45л;;Алкогольная продукция>CHIBIS Brewery>CHIBIS Brewery стекло > жб;6,50;50;;American IРА;2154773;;9172206b-e2df-11ef-8221-000c29bc6f5e
Rewort Brewery "Каскад" (Lager - Polotmav? (Czech Amber)) алк. 5,1% / ЛАГЕР 15, пэт кег 20л/шт;23;00-00022889;КАСКАД (пэт кег 20л/шт);Rewort;Товар;;0;4630522442635;пэт кег 20л/шт;365;Каскад;Каскад;Rewort Brewery "Каскад" (Lager - Polotmav? (Czech Amber)) алк. 5,1% / ЛАГЕР 15, пэт кег 20л/шт;Новинка!;Алкогольная продукция>SVOI (Сергиев Посад)>Rewort кег пэт;5,10;;;Lager - Czech Pale;6764110;;2a0780aa-8049-11f1-9bc3-000c296fac54
Brewlok "PartyHop: Citra" (Double IPA) алк. 6.9% / Эль 88, ж/б 0,45л;26;00-00022932;PARTYHOP: CITRA (ж/б 0,45л);Brewlok;Товар;;306;4640437583576;кор. 12х0,45л ж/б;366;PartyHop: Citra;PartyHop: Citra;Brewlok "PartyHop: Citra" (Double IPA) алк. 6.9% / Эль 88, ж/б 0,45л;;Алкогольная продукция>Brewlok (Воронеж)>Brewlok ж>б;6,90;;;Double IPA;6763312;;e3932d0f-810c-11f1-9bc3-000c296fac54
Duck Cider "Гранат" (Fruit Cider) алк. 5,5% /ДАК САЙДЕР Гранат, бут. 0,5л;47;00-00022948;ГРАНАТ (бут. 0,5л);Сидродельня Леонида Леврана;Товар;;311;4603728537955;кор. 12х0,5л ст. бут.;720;Гранат;Гранат;Duck Cider "Гранат" (Fruit Cider) алк. 5,5% /ДАК САЙДЕР Гранат, бут. 0,5л;;Алкогольная продукция>Сидродельня Леонида Леврана>Duck Cider;5,50;;;Cider;6728156;;b3a2ac11-840b-11f1-9bc3-000c296fac54
White Stone "В собственном соку (Осветлённое)" (Gose) алк. 6% / ВС Гозе 1, пэт кег 20л;40;00-00022975;В СОБСТВЕННОМ СОКУ (ОСВЕТЛЁННОЕ) (пэт кег 20л);White Stone;Товар;;437;4640229752111;пэт кег 20л;365;В собственном соку (Осветлённое);В собственном соку (Осветлённое);White Stone "В собственном соку (Осветлённое)" (Gose) алк. 6% / ВС Гозе 1, пэт кег 20л;;Алкогольная продукция>White Stonе>White Stonе кег;6;7;;Gose;6186953;;fb696a0e-85a5-11f1-9bc3-000c296fac54
HopHead "Yucatan" (Double New England IPA) алк 8% / Хопхэд дабл неипа 1, ж/б 0,45л;18;00-00022015;YUCATAN (ж/б 0,45л);HopHead;Товар;;382;4620402494878;кор. 20х0,45л ж/б;360;Yucatan;Yucatan;HopHead "Yucatan" (Double New England IPA) алк 8% / Хопхэд дабл неипа 1, ж/б 0,45л;;Алкогольная продукция>HopHead>HopHead ж>б;8;25;;Double New England IPA;6629719;;e53ad762-28e9-11f1-9bbc-000c296fac54
Magic Mess "QACK OF ICE" (American IPA) алк.8.5% /Мэджик Месс ДИПА 5, ж/б 0,45л;22;00-00022066;QACK OF ICE (ж/б 0,45л);Magic Mess;Товар;;411;4660508892482;кор. 12х0,45л ж/б;365;QACK OF ICE;QACK OF ICE;Magic Mess "QACK OF ICE" (American IPA) алк.8.5% /Мэджик Месс ДИПА 5, ж/б 0,45л;;Алкогольная продукция>Magic Mess>Magic Mess ж>б;8,50;;;American IPA;6584067;;afa6658b-2cd4-11f1-9bbc-000c296fac54
Salden's "India Pale Lager Cashmere" (Lager) алк. 7% / Салденс #200 Американ ИПА, ж/б 0,45л;34;00-00022089;INDIA PALE LAGER CASHMERE (жб. 0,45л);Salden's;Товар;;275;4620085785300;кор. 20х0,45л ж/б;180;India Pale Lager Cashmere;India Pale Lager Cashmere;Salden's "India Pale Lager Cashmere" (Lager) алк. 7% / Салденс #200 Американ ИПА, ж/б 0,45л;;Алкогольная продукция>Saldens>Salden's ж>б;7;16;;Lager;;;0e060434-2f36-11f1-9bbc-000c296fac54
Nuclear Brewery"Очень горьк опыт:DIPA на хме Chino Colu"(DIPA)алк.8%/Очень горький опыт 2,ж/б0,45л;15;00-00022118;ОЧЕНЬ ГОРЬК ОПЫТ:DIPA НА ХМЕ CHINO COL (ж/б 0,45л);Nuclear Brewery;Товар;;327;4620313031803;кор. 20х0,45л ж/б;365;Очень горький опыт: DIPA на хмелях Chinook и Columbus;Очень горький опыт: DIPA на хмелях Chinook и Columbus;Nuclear Brewery"Очень горьк опыт:DIPA на хме Chino Colu"(DIPA)алк.8%/Очень горький опыт 2,ж/б0,45л;;Алкогольная продукция>Nuclear Brewery;8;80;;Double IPA;6655399;;03467699-34a6-11f1-9bbc-000c296fac54
Ортодокс “Марцен” (Lager) алк. 5,5% / МАРЦЕН, ж/б 0,45л;237;00-00020404;МАРЦЕН (ж/б 0,45л);ОРТОДОКС;Товар;;222;4670161154506;кор. 12х0,45л ж/б;365;Марцен;Марцен;Ортодокс “Марцен” (Lager) алк. 5,5% / МАРЦЕН, ж/б 0,45л;;Алкогольная продукция>SVOI (Сергиев Посад)>Ортодокс ж>б;5,50;21;14,50;Lager;5577302;;cb1c8045-7f20-11f0-9bb0-000c296fac54
Ортодокс “Марцен” (Lager) алк. 5,5% / МАРЦЕН, ж/б 0,45л;237;00-00020404;МАРЦЕН (ж/б 0,45л);ОРТОДОКС;Товар;;222;4670161155688;кор. 12х0,45л ж/б;365;Марцен;Марцен;Ортодокс “Марцен” (Lager) алк. 5,5% / МАРЦЕН, ж/б 0,45л;;Алкогольная продукция>SVOI (Сергиев Посад)>Ортодокс ж>б;5,50;21;14,50;Lager;5577302;;cb1c8045-7f20-11f0-9bb0-000c296fac54
Zavod "Aureole" (New England IPA) алк. 6,2% / Ореол, ж/б 0,45л;8;00-00020488;AUREOLE (ж/б 0,45л);Zavod Brewery;Товар;;359;4607967291616;кор. 20х0,45л ж/б;360;Aureole;Aureole;Zavod "Aureole" (New England IPA) алк. 6,2% / Ореол, ж/б 0,45л;;Алкогольная продукция>Zavod Brewery>Zavod Brewery ж>б;6,20;45;;New England IPA;5362594;;5f5c031e-87ca-11f0-9bb0-000c296fac54
Заповедник "БарКас" (Hopped Semi Dry Cider) алк. 5,7% / ДРУЖБИСТ 13, бут. 0,33л;75;00-00020542;БАРКАС (бут. 0,33л);Заповедник;Товар;;296;4603759677897;кор. 20х0,33л ст. бут.;730;БарКас;БарКас;Заповедник "БарКас" (Hopped Semi Dry Cider) алк. 5,7% / ДРУЖБИСТ 13, бут. 0,33л;;Алкогольная продукция>Заповедник>Заповедник бут;5,70;;;Hopped Semi Dry Cider;6315841;;09f93568-8a3f-11f0-9bb0-000c296fac54
TBP "Я ДИПА извиняюсь" (DIPA) алк. 8,5% / Теория большого пива 4, ж/б 0,45л;496;00-00020585;Я ДИПА ИЗВИНЯЮСЬ (ж/б 0,45л);TBP;Товар;;359;4670161158887;кор. 12х0,45л ж/б;365;Я ДИПА извиняюсь;Я ДИПА извиняюсь;TBP "Я ДИПА извиняюсь" (DIPA) алк. 8,5% / Теория большого пива 4, ж/б 0,45л;Новинка!;Алкогольная продукция>Ostrovica (Аша)>ТВР ж>б;8,50;;;DIPA;6409106;;42c74baf-8f12-11f0-9bb0-000c296fac54
Rewort Brewery "Currant Values" (Melomel) алк. 5,2% / КУРАНТ ВЭЛЬЮС, ж/б 0,45л;1;00-00018100;CURRANT VALUES (ж/б 0,45л);Rewort;Товар;;259;4670161155039;кор. 12х0,45л ж/б;365;Currant Values;Currant Values;Rewort Brewery "Currant Values" (Melomel) алк. 5,2% / КУРАНТ ВЭЛЬЮС, ж/б 0,45л;;Алкогольная продукция>SVOI (Сергиев Посад)>Rewort ж>б;5,20;;18;Red Currant and Black Currant Melomel;5141368;;9135e0b3-e776-11ef-8221-000c29bc6f5e
Rewort Brewery "Currant Values" (Melomel) алк. 5,2% / КУРАНТ ВЭЛЬЮС, ж/б 0,45л;1;00-00018100;CURRANT VALUES (ж/б 0,45л);Rewort;Товар;;259;4670161157972;кор. 12х0,45л ж/б;365;Currant Values;Currant Values;Rewort Brewery "Currant Values" (Melomel) алк. 5,2% / КУРАНТ ВЭЛЬЮС, ж/б 0,45л;;Алкогольная продукция>SVOI (Сергиев Посад)>Rewort ж>б;5,20;;18;Red Currant and Black Currant Melomel;5141368;;9135e0b3-e776-11ef-8221-000c29bc6f5e
Salden's "Triple IPA (Citra, Mosaic, Simcoe)" (Triple IPA) алк. 10% / Салденс Трипл ИПА, ж/б 0,45л;108;00-00018165;TRIPLE IPA (CITRA, MOSAIC, SIMCOE) (ж/б 0,45л);Salden's;Товар;;322;4620085786093;кор. 20х0,45л ж/б;180;Triple IPA (Citra, Mosaic, Simcoe);Triple IPA (Citra, Mosaic, Simcoe);Salden's "Triple IPA (Citra, Mosaic, Simcoe)" (Triple IPA) алк. 10% / Салденс Трипл ИПА, ж/б 0,45л;;Алкогольная продукция>Saldens>Salden's ж>б;10;200;;Triple IPA;5209256;;bd7729a3-e950-11ef-8221-000c29bc6f5e
Zagovor Brewery "Pixel" (Mosaic Single Hop IPA) алк. 7% / Пиксел, ж/б  0,45л;21;00-00018258;PIXEL (ж/б  0,45л);Zagovor Brewery;Товар;В концепции новинки мы опять обратились к экстремумам, теперь уже к наименьшей единице растрового изображения, основе основ, простому Пикселю. Ведь благодаря их совокупности мы сейчас наслаждаемся и аркадными играми, и виртуальной реальностью, и видами глубокого космоса.;364;4670223012300;кор. 20х0,45л ж/б;365;Pixel;Pixel;Zagovor Brewery "Pixel" (Mosaic Single Hop IPA) алк. 7% / Пиксел, ж/б  0,45л;;Алкогольная продукция>Zagovor Brewery>Zagovor Brewery ж>б;7;65;15,70;Mosaic Single Hop IPA;1632372;;7c7c910c-f362-11ef-8222-000c29bc6f5e
Sabotage "Социальное напряжение " (Pilsner), алк. 4,5% / Социальное напряжение, ж/б 0,45;37;00-00018329;СОЦИАЛЬНОЕ НАПРЯЖЕНИЕ (ж/б 0,45л);Sabotage Brewery;Товар;;269;4620235851664;кор. 20х0,45л ж/б;365;Социальное напряжение;Социальное напряжение;Sabotage "Социальное напряжение " (Pilsner), алк. 4,5% / Социальное напряжение, ж/б 0,45;;Алкогольная продукция>Sabotage Brewery>Sabotage ж>б;4,50;30;12;Pilsner;3955955;;a0a3982b-f824-11ef-8223-000c29bc6f5e
Sabotage "Социальное напряжение " (Pilsner), алк. 4,5% / Социальное напряжение, ж/б 0,45;37;00-00018329;СОЦИАЛЬНОЕ НАПРЯЖЕНИЕ (ж/б 0,45л);Sabotage Brewery;Товар;;269;4620235853408;кор. 20х0,45л ж/б;365;Социальное напряжение;Социальное напряжение;Sabotage "Социальное напряжение " (Pilsner), алк. 4,5% / Социальное напряжение, ж/б 0,45;;Алкогольная продукция>Sabotage Brewery>Sabotage ж>б;4,50;30;12;Pilsner;3955955;;a0a3982b-f824-11ef-8223-000c29bc6f5e
Black Cat "Мятная рыбка" (Sour Ale), алк. 4.7% / КОЛЛАБ ЛЕТ МИ БРЮ, ж/б 0,45л;16;00-00022986;МЯТНАЯ РЫБКА (ж/б 0,45л);Black Cat;Товар;;353;4650300022804;кор. 12х0,45л ж/б;360;Мятная рыбка;Мятная рыбка;Black Cat "Мятная рыбка" (Sour Ale), алк. 4.7% / КОЛЛАБ ЛЕТ МИ БРЮ, ж/б 0,45л;;Алкогольная продукция>Black Cat Brewery>Black Cat Brewery стекло > жб;4,70;;;Sour Ale;6790365;;024bd028-865d-11f1-9bc3-000c296fac54
4 Brewers "Прогрев IPA [NO ALCO]" (Non-Alcoholic - IPA) алк. 0.5% / ИПЭ 3, ж/б 0,45л;59;00-00022994;ПРОГРЕВ IPA [NO ALCO] (ж/б 0,45л);4 Brewers;Товар;;301;4680820157014;кор. 12х0,45л ж/б;180;Прогрев IPA [NO ALCO];Прогрев IPA [NO ALCO];4 Brewers "Прогрев IPA [NO ALCO]" (Non-Alcoholic - IPA) алк. 0.5% / ИПЭ 3, ж/б 0,45л;;Алкогольная продукция>4 Brewers>4 Brewers б>а;0,50;;;Non-Alcoholic IPA;6800479;;71a209f9-8673-11f1-9bc3-000c296fac54
4 Brewers "Прогрев IPA [NO ALCO]" (Non-Alcoholic - IPA) алк. 0.5% / ИПЭ 3, ж/б 0,45л;59;00-00022994;ПРОГРЕВ IPA [NO ALCO] (ж/б 0,45л);4 Brewers;Товар;;301;4680820157052;кор. 12х0,45л ж/б;180;Прогрев IPA [NO ALCO];Прогрев IPA [NO ALCO];4 Brewers "Прогрев IPA [NO ALCO]" (Non-Alcoholic - IPA) алк. 0.5% / ИПЭ 3, ж/б 0,45л;;Алкогольная продукция>4 Brewers>4 Brewers б>а;0,50;;;Non-Alcoholic IPA;6800479;;71a209f9-8673-11f1-9bc3-000c296fac54
Red Rocket "KURLYK" (Pale Ale - American) алк. 5.5% /РЕД РОКЕТ АПА ж/б 0,45л;40;00-00023007;KURLYK (ж/б 0,45л);Red Rocket;Товар;;330;4640229932735;кор. 20х0,45л ж/б;360;KURLYK;KURLYK;Red Rocket "KURLYK" (Pale Ale - American) алк. 5.5% /РЕД РОКЕТ АПА ж/б 0,45л;;Алкогольная продукция>Red Rocket Brewery>Red Rocket ж>б;5,50;35;;American Pale Ale;6757477;;7097f202-8b40-11f1-9bc3-000c296fac54
Ортодокс & Rewort Brewery “Ул. Карла Маркса” (Fruit Beer) алк. 6,0% /ФРУТ БИР 100, пэт кег 20л/шт;55;00-00021144;УЛ.КАРЛА МАРКСА (пэт кег 20л/шт);ОРТОДОКС;Товар;;0;4630522440648;пэт кег 20л/шт;365;Ул. Карла Маркса;Ул. Карла Маркса;Ортодокс & Rewort Brewery “Ул. Карла Маркса” (Fruit Beer) алк. 6,0% /ФРУТ БИР 100, пэт кег 20л/шт;Новинка!;Алкогольная продукция>SVOI (Сергиев Посад)>Ортодокс кег пэт;6;;;Fruit Beer;6440569;;724327b5-c3c7-11f0-9bb2-000c296fac54
Mister Bee "Feijoa" (Мистер БИ "Фейхоа") (Mead) алк. 5% / Мистер БИ, бут 0,45л;177;00-00021213;MISTER BEE FEIJOA (ФЕЙХОА) (бут 0,45л);Cider House;Товар;;191;4680140431559;кор. 12х0,45л ст бут.;730;Mister Bee Feijoa;Mister Bee Feijoa;Mister Bee "Feijoa" (Мистер БИ "Фейхоа") (Mead) алк. 5% / Мистер БИ, бут 0,45л;;Алкогольная продукция>Cider House>Mister Bee бут;5;;;Mead;6349234;;5caa8c28-c9ce-11f0-9bb2-000c296fac54
Mister Bee "Feijoa" (Мистер БИ "Фейхоа") (Mead) алк. 5% / Мистер БИ, бут 0,45л;177;00-00021213;MISTER BEE FEIJOA (ФЕЙХОА) (бут 0,45л);Cider House;Товар;;191;4680140432204;кор. 12х0,45л ст бут.;730;Mister Bee Feijoa;Mister Bee Feijoa;Mister Bee "Feijoa" (Мистер БИ "Фейхоа") (Mead) алк. 5% / Мистер БИ, бут 0,45л;;Алкогольная продукция>Cider House>Mister Bee бут;5;;;Mead;6349234;;5caa8c28-c9ce-11f0-9bb2-000c296fac54
Gravity Project "Никому не говори" (Cider) алк. 6% / СИМПЛ ЭППЛ, бут. 0,75л;3;00-00021268;НИКОМУ НЕ ГОВОРИ (бут. 0,75л);Gravity Project;Товар;;829;4640422940216;кор. 06х0,75л ст. бут.;1095;Никому не говори;Никому не говори;Gravity Project "Никому не говори" (Cider) алк. 6% / СИМПЛ ЭППЛ, бут. 0,75л;;Алкогольная продукция>Gravity Project>Gravity Project стекло;6;;;Cider;6490293;;2d914f85-ce92-11f0-9bb2-000c296fac54
Rewort Brewery "Salty Swing" (Sour Gose) алк. 6,3% / САЛТИ СВИНГ, ж/б 0,45л;570;00-00021326;SALTY SWING (ж/б 0,45л);Rewort;Товар;;269;4670161154643;кор. 12х0,45л ж/б;365;Salty Swing;Salty Swing;Rewort Brewery "Salty Swing" (Sour Gose) алк. 6,3% / САЛТИ СВИНГ, ж/б 0,45л;;Алкогольная продукция>SVOI (Сергиев Посад)>Rewort ж>б;6,30;11;17;Sour Gose With Passion Fruit & Pepper & Salt;4068404;8;185a7f1c-d1b8-11f0-9bb2-000c296fac54
Rewort Brewery "Salty Swing" (Sour Gose) алк. 6,3% / САЛТИ СВИНГ, ж/б 0,45л;570;00-00021326;SALTY SWING (ж/б 0,45л);Rewort;Товар;;269;4670161155381;кор. 12х0,45л ж/б;365;Salty Swing;Salty Swing;Rewort Brewery "Salty Swing" (Sour Gose) алк. 6,3% / САЛТИ СВИНГ, ж/б 0,45л;;Алкогольная продукция>SVOI (Сергиев Посад)>Rewort ж>б;6,30;11;17;Sour Gose With Passion Fruit & Pepper & Salt;4068404;8;185a7f1c-d1b8-11f0-9bb2-000c296fac54
Red Button "Noiseless (50/50)" (Smoothie Sour Ale) алк. 6% /Нойслесс, ж/б 0,45л;38;00-00018757;NOISELESS (50/50) (жб 0,45л);Red Button;Товар;;374;4670190942204;кор. 20х0,45л ж/б;360;Noiseless (50/50);Noiseless (50/50);Red Button "Noiseless (50/50)" (Smoothie Sour Ale) алк. 6% /Нойслесс, ж/б 0,45л;;Алкогольная продукция>Red Button>Red Button ж>б > стекло;6;;;Smoothie Sour Ale;4071312;;14e89d4a-1489-11f0-822e-000c29bc6f5e
Chibis "Мурлык" (New England IPA), алк. 6,5% / Мурлык, ж/б 0,45л;36;00-00018859;МУРЛЫК (ж/б 0,45л);CHIBIS Brewery;Товар;;373;4640233771764;кор. 06х0,45л ж/б;365;Мурлык;Мурлык;Chibis "Мурлык" (New England IPA), алк. 6,5% / Мурлык, ж/б 0,45л;;Алкогольная продукция>CHIBIS Brewery>CHIBIS Brewery стекло > жб;6,50;;;New England IPA;5341027;;3129da19-19e6-11f0-9ba9-000c296fac54
Chibis "Мурлык" (New England IPA), алк. 6,5% / Мурлык, ж/б 0,45л;36;00-00018859;МУРЛЫК (ж/б 0,45л);CHIBIS Brewery;Товар;;373;4640233772327;кор. 06х0,45л ж/б;365;Мурлык;Мурлык;Chibis "Мурлык" (New England IPA), алк. 6,5% / Мурлык, ж/б 0,45л;;Алкогольная продукция>CHIBIS Brewery>CHIBIS Brewery стекло > жб;6,50;;;New England IPA;5341027;;3129da19-19e6-11f0-9ba9-000c296fac54
Salden's "Citrus Sour Ale" (Fruited Sour Ale) алк, 5% / Саур Эль Цитрус, жб. 0,45л;5;00-00018957;CITRUS SOUR ALE (жб. 0,45л);Salden's;Товар;;285;4620085785409;кор. 20х0,45л ж/б;180;Citrus Sour Ale;Citrus Sour Ale;Salden's "Citrus Sour Ale" (Fruited Sour Ale) алк, 5% / Саур Эль Цитрус, жб. 0,45л;;Алкогольная продукция>Saldens>Salden's ж>б;5;;;Fruited Sour Ale;6231951;;ddd09d2e-2014-11f0-9baa-000c296fac54
WS Brew "Mainstream" (Pilsner) алк. 4,7% / ВС Мейнстрим, пэт кег 20л;60;00-00019109;MAINSTREAM (пэт кег 20л);WS Brew;Товар;;322;4640229751169;пэт кег 20л;365;Mainstream;Mainstream;WS Brew "Mainstream" (Pilsner) алк. 4,7% / ВС Мейнстрим, пэт кег 20л;;Алкогольная продукция>White Stonе>WS Brew кег;4,70;30;;Pilsner;5060418;;8ccdae45-2a59-11f0-9bac-000c296fac54
Zagovor Brewery "Meadow" (Session Mead) алк. 6% / Мидоу, ж/б 0.45л;25;00-00020659;MEADOW (ж/б 0.45л);Zagovor Brewery;Товар;;458;4670223013611;кор. 20х0,45л ж/б;365;Meadow;Meadow;Zagovor Brewery "Meadow" (Session Mead) алк. 6% / Мидоу, ж/б 0.45л;;Алкогольная продукция>Zagovor Brewery>Zagovor Brewery ж>б;6;;;Session Mead;6416950;;3700b6ff-988a-11f0-9bb0-000c296fac54
Big Pot "Easy Peasy Lemon Squeezy" (Smoothie) алк.6,5% / БИГПОТ САУР ЭЛЬ 2, ж/б 0,45л;26;00-00020721;EASY PEASY LEMON SQUEEZY (ж/б 0,45л);Big Pot;Товар;;338;4620402491716;кор. 12х0,45л ж/б;360;Easy Peasy Lemon Squeezy;Easy Peasy Lemon Squeezy;Big Pot "Easy Peasy Lemon Squeezy" (Smoothie) алк.6,5% / БИГПОТ САУР ЭЛЬ 2, ж/б 0,45л;;Алкогольная продукция>Big Pot>Big Pot ж>б;6,50;;;Smoothie Sour Ale;5712313;;71a7834e-9dd0-11f0-9bb0-000c296fac54
Big Village "VILLAGE STOUT" (Oatmeal Stout) алк.6% / Вилладж Стаут, ж/б 0,45л;42;00-00020832;VILLAGE STOUT (ж/б 0,45л);Big Village;Товар;;257;4609642279148;кор. 12х0,45л ж/б;240;VILLAGE STOUT;VILLAGE STOUT;Big Village "VILLAGE STOUT" (Oatmeal Stout) алк.6% / Вилладж Стаут, ж/б 0,45л;;Алкогольная продукция>Big Village>Big Village ж>б;6;40;;Oatmeal Stout;6430158;;b0f86dab-a8e2-11f0-9bb1-000c296fac54
Big Village "VILLAGE STOUT" (Oatmeal Stout) алк.6% / Вилладж Стаут, ж/б 0,45л;42;00-00020832;VILLAGE STOUT (ж/б 0,45л);Big Village;Товар;;257;4609642279155;кор. 12х0,45л ж/б;240;VILLAGE STOUT;VILLAGE STOUT;Big Village "VILLAGE STOUT" (Oatmeal Stout) алк.6% / Вилладж Стаут, ж/б 0,45л;;Алкогольная продукция>Big Village>Big Village ж>б;6;40;;Oatmeal Stout;6430158;;b0f86dab-a8e2-11f0-9bb1-000c296fac54
Plan B "Ковбой Мальборо" (American IPA) алк. 6,5% / Ковбой Мальборо, ж/б. 0,45л;86;00-00018372;КОВБОЙ МАРЛЬБОРО (ж/б  0,45л);Plan B;Товар;Как говорят некоторые, сорт, который передаёт дух старой школы – сочетание лёгкой солодовой сладости с классической ароматикой и горечью хмелей Citra и Mosaic.;301;4650139080945;кор. 12х0,45л ж/б;180;Ковбой Мальборо;Ковбой Мальборо;Plan B "Ковбой Мальборо" (American IPA) алк. 6,5% / Ковбой Мальборо, ж/б. 0,45л;;Алкогольная продукция>Plan B Brewery>Plan B ж>б;6,50;50;16;American IРА;673144;;4a48e4e9-fa64-11ef-8224-000c29bc6f5e
Salden's "Milkshake Coconut & Ice-Cream" (IPA)  алк, 7% / Милкшейк Кокос&Мороженое, жб. 0,45л;20;00-00018390;MILKSHAKE COCONUT & ICECREAM (жб. 0,45л);Salden's;Товар;Milkshake IPA со вкусом мороженного с кокосом;285;4620085784815;кор. 20х0,45л ж/б;180;Milkshake Coconut & Ice-Cream;Milkshake Coconut & Ice-Cream;Salden's "Milkshake Coconut & Ice-Cream" (IPA)  алк, 7% / Милкшейк Кокос&Мороженое, жб. 0,45л;;Алкогольная продукция>Saldens>Salden's ж>б;7;70;;Milkshake IPA;3588495;;19050b8f-fa7d-11ef-8224-000c29bc6f5e
Ostrovica "Easy Pils" (Non-Alcoholic Beer) / Островица Пилс Зеро, ж/б 0,45л;30;00-00018434;EASY PILS (ж/б 0,45л);Ostrovica Brewery;Товар;;267;4640205264621;кор. 12х0,45л ж/б;360;Easy Pils;Easy Pils;Ostrovica "Easy Pils" (Non-Alcoholic Beer) / Островица Пилс Зеро, ж/б 0,45л;;Алкогольная продукция>Ostrovica (Аша)>Ostrovica б>а;0,50;;;Non-Alcoholic Lager;5979061;;00064647-fb59-11ef-8224-000c29bc6f5e
Ostrovica "Easy Pils" (Non-Alcoholic Beer) / Островица Пилс Зеро, ж/б 0,45л;30;00-00018434;EASY PILS (ж/б 0,45л);Ostrovica Brewery;Товар;;267;4640205264652;кор. 12х0,45л ж/б;360;Easy Pils;Easy Pils;Ostrovica "Easy Pils" (Non-Alcoholic Beer) / Островица Пилс Зеро, ж/б 0,45л;;Алкогольная продукция>Ostrovica (Аша)>Ostrovica б>а;0,50;;;Non-Alcoholic Lager;5979061;;00064647-fb59-11ef-8224-000c29bc6f5e
Rewort Brewery “Dynamic Range” (Hoppy Lager) алк. 5% / Динамический Диапазон, ж/б 0,45л;210;00-00018486;DYNAMIC RANGE (ж/б 0,45л);Rewort;Товар;;222;4670161156388;кор. 12х0,45л ж/б;365;Dynamic Range;Dynamic Range;Rewort Brewery “Dynamic Range” (Hoppy Lager) алк. 5% / Динамический Диапазон, ж/б 0,45л;;Алкогольная продукция>SVOI (Сергиев Посад)>Rewort ж>б;5;45;12,50;Hoppy Lager;6021799;10;ba02113d-00a4-11f0-8226-000c29bc6f5e
Rewort Brewery “Dynamic Range” (Hoppy Lager) алк. 5% / Динамический Диапазон, ж/б 0,45л;210;00-00018486;DYNAMIC RANGE (ж/б 0,45л);Rewort;Товар;;222;4670161156722;кор. 12х0,45л ж/б;365;Dynamic Range;Dynamic Range;Rewort Brewery “Dynamic Range” (Hoppy Lager) алк. 5% / Динамический Диапазон, ж/б 0,45л;;Алкогольная продукция>SVOI (Сергиев Посад)>Rewort ж>б;5;45;12,50;Hoppy Lager;6021799;10;ba02113d-00a4-11f0-8226-000c29bc6f5e
Magic Mess "Оракул" (Sour Ale) алк.5,5% /Мэджик Месс Смузи версия 1, ж/б 0,45л.;18;00-00022245;ОРАКУЛ (ж/б 0,45л);Magic Mess;Товар;;364;4660508892550;кор. 12х0,45л ж/б;365;Оракул;Оракул;Magic Mess "Оракул" (Sour Ale) алк.5,5% /Мэджик Месс Смузи версия 1, ж/б 0,45л.;;Алкогольная продукция>Magic Mess>Magic Mess ж>б;5,50;;;Sour Ale;6589728;;14a0142b-4879-11f1-9bbc-000c296fac54
Rewort Brewery "Ля Томатина Корейская" (Tomato Gose), алк. 6,5% / ТОМАТНОЕ 11, ж/б 0,45л;159;00-00022273;ЛЯ ТОМАТИНА КОРЕЙСКАЯ (ж/б 0,45л);Rewort;Товар;;275;4630522441140;кор. 12х0,45л ж/б;365;Ля Томатина Корейская;Ля Томатина Корейская;Rewort Brewery "Ля Томатина Корейская" (Tomato Gose), алк. 6,5% / ТОМАТНОЕ 11, ж/б 0,45л;Новинка!;Алкогольная продукция>SVOI (Сергиев Посад)>Rewort ж>б;6,50;21;;Tomato Gose;6576175;;dba8c4c6-4dd3-11f1-9bbe-000c296fac54
Rewort Brewery "Ля Томатина Корейская" (Tomato Gose), алк. 6,5% / ТОМАТНОЕ 11, ж/б 0,45л;159;00-00022273;ЛЯ ТОМАТИНА КОРЕЙСКАЯ (ж/б 0,45л);Rewort;Товар;;275;4670161159860;кор. 12х0,45л ж/б;365;Ля Томатина Корейская;Ля Томатина Корейская;Rewort Brewery "Ля Томатина Корейская" (Tomato Gose), алк. 6,5% / ТОМАТНОЕ 11, ж/б 0,45л;Новинка!;Алкогольная продукция>SVOI (Сергиев Посад)>Rewort ж>б;6,50;21;;Tomato Gose;6576175;;dba8c4c6-4dd3-11f1-9bbe-000c296fac54
Леонид Леврана "Make Cider Great Again (Dry)" (Cider)алк.5,5%/МЕЙК САЙДЕР ГРЕЙТ ЭГЕЙН драй,бут. 0,5л;5;00-00022312;MAKE CIDER GREAT AGAIN (бут. 0,5л);Сидродельня Леонида Леврана;Товар;;364;4603728537580;кор. 12х0,5л ст. бут.;720;Make Cider Great Again (Dry);Make Cider Great Again (Dry);Леонид Леврана "Make Cider Great Again (Dry)" (Cider)алк.5,5%/МЕЙК САЙДЕР ГРЕЙТ ЭГЕЙН драй,бут. 0,5л;;Алкогольная продукция>Сидродельня Леонида Леврана>Леврана бут;5,50;;;Cider;6663491;;80822a8d-4f69-11f1-9bbe-000c296fac54
Rewort Brewery "Ля Томатина BBQ" (Tomato Gose), алк. 6,5% / ТОМАТНОЕ 14, пэт кег 20л/шт;1;00-00022476;ЛЯ ТОМАТИНА BBQ (пэт кег 20л/шт);Rewort;Товар;;0;4630522442208;пэт кег 20л/шт;365;Ля Томатина BBQ;Ля Томатина BBQ;Rewort Brewery "Ля Томатина BBQ" (Tomato Gose), алк. 6,5% / ТОМАТНОЕ 14, пэт кег 20л/шт;;Алкогольная продукция>SVOI (Сергиев Посад)>Rewort кег пэт;6,50;21;;Tomato Gose;6576178;;3c8ea8ff-5f37-11f1-9bbe-000c296fac54
Rewort Brewery "Ля Томатина Китайская" (Tomato Gose), алк. 6,5% / ТОМАТНОЕ 15, ж/б 0,45л;765;00-00022489;ЛЯ ТОМАТИНА КИТАЙСКАЯ (ж/б 0,45л);Rewort;Товар;;275;4630522441188;кор. 12х0,45л ж/б;365;Ля Томатина Китайская;Ля Томатина Китайская;Rewort Brewery "Ля Томатина Китайская" (Tomato Gose), алк. 6,5% / ТОМАТНОЕ 15, ж/б 0,45л;Новинка!;Алкогольная продукция>SVOI (Сергиев Посад)>Rewort ж>б;6,50;21;;Tomato Gose;6576180;;6a741e29-60a6-11f1-9bbe-000c296fac54
Rewort Brewery "Ля Томатина Китайская" (Tomato Gose), алк. 6,5% / ТОМАТНОЕ 15, ж/б 0,45л;765;00-00022489;ЛЯ ТОМАТИНА КИТАЙСКАЯ (ж/б 0,45л);Rewort;Товар;;275;4670161159969;кор. 12х0,45л ж/б;365;Ля Томатина Китайская;Ля Томатина Китайская;Rewort Brewery "Ля Томатина Китайская" (Tomato Gose), алк. 6,5% / ТОМАТНОЕ 15, ж/б 0,45л;Новинка!;Алкогольная продукция>SVOI (Сергиев Посад)>Rewort ж>б;6,50;21;;Tomato Gose;6576180;;6a741e29-60a6-11f1-9bbe-000c296fac54
Big Village "Village Kolsch" (German Kolsch) алк. 5,5% / Вилладж Кёльш, пэт кег 30л;60;00-00022523;VILLAGE KOLSCH (пэт кег 30л);Big Village;Товар;Сложенный по азбуке стиля немецкий Кёльш: освежающий и деликатный, сухой и бодрящий, с насыщенной вкусовой текстурой и тонким фруктовым ароматом.;344;4609642279339;пэт кег 30л;240;Village Kolsch;Village Kolsch;Big Village "Village Kolsch" (German Kolsch) алк. 5,5% / Вилладж Кёльш, пэт кег 30л;;Алкогольная продукция>Big Village>Big Village кег;5,50;20;;K?lsch;3669313;;60bd8021-6317-11f1-9bbe-000c296fac54
Rewort Brewery "Навстречу ветру" (Session IPA) алк. 3.5% / НАВСТРЕЧУ ВЕТРУ, ж/б 0,45л;911;00-00022553;НАВСТРЕЧУ ВЕТРУ (ж/б 0,45л);Rewort;Товар;;275;4630522440143;кор. 12х0,45л ж/б;240;Навстречу ветру;Навстречу ветру;Rewort Brewery "Навстречу ветру" (Session IPA) алк. 3.5% / НАВСТРЕЧУ ВЕТРУ, ж/б 0,45л;Новинка!;Алкогольная продукция>SVOI (Сергиев Посад)>Rewort ж>б;3,50;8,70;40;Session IPA;6727425;17;c69721dd-640f-11f1-9bbe-000c296fac54
Rewort Brewery "Навстречу ветру" (Session IPA) алк. 3.5% / НАВСТРЕЧУ ВЕТРУ, ж/б 0,45л;911;00-00022553;НАВСТРЕЧУ ВЕТРУ (ж/б 0,45л);Rewort;Товар;;275;4630522442123;кор. 12х0,45л ж/б;240;Навстречу ветру;Навстречу ветру;Rewort Brewery "Навстречу ветру" (Session IPA) алк. 3.5% / НАВСТРЕЧУ ВЕТРУ, ж/б 0,45л;Новинка!;Алкогольная продукция>SVOI (Сергиев Посад)>Rewort ж>б;3,50;8,70;40;Session IPA;6727425;17;c69721dd-640f-11f1-9bbe-000c296fac54
Rewort Brewery "The Monster Mash" (Tomato Gose) алк. 5,5% / ТОМАТНОЕ 4., ж/б 0,45л;1013;00-00020896;THE MONSTER MASH (ж/б 0,45л);Rewort;Товар;;275;4670161154421;кор. 12х0,45л ж/б;365;The Monster Mash;The Monster Mash;Rewort Brewery "The Monster Mash" (Tomato Gose) алк. 5,5% / ТОМАТНОЕ 4., ж/б 0,45л;Новинка!;Алкогольная продукция>SVOI (Сергиев Посад)>Rewort ж>б;5,50;35;21,50;Tomato Gose;6421672;50;610bc663-af54-11f0-9bb1-000c296fac54
Rewort Brewery "The Monster Mash" (Tomato Gose) алк. 5,5% / ТОМАТНОЕ 4., ж/б 0,45л;1013;00-00020896;THE MONSTER MASH (ж/б 0,45л);Rewort;Товар;;275;4670161159532;кор. 12х0,45л ж/б;365;The Monster Mash;The Monster Mash;Rewort Brewery "The Monster Mash" (Tomato Gose) алк. 5,5% / ТОМАТНОЕ 4., ж/б 0,45л;Новинка!;Алкогольная продукция>SVOI (Сергиев Посад)>Rewort ж>б;5,50;35;21,50;Tomato Gose;6421672;50;610bc663-af54-11f0-9bb1-000c296fac54
Coma Brewery “Этот смузи мне муж купил” (Fruited Sour) алк. 6% / ЭТОТ СМУЗИ МНЕ МУЖ КУПИЛ, ж/б 0,45л;2414;00-00020956;ЭТОТ СМУЗИ МНЕ МУЖ КУПИЛ (ж/б 0,45л);Coma Brewery;Товар;;306;4670161154087;кор. 12х0,45л ж/б;365;Этот смузи мне муж купил;Этот смузи мне муж купил;Coma Brewery “Этот смузи мне муж купил” (Fruited Sour) алк. 6% / ЭТОТ СМУЗИ МНЕ МУЖ КУПИЛ, ж/б 0,45л;;Алкогольная продукция>SVOI (Сергиев Посад)>Coma Brewery>Coma Brewery ж>б;6;;25;Stawberry, Banana, Tangerine and Marshmallow Extra Fruited Sour Ale;5586399;;4325a0cd-b495-11f0-9bb2-000c296fac54
Coma Brewery “Этот смузи мне муж купил” (Fruited Sour) алк. 6% / ЭТОТ СМУЗИ МНЕ МУЖ КУПИЛ, ж/б 0,45л;2414;00-00020956;ЭТОТ СМУЗИ МНЕ МУЖ КУПИЛ (ж/б 0,45л);Coma Brewery;Товар;;306;4670161156999;кор. 12х0,45л ж/б;365;Этот смузи мне муж купил;Этот смузи мне муж купил;Coma Brewery “Этот смузи мне муж купил” (Fruited Sour) алк. 6% / ЭТОТ СМУЗИ МНЕ МУЖ КУПИЛ, ж/б 0,45л;;Алкогольная продукция>SVOI (Сергиев Посад)>Coma Brewery>Coma Brewery ж>б;6;;25;Stawberry, Banana, Tangerine and Marshmallow Extra Fruited Sour Ale;5586399;;4325a0cd-b495-11f0-9bb2-000c296fac54
Ability “Whispering Wings” (New England Single Hop DDH DIPA) алк. 8,6% / Абилити 20, ж/б 0,45л;2459;00-00021059;WHISPERING WINGS (ж/б 0,45л);Ability;Товар;;385;4670161154834;кор. 12х0,45л ж/б;365;Whispering Wings;Whispering Wings;Ability “Whispering Wings” (New England Single Hop DDH DIPA) алк. 8,6% / Абилити 20, ж/б 0,45л;;Алкогольная продукция>SVOI (Сергиев Посад)>Ability ж>б;8,60;;;New England Single Hop DDH DIPA;6496153;;5dadf012-bba6-11f0-9bb2-000c296fac54
Ability “Whispering Wings” (New England Single Hop DDH DIPA) алк. 8,6% / Абилити 20, ж/б 0,45л;2459;00-00021059;WHISPERING WINGS (ж/б 0,45л);Ability;Товар;;385;4670161159785;кор. 12х0,45л ж/б;365;Whispering Wings;Whispering Wings;Ability “Whispering Wings” (New England Single Hop DDH DIPA) алк. 8,6% / Абилити 20, ж/б 0,45л;;Алкогольная продукция>SVOI (Сергиев Посад)>Ability ж>б;8,60;;;New England Single Hop DDH DIPA;6496153;;5dadf012-bba6-11f0-9bb2-000c296fac54
Заповедник "Ревность" (Fruit Cider), алк. 5% / Ревень, пэт кег 30л;30;00-00021115;РЕВНОСТЬ (пэт кег 30л);Заповедник;Товар;;490;4603759677798;пэт кег 30л;730;Ревность;Ревность;Заповедник "Ревность" (Fruit Cider), алк. 5% / Ревень, пэт кег 30л;;Алкогольная продукция>Заповедник>Заповедник кег;5;;;Fruit Cider;5731476;;f2979371-c09a-11f0-9bb2-000c296fac54
Леонид Леврана "Псковский Терруар (2023)" (Cider Semi-dry) алк. 5,5% / ПСКОВСКИЙ ТЕРРУАР, бут. 0,33л;57;00-00021509;ПСКОВСКИЙ ТЕРРУАР (2023) (бут. 0,33л);Сидродельня Леонида Леврана;Товар;;280;4603728537139;кор. 12х0,33л ст. бут.;720;Псковский Терруар (2023);Псковский Терруар (2023);Леонид Леврана "Псковский Терруар (2023)" (Cider Semi-dry) алк. 5,5% / ПСКОВСКИЙ ТЕРРУАР, бут. 0,33л;;Алкогольная продукция>Сидродельня Леонида Леврана>Леврана бут;5,50;;;Cider Semi-dry;5986172;;13a6beb6-e185-11f0-9bb5-000c296fac54
Big Pot "Red Fire Horse" (Smoothie) алк.6,5% / БИГПОТ СМУЗИ 41, ж/б 0,45л;90;00-00021526;RED FIRE HORSE (ж/б 0,45л);Big Pot;Товар;;353;4620402495448;кор. 12х0,45л ж/б;360;Red Fire Horse;Red Fire Horse;Big Pot "Red Fire Horse" (Smoothie) алк.6,5% / БИГПОТ СМУЗИ 41, ж/б 0,45л;;Алкогольная продукция>Big Pot>Big Pot ж>б;6,50;;;Smoothie;6558292;;71d9fe7c-f058-11f0-9bb6-000c296fac54
Rewort Brewery & The Barber "Old Gold" (Pale Ale - English) алк. 4,2% / АПА 50, ж/б 0,45л;184;00-00021612;OLD GOLD (ж/б 0,45л);Rewort;Товар;;259;4630522440792;кор. 12х0,45л ж/б;365;Old Gold;Old Gold;Rewort Brewery & The Barber "Old Gold" (Pale Ale - English) алк. 4,2% / АПА 50, ж/б 0,45л;Новинка!;Алкогольная продукция>SVOI (Сергиев Посад)>Rewort ж>б;4,20;30;10;Pale Ale;6523733;;86b94f2d-f6b5-11f0-9bb7-000c296fac54
Rewort Brewery & The Barber "Old Gold" (Pale Ale - English) алк. 4,2% / АПА 50, ж/б 0,45л;184;00-00021612;OLD GOLD (ж/б 0,45л);Rewort;Товар;;259;4670161159457;кор. 12х0,45л ж/б;365;Old Gold;Old Gold;Rewort Brewery & The Barber "Old Gold" (Pale Ale - English) алк. 4,2% / АПА 50, ж/б 0,45л;Новинка!;Алкогольная продукция>SVOI (Сергиев Посад)>Rewort ж>б;4,20;30;10;Pale Ale;6523733;;86b94f2d-f6b5-11f0-9bb7-000c296fac54
Rewort Brewery "Aloha" (Imperial Tomato Gose) алк. 6,3% / АЛОХА, ж/б 0,45л;242;00-00021677;ALOHA (ж/б 0,45л);Rewort;Товар;;275;4670161154926;кор. 12х0,45л ж/б;365;Aloha;Aloha;Rewort Brewery "Aloha" (Imperial Tomato Gose) алк. 6,3% / АЛОХА, ж/б 0,45л;;Алкогольная продукция>SVOI (Сергиев Посад)>Rewort ж>б;6,30;10;20;Imperial Tomato Gose;4374098;;172cd3c7-0043-11f1-9bba-000c296fac54
Rewort Brewery "Aloha" (Imperial Tomato Gose) алк. 6,3% / АЛОХА, ж/б 0,45л;242;00-00021677;ALOHA (ж/б 0,45л);Rewort;Товар;;275;4670161159266;кор. 12х0,45л ж/б;365;Aloha;Aloha;Rewort Brewery "Aloha" (Imperial Tomato Gose) алк. 6,3% / АЛОХА, ж/б 0,45л;;Алкогольная продукция>SVOI (Сергиев Посад)>Rewort ж>б;6,30;10;20;Imperial Tomato Gose;4374098;;172cd3c7-0043-11f1-9bba-000c296fac54
Заповедник "Gypsy Boy & Apple Monster" (Dry Cider) алк. 5,5% / Джипси Бой энд Эпл Мон, бут. 0,33л;80;00-00019492;GYPSY BOY & APPLE MONSTER (бут. 0,33л);Заповедник;Товар;;269;4603759677767;кор. 20х0,33л ст. бут.;730;Gypsy Boy & Apple Monster;Gypsy Boy & Apple Monster;Заповедник "Gypsy Boy & Apple Monster" (Dry Cider) алк. 5,5% / Джипси Бой энд Эпл Мон, бут. 0,33л;;Алкогольная продукция>Заповедник>Заповедник бут;5,50;;;Dry Cider;3205086;;e8e82328-45dc-11f0-9bac-000c296fac54
Заповедник "School of Seven Bells" (Dry Fruit Cider) алк. 6% / Скул оф Севен Бэлс, кег 30л;30;00-00019506;SCHOOL OF SEVEN BELLS (кег 30л);Заповедник;Товар;;490;4603759677347;пэт кег 30л;730;School of Seven Bells;School of Seven Bells;Заповедник "School of Seven Bells" (Dry Fruit Cider) алк. 6% / Скул оф Севен Бэлс, кег 30л;;Алкогольная продукция>Заповедник>Заповедник кег;6;;;Dry Fruit Cider;5254620;;ace310af-45e2-11f0-9bac-000c296fac54
Заповедник "School of Seven Bells" (Dry Fruit Cider) алк. 6% / Скул оф Севен Бэлс, кег 30л;30;00-00019506;SCHOOL OF SEVEN BELLS (кег 30л);Заповедник;Товар;;490;4603759677873;пэт кег 30л;730;School of Seven Bells;School of Seven Bells;Заповедник "School of Seven Bells" (Dry Fruit Cider) алк. 6% / Скул оф Севен Бэлс, кег 30л;;Алкогольная продукция>Заповедник>Заповедник кег;6;;;Dry Fruit Cider;5254620;;ace310af-45e2-11f0-9bac-000c296fac54
Rewort Brewery "Keanu R." (APA) алк. 5,2% / КИАНУ Р , ж/б 0,45л;424;00-00019593;KEANU R. (ж/б 0,45л);Rewort;Товар;;259;4670161154285;кор. 12х0,45л ж/б;365;Keanu R.;Keanu R.;Rewort Brewery "Keanu R." (APA) алк. 5,2% / КИАНУ Р , ж/б 0,45л;;Алкогольная продукция>SVOI (Сергиев Посад)>Rewort ж>б;5,20;28;12;APA;5051582;;f4e71ad3-4b7c-11f0-9bac-000c296fac54
Rewort Brewery "Keanu R." (APA) алк. 5,2% / КИАНУ Р , ж/б 0,45л;424;00-00019593;KEANU R. (ж/б 0,45л);Rewort;Товар;;259;4670161155213;кор. 12х0,45л ж/б;365;Keanu R.;Keanu R.;Rewort Brewery "Keanu R." (APA) алк. 5,2% / КИАНУ Р , ж/б 0,45л;;Алкогольная продукция>SVOI (Сергиев Посад)>Rewort ж>б;5,20;28;12;APA;5051582;;f4e71ad3-4b7c-11f0-9bac-000c296fac54
White Phoenix "White Phoenix Темная Вишня" (mead), алк. 5,6%/"Белый Феникс" Темная вишня, бут 0,45л;162;00-00009421;WHITE PHOENIX ТЕМНАЯ ВИШНЯ (бут 0,45л);White Phoenix;Товар;;180;4630178430154;кор. 12х0,45л ст бут.;730;White Phoenix Black Cherry;White Phoenix Black Cherry;White Phoenix "White Phoenix Темная Вишня" (mead), алк. 5,6%/"Белый Феникс" Темная вишня, бут 0,45л;;Алкогольная продукция>Cider House>White Phoenix>White Phoenix ж\б бут;5,60;;;Mead;4667195;;5accdf20-00ff-11ed-80e3-000c29d24b62
White Phoenix "White Phoenix Темная Вишня" (mead), алк. 5,6%/"Белый Феникс" Темная вишня, бут 0,45л;162;00-00009421;WHITE PHOENIX ТЕМНАЯ ВИШНЯ (бут 0,45л);White Phoenix;Товар;;180;4630178431243;кор. 12х0,45л ст бут.;730;White Phoenix Black Cherry;White Phoenix Black Cherry;White Phoenix "White Phoenix Темная Вишня" (mead), алк. 5,6%/"Белый Феникс" Темная вишня, бут 0,45л;;Алкогольная продукция>Cider House>White Phoenix>White Phoenix ж\б бут;5,60;;;Mead;4667195;;5accdf20-00ff-11ed-80e3-000c29d24b62
B-SIDE “Original Mead” (mead) 4,5% / Ориджинал Мид, бут.0,5л;12;00-00009631;ORIGINAL MEAD (бут. 0,5л);B-SIDE;Товар;;293;4640422940254;кор. 12х0,5л ст. бут.;365;Original Mead;Original Mead;B-SIDE “Original Mead” (mead) 4,5% / Ориджинал Мид, бут.0,5л;;Алкогольная продукция>B-SIDE>B-SIDE жб бут;4,50;;;Mead;4939760;;5b7a8fe6-1187-11ed-80e6-000c29d24b62
Lapochka "Guava + Kaffir Lime Leaves" (Lemonade) / Лапочка Гуава Каффир Лайм, ж/б 0,33л;55;00-00003629;LAPOCHKA GUAVA + KAFFIR LIME LEAVES (ж/б 0,33л);Lapochka;Товар;;196;4640205260074;кор. 20х0,33л ж/б;360;Lapochka "Guava + Kaffir Lime Leaves";Lapochka "Guava + Kaffir Lime Leaves";Lapochka "Guava + Kaffir Lime Leaves" (Lemonade) / Лапочка Гуава Каффир Лайм, ж/б 0,33л;;Алкогольная продукция>Ostrovica (Аша)>Lapochka;;;;Lemonade;;;72e3ac20-c743-11ea-80ef-000c29e252b5
Lapochka "Guava + Kaffir Lime Leaves" (Lemonade) / Лапочка Гуава Каффир Лайм, ж/б 0,33л;55;00-00003629;LAPOCHKA GUAVA + KAFFIR LIME LEAVES (ж/б 0,33л);Lapochka;Товар;;196;4640205260081;кор. 20х0,33л ж/б;360;Lapochka "Guava + Kaffir Lime Leaves";Lapochka "Guava + Kaffir Lime Leaves";Lapochka "Guava + Kaffir Lime Leaves" (Lemonade) / Лапочка Гуава Каффир Лайм, ж/б 0,33л;;Алкогольная продукция>Ostrovica (Аша)>Lapochka;;;;Lemonade;;;72e3ac20-c743-11ea-80ef-000c29e252b5
Plan B "Бэрримор" (Oatmeal Stout) алк. 6,0% / Бэрримор, пэт 30л;150;00-00004403;БЭРРИМОР (пэт 30л);Plan B;Товар;Этот напиток, если не даст вам почувствовать себя отважным ковбоем на диком западе, то точно даст ощутить себя английским лордом, ну или сыщиком, искателем приключений и просто отличным парнем!;376;4650139080488;пэт кег 30л;180;Бэрримор;Бэрримор;Plan B "Бэрримор" (Oatmeal Stout) алк. 6,0% / Бэрримор, пэт 30л;;Алкогольная продукция>Plan B Brewery>Plan B Brewery кег;6,50;50;;Oatmeal Stout;1018996;;82e90b77-3ece-11eb-80f9-000c29e252b5
4 Brewers "Зависимость [Болгарский перец] "(Gose) алк. 4,5% /Зависимость Болгарский перец, ж/б 0,45л;20;00-00018534;ЗАВИСИМОСТЬ [БОЛГАРСКИЙ ПЕРЕЦ] (ж/б 0,45л);4 Brewers;Товар;;338;4680820154082;кор. 12х0,45л ж/б;365;Зависимость [Болгарский перец];Зависимость [Болгарский перец];4 Brewers "Зависимость [Болгарский перец] "(Gose) алк. 4,5% /Зависимость Болгарский перец, ж/б 0,45л;;Алкогольная продукция>4 Brewers>4 Brewers ж>б;4,50;;;Gose;5061562;;aae6e829-0407-11f0-8227-000c29bc6f5e
4 Brewers "Зависимость [Болгарский перец] "(Gose) алк. 4,5% /Зависимость Болгарский перец, ж/б 0,45л;20;00-00018534;ЗАВИСИМОСТЬ [БОЛГАРСКИЙ ПЕРЕЦ] (ж/б 0,45л);4 Brewers;Товар;;338;4680820154129;кор. 12х0,45л ж/б;365;Зависимость [Болгарский перец];Зависимость [Болгарский перец];4 Brewers "Зависимость [Болгарский перец] "(Gose) алк. 4,5% /Зависимость Болгарский перец, ж/б 0,45л;;Алкогольная продукция>4 Brewers>4 Brewers ж>б;4,50;;;Gose;5061562;;aae6e829-0407-11f0-8227-000c29bc6f5e
Rewort Brewery "Smooth Night" (Extra Fruited Sour Ale) алк. 5,8% / СМУЗ НАЙТ, ж/б 0,45л;319;00-00018579;SMOOTH NIGHT (ж/б 0,45л);Rewort;Товар;;306;4670161155398;кор. 12х0,45л ж/б;365;Smooth Night;Smooth Night;Rewort Brewery "Smooth Night" (Extra Fruited Sour Ale) алк. 5,8% / СМУЗ НАЙТ, ж/б 0,45л;;Алкогольная продукция>SVOI (Сергиев Посад)>Rewort ж>б;5,80;7;22;Extra Fruited Sour Ale;4374096;;d62f8014-0578-11f0-8228-000c29bc6f5e
Rewort Brewery "Smooth Night" (Extra Fruited Sour Ale) алк. 5,8% / СМУЗ НАЙТ, ж/б 0,45л;319;00-00018579;SMOOTH NIGHT (ж/б 0,45л);Rewort;Товар;;306;4670161158016;кор. 12х0,45л ж/б;365;Smooth Night;Smooth Night;Rewort Brewery "Smooth Night" (Extra Fruited Sour Ale) алк. 5,8% / СМУЗ НАЙТ, ж/б 0,45л;;Алкогольная продукция>SVOI (Сергиев Посад)>Rewort ж>б;5,80;7;22;Extra Fruited Sour Ale;4374096;;d62f8014-0578-11f0-8228-000c29bc6f5e
Stamm Brewing "Hop Gun Citra & Mosaic" (American IPA) алк 7 %/ Хоп Ган, ж/б 0,45 л;23;00-00018636;HOP GUN CITRA & MOSAIC (ж/б 0,45л);Stamm Brewing;Товар;;311;4610297650497;кор. 12х0,45л ж/б;365;Hop Gun Citra & Mosaic;Hop Gun Citra & Mosaic;Stamm Brewing "Hop Gun Citra & Mosaic" (American IPA) алк 7 %/ Хоп Ган, ж/б 0,45 л;;Алкогольная продукция>Stamm Brewing>Stamm Brewing ж>б, бут;7;80;;American IPA;1048765;;e66521aa-0a3e-11f0-822b-000c29bc6f5e
Stamm Brewing "Hop Gun Citra & Mosaic" (American IPA) алк 7 %/ Хоп Ган, ж/б 0,45 л;23;00-00018636;HOP GUN CITRA & MOSAIC (ж/б 0,45л);Stamm Brewing;Товар;;311;4610297651470;кор. 12х0,45л ж/б;365;Hop Gun Citra & Mosaic;Hop Gun Citra & Mosaic;Stamm Brewing "Hop Gun Citra & Mosaic" (American IPA) алк 7 %/ Хоп Ган, ж/б 0,45 л;;Алкогольная продукция>Stamm Brewing>Stamm Brewing ж>б, бут;7;80;;American IPA;1048765;;e66521aa-0a3e-11f0-822b-000c29bc6f5e
GANZA Brewery "TOMATO JOURNEY SPICY" (Sour Gose) алк.6% / Ганза гозе 18, ж/б 0,45 л;60;00-00018715;TOMATO JOURNEY SPICY (ж/б 0,45);GANZA Brewery;Товар;;292;4670163073720;кор. 12х0,45л ж/б;360;TOMATO JOURNEY SPICY;TOMATO JOURNEY SPICY;GANZA Brewery "TOMATO JOURNEY SPICY" (Sour Gose) алк.6% / Ганза гозе 18, ж/б 0,45 л;;Алкогольная продукция>GANZA Brewery>GANZA Brewery ж>б;6;;;Sour Gose;5050082;;f850de3b-1061-11f0-822d-000c29bc6f5e
Red Button "Sixty IPA (Citra)" (IPA - American), алк. 7%, /Цитра Ипа 60, ж/б 0,45л;27;00-00022145;SIXTY IPA (CITRA) (жб 0,45л);Red Button;Товар;;301;4670190944666;кор. 20х0,45л ж/б;360;Sixty IPA (Citra);Sixty IPA (Citra);Red Button "Sixty IPA (Citra)" (IPA - American), алк. 7%, /Цитра Ипа 60, ж/б 0,45л;;Алкогольная продукция>Red Button>Red Button ж>б > стекло;7;;;IPA - American;6645566;;c6c2d1c2-3976-11f1-9bbc-000c296fac54
Rewort Brewery “Миниатюра” (IPA - Session New England / Hazy) алк.2.5% /ОХМЕЛЕННОЕ 5, пэт кег 20л/шт;2;00-00022166;МИНИАТЮРА (пэт кег 20л/шт);Rewort;Товар;;0;4630522441836;пэт кег 20л/шт;365;Миниатюра;Миниатюра;Rewort Brewery “Миниатюра” (IPA - Session New England / Hazy) алк.2.5% /ОХМЕЛЕННОЕ 5, пэт кег 20л/шт;Новинка!;Алкогольная продукция>SVOI (Сергиев Посад)>Rewort кег пэт;2,50;8;15;Hazy IPA;6655660;8;3776005d-3cba-11f1-9bbc-000c296fac54
Plan B "Delta Seeker" (American IPA) алк. 7,5% / План Б светлое-8, ж/б. 0,45л;44;00-00022186;DELTA SEEKER (ж/б 0,45 л);Plan B;Товар;;322;4650139081102;кор. 12х0,45л ж/б;180;Delta Seeker;Delta Seeker;Plan B "Delta Seeker" (American IPA) алк. 7,5% / План Б светлое-8, ж/б. 0,45л;;Алкогольная продукция>Plan B Brewery>Plan B ж>б;7,50;90;;American IPA;6680773;;6fec3e3a-3fa4-11f1-9bbc-000c296fac54
4 Brewers "Диктатура - Монолит" (Cider) алк. 7.5% / Сидр 11, ж/б 0,45л;40;00-00022221;ДИКТАТУРА - МОНОЛИТ (ж/б 0,45л);4 Brewers;Товар;;343;4680820156581;кор. 12х0,45л ж/б;365;Диктатура - Монолит;Диктатура - Монолит;4 Brewers "Диктатура - Монолит" (Cider) алк. 7.5% / Сидр 11, ж/б 0,45л;;Алкогольная продукция>4 Brewers>4 Brewers ж>б;11,50;;;Cider;6613411;;d3a7cea9-43a4-11f1-9bbc-000c296fac54
4 Brewers "Диктатура - Монолит" (Cider) алк. 7.5% / Сидр 11, ж/б 0,45л;40;00-00022221;ДИКТАТУРА - МОНОЛИТ (ж/б 0,45л);4 Brewers;Товар;;343;4680820156628;кор. 12х0,45л ж/б;365;Диктатура - Монолит;Диктатура - Монолит;4 Brewers "Диктатура - Монолит" (Cider) алк. 7.5% / Сидр 11, ж/б 0,45л;;Алкогольная продукция>4 Brewers>4 Brewers ж>б;11,50;;;Cider;6613411;;d3a7cea9-43a4-11f1-9bbc-000c296fac54
4 Brewers "Диктатура - Монолит" (Cider) алк. 7.5% / Сидр 11, ж/б 0,45л;40;00-00022221;ДИКТАТУРА - МОНОЛИТ (ж/б 0,45л);4 Brewers;Товар;;343;4680820156635;кор. 12х0,45л ж/б;365;Диктатура - Монолит;Диктатура - Монолит;4 Brewers "Диктатура - Монолит" (Cider) алк. 7.5% / Сидр 11, ж/б 0,45л;;Алкогольная продукция>4 Brewers>4 Brewers ж>б;11,50;;;Cider;6613411;;d3a7cea9-43a4-11f1-9bbc-000c296fac54
Rewort Brewery “Temptation's Wings”(Triple NE IPA) алк. 9.5% /ТЕМПТЕЙШЕНС ВИНГЗ, пэт кег 20л/шт;2;00-00022337;TEMPTATION'S WINGS (пэт кег 20л/шт);Rewort;Товар;;0;4670161157644;пэт кег 20л/шт;365;Temptation's Wings;Temptation's Wings;Rewort Brewery “Temptation's Wings”(Triple NE IPA) алк. 9.5% /ТЕМПТЕЙШЕНС ВИНГЗ, пэт кег 20л/шт;;Алкогольная продукция>SVOI (Сергиев Посад)>Rewort кег пэт;9,50;45;21;Triple New England IPA;5789759;10;0e4e145f-52bb-11f1-9bbe-000c296fac54
Brewmen "Мексиканский Лагер" (Lager - Mexican) алк. 4.2% / Брюмен лагер 16, ж/б 0,45л;21;00-00022360;МЕКСИКАНСКИЙ ЛАГЕР (ж/б 0,45л);Brewmen;Товар;;276;4620402495592;кор. 20х0,45л ж/б;360;Мексиканский Лагер;Мексиканский Лагер;Brewmen "Мексиканский Лагер" (Lager - Mexican) алк. 4.2% / Брюмен лагер 16, ж/б 0,45л;;Алкогольная продукция>Brewmen>Brewmen ж>б, бут;4,20;10;;Lager - Mexican;6708304;;934fa2bf-54e0-11f1-9bbe-000c296fac54
Salden's "Czech Pilsner" (Czech Pilsner ) алк. 5.5% / Салденс Чешский Пилзнер, пэт кег 30л;60;00-00022376;CZECH PILSNER (пэт кег 30л);Salden's;Товар;;311;4620085783047;пэт кег 30л;180;Czech Pilsner;Czech Pilsner;Salden's "Czech Pilsner" (Czech Pilsner ) алк. 5.5% / Салденс Чешский Пилзнер, пэт кег 30л;Новинка!;Алкогольная продукция>Saldens>Saldens кеги;5,50;;;Czech Pilsner;2188609;;7c0571c2-550e-11f1-9bbe-000c296fac54
White Stone "Кубок Мира" (American IРА) алк. 6% / ВС ИПА 4, ж/б 0,45л;91;00-00022398;КУБОК МИРА (ж/б 0,45л);White Stone;Товар;;322;4640229753064;кор. 12х0,45л ж/б;365;Кубок Мира;Кубок Мира;White Stone "Кубок Мира" (American IРА) алк. 6% / ВС ИПА 4, ж/б 0,45л;;Алкогольная продукция>White Stonе>White Stonе ж>б;6;75;;American IРА;6683141;;225dc9d3-583e-11f1-9bbe-000c296fac54
White Stone "Кубок Мира" (American IРА) алк. 6% / ВС ИПА 4, ж/б 0,45л;91;00-00022398;КУБОК МИРА (ж/б 0,45л);White Stone;Товар;;322;4640229753088;кор. 12х0,45л ж/б;365;Кубок Мира;Кубок Мира;White Stone "Кубок Мира" (American IРА) алк. 6% / ВС ИПА 4, ж/б 0,45л;;Алкогольная продукция>White Stonе>White Stonе ж>б;6;75;;American IРА;6683141;;225dc9d3-583e-11f1-9bbe-000c296fac54
Plague Brew "Hop Punch Citra" (Double IPA) алк. 8,5% / ДИПАха 1, ж/б 0,45л;34;00-00022413;HOP PUNCH CITRA (ж/б 0,45л);Plague Brew;Товар;;382;4640236236819;кор. 06х0,45л ж/б;365;Hop Punch Citra;Hop Punch Citra;Plague Brew "Hop Punch Citra" (Double IPA) алк. 8,5% / ДИПАха 1, ж/б 0,45л;Новинка!;Алкогольная продукция>Plague Brew>Plague Brew ж>б бут;8,50;80;;Double IPA;5651859;;4365e820-5996-11f1-9bbe-000c296fac54
Gravity Project "Забанен" (Cider) алк. 5,0% / Банан полусладкий, бут. 0,45л;67;00-00022436;ЗАБАНЕН (бут. 0,45л);Gravity Project;Товар;;329;4640422940476;кор. 12х0,45л ст бут.;365;Забанен;Забанен;Gravity Project "Забанен" (Cider) алк. 5,0% / Банан полусладкий, бут. 0,45л;;Алкогольная продукция>Gravity Project>Gravity Project стекло;5;;;Cider;2923860;;e9d5248f-5a8c-11f1-9bbe-000c296fac54
B-SIDE “Арбуз дыня” (mead) 4,5% / Арбуз-Дыня полусладкая, бут.0,5л;27;00-00022452;АРБУЗ ДЫНЯ (бут. 0,5л);B-SIDE;Товар;Пивной напиток со вкусом ананаса полусладкий.;304;4640422940292;кор. 12х0,5л ст. бут.;365;Арбуз дыня;Арбуз дыня;B-SIDE “Арбуз дыня” (mead) 4,5% / Арбуз-Дыня полусладкая, бут.0,5л;;Алкогольная продукция>B-SIDE>B-SIDE жб бут;5,50;;;Mead;4122170;;dd54c7b3-5d86-11f1-9bbe-000c296fac54
Selfmade "Solar Plains" (Sour  Smoothie) алк. 4,7% / СБ Кислячок 3, ж/б 0,45л;29;00-00022467;SOLAR PLAINS (ж/б 0,45л);Selfmade;Товар;;348;4640235994666;кор. 12х0,45л ж/б;363;Solar Plains;Solar Plains;Selfmade "Solar Plains" (Sour  Smoothie) алк. 4,7% / СБ Кислячок 3, ж/б 0,45л;;Алкогольная продукция>Selfmade>Selfmade ж>б;4,70;6;;Sour  Smoothie;6725167;;edeb373f-5f15-11f1-9bbe-000c296fac54
Mister Bee "Cranberry" (Мистер Бии "Клюква") (Mead) алк. 5% / Мистер БИ Клюква, бут 0,45л;162;00-00022615;MISTER BEE CRANBERRY (КЛЮКВА) (бут 0,45л);Cider House;Товар;;191;4680140431597;кор. 12х0,45л ст бут.;730;Mister Bee "Cranberry";Mister Bee "Cranberry";Mister Bee "Cranberry" (Мистер Бии "Клюква") (Mead) алк. 5% / Мистер БИ Клюква, бут 0,45л;;Алкогольная продукция>Cider House>Mister Bee бут;5;;;Mead;6377791;;38dbdc7b-6a47-11f1-9bbe-000c296fac54
Mister Bee "Cranberry" (Мистер Бии "Клюква") (Mead) алк. 5% / Мистер БИ Клюква, бут 0,45л;162;00-00022615;MISTER BEE CRANBERRY (КЛЮКВА) (бут 0,45л);Cider House;Товар;;191;4680140432242;кор. 12х0,45л ст бут.;730;Mister Bee "Cranberry";Mister Bee "Cranberry";Mister Bee "Cranberry" (Мистер Бии "Клюква") (Mead) алк. 5% / Мистер БИ Клюква, бут 0,45л;;Алкогольная продукция>Cider House>Mister Bee бут;5;;;Mead;6377791;;38dbdc7b-6a47-11f1-9bbe-000c296fac54
Chibis "Ананас Кокос" (Sour - Fruited), алк. 5,5% / Ананас Кокос, пэт кег 20л;40;00-00022630;АНАНАС КОКОС (пэт кег 20л);CHIBIS Brewery;Товар;;485;4640233774277;пэт кег 20л;365;Ананас Кокос;Ананас Кокос;Chibis "Ананас Кокос" (Sour - Fruited), алк. 5,5% / Ананас Кокос, пэт кег 20л;;Алкогольная продукция>CHIBIS Brewery>CHIBIS Brewery кег;5,50;;;Sour - Fruited;6727053;;39106835-6bb0-11f1-9bbe-000c296fac54
White Stone "На головах ходили" (Double IPA) алк. 8,2% / ВС ДИПА 8, пэт кег 20л;60;00-00022643;НА ГОЛОВАХ ХОДИЛИ (пэт кег 20л);White Stone;Товар;;458;4640229753125;пэт кег 20л;365;На головах ходили;На головах ходили;White Stone "На головах ходили" (Double IPA) алк. 8,2% / ВС ДИПА 8, пэт кег 20л;;Алкогольная продукция>White Stonе>White Stonе кег;8,20;90;;Double IPA;6683145;;4e7fe2be-6be2-11f1-9bbe-000c296fac54
Заповедник "Lavender" (Cider) алк. 5% / Дружбист 1, пэт кег 30л;30;00-00022650;LAVENDER (пэт кег 30л);Заповедник;Товар;;490;4630442770030;пэт кег 30л;730;Lavender;Lavender;Заповедник "Lavender" (Cider) алк. 5% / Дружбист 1, пэт кег 30л;;Алкогольная продукция>Заповедник>Заповедник кег;5;;;Cider;6439675;;cbe5a937-6eea-11f1-9bbe-000c296fac54
Ортодокс “Балтийский Портер” (Porter) алк.7.3% / БАЛТИЙСКИЙ ПОРТЕР, пэт кег 20л/шт;23;00-00021375;БАЛТИЙСКИЙ ПОРТЕР (пэт кег 20л/шт);ОРТОДОКС;Товар;;0;04670161157699;пэт кег 20л/шт;365;Балтийский Портер;Балтийский Портер;Ортодокс “Балтийский Портер” (Porter) алк.7.3% / БАЛТИЙСКИЙ ПОРТЕР, пэт кег 20л/шт;Новинка!;Алкогольная продукция>SVOI (Сергиев Посад)>Ортодокс кег пэт;7,30;;19;Porter;4661438;;3fa9040b-d65a-11f0-9bb3-000c296fac54
MeadNight "RISLING & ALICANTE MEAD" (Mead) алк.6% / МН Медок 7, ж/б 0,45л;31;00-00021415;RISLING & ALICANTE MEAD (ж/б 0,45л);MeadNight;Товар;;314;4627130346417;кор. 12х0,45л ж/б;360;RISLING & ALICANTE MEAD;RISLING & ALICANTE MEAD;MeadNight "RISLING & ALICANTE MEAD" (Mead) алк.6% / МН Медок 7, ж/б 0,45л;;Алкогольная продукция>MeadNight>MeadNight жб;6;;;Mead;6532842;;2f2ab811-d9b7-11f0-9bb3-000c296fac54
GANZA Brewery "Белое солнце" (NEDIPA) алк. 8% / Ганза неипа 27, ж/б 0,45л;44;00-00021452;БЕЛОЕ СОЛНЦЕ (ж/б 0,45);GANZA Brewery;Товар;;381;4670163075656;кор. 12х0,45л ж/б;360;Белое солнце;Белое солнце;GANZA Brewery "Белое солнце" (NEDIPA) алк. 8% / Ганза неипа 27, ж/б 0,45л;;Алкогольная продукция>GANZA Brewery>GANZA Brewery ж>б;8;30;;NEDIPA;6517519;;9eeaa6fc-dbdd-11f0-9bb5-000c296fac54
Ортодокс “Жигулёвское” (Lager) алк. 3,8% / ЖИГУЛЁВСКОЕ , пэт кег 20л/шт;96;00-00019130;ЖИГУЛЁВСКОЕ (пэт кег 20л/шт);ОРТОДОКС;Товар;;0;4670161157583;пэт кег 20л/шт;365;Жигулёвское;Жигулёвское;Ортодокс “Жигулёвское” (Lager) алк. 3,8% / ЖИГУЛЁВСКОЕ , пэт кег 20л/шт;;Алкогольная продукция>SVOI (Сергиев Посад)>Ортодокс кег пэт;3,80;25;11;Lager;4292360;;6f8f59e2-2f13-11f0-9bac-000c296fac54
Меда Сибири "Raspberry, Lime, Mint Mead" (Mead) алк. 6% / Малина - Лайм, ж/б 0,45л;54;00-00019183;RASPBERRY, LIME, MINT MEAD (ж/б 0,45л);Меда Сибири;Товар;;309;4660387591360;кор. 12х0,45л ж/б;365;Raspberry, Lime, Mint Mead;Raspberry, Lime, Mint Mead;Меда Сибири "Raspberry, Lime, Mint Mead" (Mead) алк. 6% / Малина - Лайм, ж/б 0,45л;;Алкогольная продукция>Меда Сибири>Меда Сибири жб>бут;6;;;Mead - Melomel;5910240;;913cece4-30bd-11f0-9bac-000c296fac54
Red Rocket "Helles" (Lager) алк. 5% / РЕД РОКЕТ ХЕЛЛЕС, ж/б 0,45л;40;00-00019271;HELLES (ж/б 0,45л);Red Rocket;Товар;;257;4640229932223;кор. 20х0,45л ж/б;360;Helles;Helles;Red Rocket "Helles" (Lager) алк. 5% / РЕД РОКЕТ ХЕЛЛЕС, ж/б 0,45л;;Алкогольная продукция>Red Rocket Brewery>Red Rocket ж>б;5;;;Lager;4642416;;cea4767e-3561-11f0-9bac-000c296fac54
Stamm Brewing "Koinobori" (Rice Lager) алк 5,2% / Рисовый лагер, ж/б 0,45 л;29;00-00019367;KOINOBORI (ж/б 0,45л);Stamm Brewing;Товар;;248;4610297651197;кор. 12х0,45л ж/б;365;Koinobori;Koinobori;Stamm Brewing "Koinobori" (Rice Lager) алк 5,2% / Рисовый лагер, ж/б 0,45 л;Новинка!;Алкогольная продукция>Stamm Brewing>Stamm Brewing ж>б, бут;5,20;;;Rice Lager;6264963;;1b4716f4-3bab-11f0-9bac-000c296fac54
Stamm Brewing "Koinobori" (Rice Lager) алк 5,2% / Рисовый лагер, ж/б 0,45 л;29;00-00019367;KOINOBORI (ж/б 0,45л);Stamm Brewing;Товар;;248;4610297653344;кор. 12х0,45л ж/б;365;Koinobori;Koinobori;Stamm Brewing "Koinobori" (Rice Lager) алк 5,2% / Рисовый лагер, ж/б 0,45 л;Новинка!;Алкогольная продукция>Stamm Brewing>Stamm Brewing ж>б, бут;5,20;;;Rice Lager;6264963;;1b4716f4-3bab-11f0-9bac-000c296fac54
Plague Brew "Dreher" (Lager), алк. 5,5% / Дреер, ж/б 0,45л;79;00-00019404;DREHER (ж/б 0,45л);Plague Brew;Товар;;287;4660512523686;кор. 06х0,45л ж/б;730;Dreher;Dreher;Plague Brew "Dreher" (Lager), алк. 5,5% / Дреер, ж/б 0,45л;;Алкогольная продукция>Plague Brew>Plague Brew ж>б бут;5,50;21;;Lager;4719203;;18f81f78-3c91-11f0-9bac-000c296fac54
Stamm Brewing "Nevermont Magic Dust" (New England IPA) алк 7% /Невермонт Мэйджик Даст , пэт кег 20л;260;00-00011373;NEVERMONT MAGIC DUST (пэт кег 20л);Stamm Brewing;Товар;;558;4603731389428;пэт кег 20л;365;Nevermont Magic Dust;Nevermont Magic Dust;Stamm Brewing "Nevermont Magic Dust" (New England IPA) алк 7% /Невермонт Мэйджик Даст , пэт кег 20л;;Алкогольная продукция>Stamm Brewing>Stamm Brewing кег;7;50;;New England IPA;2345721;;e9ddaaca-a87c-11ed-80fb-000c29d24b62
Rewort Brewery "Hardin & Walker" (American IPA ) алк. 6,5% / ИПА 9, пэт кег 20л/шт;11;00-00011983;HARDIN & WALKER (пэт кег 20л/шт);Rewort;Товар;;0;4670161150294;пэт кег 20л/шт;365;Hardin & Walker;Hardin & Walker;Rewort Brewery "Hardin & Walker" (American IPA ) алк. 6,5% / ИПА 9, пэт кег 20л/шт;;Алкогольная продукция>SVOI (Сергиев Посад)>Rewort кег пэт;6,50;53;;American IPA;4189006;;7e447b98-e35f-11ed-810b-000c29bc6f5e
Black Cat "For All the Dogs" (Fruited Sour Ale) алк 5,5% / СМОКИ ДОГ САУР 1, ж/б 0,45л;42;00-00013027;FOR ALL THE DOGS (ж/б 0,45л);Black Cat;Товар;;322;4603726880695;кор. 12х0,45л ж/б;360;For All the Dogs;For All the Dogs;Black Cat "For All the Dogs" (Fruited Sour Ale) алк 5,5% / СМОКИ ДОГ САУР 1, ж/б 0,45л;;Алкогольная продукция>Black Cat Brewery>Black Cat Brewery стекло > жб;5,50;;;Fruited Sour Ale;5496671;;a28e6853-4340-11ee-8116-000c29bc6f5e
Ostrovica "B-Day Lager" (Lager), алк. 4,9% / Островица Лагер, пэт кег 20л;60;00-00005171;B-DAY LAGER (пэт кег 20л);Ostrovica Brewery;Товар;;344;4640205261828;пэт кег 20л;180;B-Day Lager;B-Day Lager;Ostrovica "B-Day Lager" (Lager), алк. 4,9% / Островица Лагер, пэт кег 20л;;Алкогольная продукция>Ostrovica (Аша)>Ostrovica кег;4,90;25;12,50;Lager;1591905;;cff44797-9dcf-11eb-80cd-000c29d24b62
Сider House "Double Tree Малина (Raspberry)" (mead), алк. 4,7% / Дабл Три Малина, бут 0,45л;72;00-00006146;CIDER HOUSE МАЛИНА (бут 0,45л);Cider House;Товар;;180;4680140430798;кор. 12х0,45л ст бут.;730;Double Tree Малина (Raspberry);Double Tree Малина (Raspberry);Сider House "Double Tree Малина (Raspberry)" (mead), алк. 4,7% / Дабл Три Малина, бут 0,45л;;Алкогольная продукция>Cider House>Double Tree бут;4,70;;;Cider;4496639;;d2b594c1-0017-11ec-80d7-000c29d24b62
Сider House "Double Tree Малина (Raspberry)" (mead), алк. 4,7% / Дабл Три Малина, бут 0,45л;72;00-00006146;CIDER HOUSE МАЛИНА (бут 0,45л);Cider House;Товар;;180;4680140431894;кор. 12х0,45л ст бут.;730;Double Tree Малина (Raspberry);Double Tree Малина (Raspberry);Сider House "Double Tree Малина (Raspberry)" (mead), алк. 4,7% / Дабл Три Малина, бут 0,45л;;Алкогольная продукция>Cider House>Double Tree бут;4,70;;;Cider;4496639;;d2b594c1-0017-11ec-80d7-000c29d24b62
Токсовская сидрерия "Lemon&Alien" (Cider), алк 4,6% / Элете  бут.0,33л;16;00-00007204;LEMON&ALIEN (бут. 0,33 л);On the Bones;Товар;;325;4627159252362;кор. 12х0,33л ст. бут.;720;Lemon&Alien;Lemon Alien (Anniversary X I Believe Bar);Токсовская сидрерия "Lemon&Alien" (Cider), алк 4,6% / Элете  бут.0,33л;;Алкогольная продукция>On the Bones>On the Bones стекло;5,50;;;Cider;4609693;;df63063e-632a-11ec-80dc-000c29d24b62
Chibis "Pils After Work" (Pilsner), алк. 5.7% / Пилс Афте Ворк, пэт кег 30л;30;00-00009172;PILS AFTER WORK (пэт кег 30л);CHIBIS Brewery;Товар;;296;4627156420252;пэт кег 30л;365;Pils After Work;Pils After Work;Chibis "Pils After Work" (Pilsner), алк. 5.7% / Пилс Афте Ворк, пэт кег 30л;;Алкогольная продукция>CHIBIS Brewery>CHIBIS Brewery кег;5,70;;;Pilsner;3374041;;03f1852b-f167-11ec-80e3-000c29d24b62
Rewort Brewery "Романтика" (Sour - Fruited) алк. 5.5% / САУР ЭЛЬ 26, пэт кег 20л/шт;2;00-00022559;РОМАНТИКА (пэт кег 20л/шт);Rewort;Товар;;0;4630522442512;пэт кег 20л/шт;365;Романтика;Романтика;Rewort Brewery "Романтика" (Sour - Fruited) алк. 5.5% / САУР ЭЛЬ 26, пэт кег 20л/шт;Новинка!;Алкогольная продукция>SVOI (Сергиев Посад)>Rewort кег пэт;5,50;16,20;10;Sour - Fruited;6727423;25;ca5390e7-6413-11f1-9bbe-000c296fac54
Coma Brewery “Трип: Тбилиси” (Sour - Smoothie / Pastry) алк. 5% / СМУЗИ 13, ж/б 0,45л;860;00-00022570;ТРИП: ТБИЛИСИ (ж/б 0,45л);Coma Brewery;Товар;;306;4630522440051;кор. 12х0,45л ж/б;365;Трип: Тбилиси;Трип: Тбилиси;Coma Brewery “Трип: Тбилиси” (Sour - Smoothie / Pastry) алк. 5% / СМУЗИ 13, ж/б 0,45л;;Алкогольная продукция>SVOI (Сергиев Посад)>Coma Brewery>Coma Brewery ж>б;5;24;;Sour - Smoothie / Pastry;6718844;;ba2458e2-64ad-11f1-9bbe-000c296fac54
Coma Brewery “Трип: Тбилиси” (Sour - Smoothie / Pastry) алк. 5% / СМУЗИ 13, ж/б 0,45л;860;00-00022570;ТРИП: ТБИЛИСИ (ж/б 0,45л);Coma Brewery;Товар;;306;4630522442116;кор. 12х0,45л ж/б;365;Трип: Тбилиси;Трип: Тбилиси;Coma Brewery “Трип: Тбилиси” (Sour - Smoothie / Pastry) алк. 5% / СМУЗИ 13, ж/б 0,45л;;Алкогольная продукция>SVOI (Сергиев Посад)>Coma Brewery>Coma Brewery ж>б;5;24;;Sour - Smoothie / Pastry;6718844;;ba2458e2-64ad-11f1-9bbe-000c296fac54
Zavod "MASS/01" (Sour) алк. 6,2% / Смузи 4, ж/б 0,45л;84;00-00022583;MASS/01 (ж/б 0,45л);Zavod Brewery;Товар;;359;4607967292835;кор. 20х0,45л ж/б;360;MASS/01;MASS/01;Zavod "MASS/01" (Sour) алк. 6,2% / Смузи 4, ж/б 0,45л;;Алкогольная продукция>Zavod Brewery>Zavod Brewery ж>б;5,80;;;Sour  Smoothie;6716296;;3283a83f-64c5-11f1-9bbe-000c296fac54
HopHead "Огуречный джин" (Fruited Gose) алк. 6% / Хопхэд гозе 27, ж/б 0,45л;12;00-00022599;ОГУРЕЧНЫЙ ДЖИН (ж/б 0,45л);HopHead;Товар;;329;4620402496728;кор. 20х0,45л ж/б;360;Огуречный джин;Огуречный джин;HopHead "Огуречный джин" (Fruited Gose) алк. 6% / Хопхэд гозе 27, ж/б 0,45л;;Алкогольная продукция>HopHead>HopHead ж>б;6;1;;Fruited Gose;6742300;;06016ff4-68b9-11f1-9bbe-000c296fac54
Brewlok "Лихо Грейпфрут" (Imperial Double IPA), алк. 6.9%. / Нью 41, ж/б 0,45л;18;00-00021822;ЛИХО ГРЕЙПФРУТ (ж/б 0,45л);Brewlok;Товар;Использована хмелевая группа : amarillo, simcoe, columbus, centennial, mosaic, vic secret.;322;4640437582463;кор. 12х0,45л ж/б;366;Лихо Грейпфрут;Лихо Грейпфрут;Brewlok "Лихо Грейпфрут" (Imperial Double IPA), алк. 6.9%. / Нью 41, ж/б 0,45л;;Алкогольная продукция>Brewlok (Воронеж)>Brewlok ж>б;6,90;;;Imperial Double IPA;6583573;;d4393d7b-12e2-11f1-9bba-000c296fac54
Ostrovica "DR. LICORICE" (NEDIPA) алк. 8.2% /Островица Эль 131, ж/б 0,45л;17;00-00021854;DR. LICORICE (ж/б 0,45л);Ostrovica Brewery;Товар;;351;4640205262443;кор. 20х0,45л ж/б;360;DR. LICORICE;DR. LICORICE;Ostrovica "DR. LICORICE" (NEDIPA) алк. 8.2% /Островица Эль 131, ж/б 0,45л;;Алкогольная продукция>Ostrovica (Аша)>Ostrovica ж>б;8,20;;;NEDIPA;6567942;;13bb0e4f-1798-11f1-9bbb-000c296fac54
Ostrovica "DR. LICORICE" (NEDIPA) алк. 8.2% /Островица Эль 131, ж/б 0,45л;17;00-00021854;DR. LICORICE (ж/б 0,45л);Ostrovica Brewery;Товар;;351;4640205266441;кор. 20х0,45л ж/б;360;DR. LICORICE;DR. LICORICE;Ostrovica "DR. LICORICE" (NEDIPA) алк. 8.2% /Островица Эль 131, ж/б 0,45л;;Алкогольная продукция>Ostrovica (Аша)>Ostrovica ж>б;8,20;;;NEDIPA;6567942;;13bb0e4f-1798-11f1-9bbb-000c296fac54
Край Земли "Лимонад барбарис-ваниль" (Lemonade) / ЛИМОНАД КРАЙ ЗЕМЛИ БАРБАРИС - ВАНИЛЬ, бут. 0,33л;59;00-00021868;ЛИМОНАД БАРБАРИС-ВАНИЛЬ (бут.0,33л);Край Земли;Товар;;215;4627192388660;кор. 12х0,33л ст. бут.;365;Лимонад барбарис-ваниль;Лимонад барбарис-ваниль;Край Земли "Лимонад барбарис-ваниль" (Lemonade) / ЛИМОНАД КРАЙ ЗЕМЛИ БАРБАРИС - ВАНИЛЬ, бут. 0,33л;;Алкогольная продукция>Край Земли>Край Земли бут б>а;;;;Lemonade;;;a22feb46-1888-11f1-9bbb-000c296fac54
Blur Meadery “Классическая серия: Мёд с черникой“ (Mead) алк. 5,0% / БЛЮР 2, пэт кег 20л/шт;27;00-00021896;МЁД С ЧЕРНИКОЙ (пэт кег 20л/шт);BLUR;Товар;;0;4630522441690;пэт кег 20л/шт;365;Классическая серия: Мёд с черникой;Классическая серия: Мёд с черникой;Blur Meadery “Классическая серия: Мёд с черникой“ (Mead) алк. 5,0% / БЛЮР 2, пэт кег 20л/шт;;Алкогольная продукция>SVOI (Сергиев Посад)>Blur Meadery кег пэт;5;;;Mead;6576229;;1d7f92ea-1d30-11f1-9bbb-000c296fac54
Zavod "Blanche De Moscou" (Wheat Beer) алк. 5,4% / Бланш де Москау, ж/б 0,45л;29;00-00019751;BLANCHE DE MOSCOU (ж/б 0,45л);Zavod Brewery;Товар;;311;4630250301303;кор. 20х0,45л ж/б;360;Blanche De Moscou;Blanche De Moscou;Zavod "Blanche De Moscou" (Wheat Beer) алк. 5,4% / Бланш де Москау, ж/б 0,45л;;Алкогольная продукция>Zavod Brewery>Zavod Brewery ж>б;5,40;10;;Witbier;2496974;;c804b5f0-55a7-11f0-9bac-000c296fac54
Zavod "Blanche De Moscou" (Wheat Beer) алк. 5,4% / Бланш де Москау, ж/б 0,45л;29;00-00019751;BLANCHE DE MOSCOU (ж/б 0,45л);Zavod Brewery;Товар;;311;4630250301310;кор. 20х0,45л ж/б;360;Blanche De Moscou;Blanche De Moscou;Zavod "Blanche De Moscou" (Wheat Beer) алк. 5,4% / Бланш де Москау, ж/б 0,45л;;Алкогольная продукция>Zavod Brewery>Zavod Brewery ж>б;5,40;10;;Witbier;2496974;;c804b5f0-55a7-11f0-9bac-000c296fac54
Бокал для пива «Элеганс (Rewort)», кор. 12шт., стекло, 0,62л, (Россия);12;00-00019764;БОКАЛ ЭЛЕГАНС REWORT 0,62л.;Rewort;Товар;Бокал для пива «Элеганс (Rewort)», кор. 12шт., стекло, 0,62л, (Россия);306;;Упаковка 12 шт.;0;Бокал Элеганс Rewort 0,62л.;Бокал Элеганс Rewort 0,62л.;Бокал для пива «Элеганс (Rewort)», кор. 12шт., стекло, 0,62л, (Россия);Новинка!;Сопутствующие товары>СВОИ>Сувенирные бокалы;;;;;;;a22801d9-564b-11f0-9bac-000c296fac54
Леонид Леврана "Hop Me" (Hopped Semi-Dry Cider) (ЗЕЛЕНЫЙ)алк. 5,5% / HOP ME, бут. 0,33л;24;00-00019819;HOP ME (ЗЕЛЕНЫЙ) (бут. 0,33л);Сидродельня Леонида Леврана;Товар;;306;4603728537061;кор. 12х0,33л ст. бут.;720;Hop Me;Hop Me;Леонид Леврана "Hop Me" (Hopped Semi-Dry Cider) (ЗЕЛЕНЫЙ)алк. 5,5% / HOP ME, бут. 0,33л;;Алкогольная продукция>Сидродельня Леонида Леврана>Леврана бут;5,50;;;Hopped Semi-Dry Cider;6070796;;664be81a-57eb-11f0-9bac-000c296fac54
Ортодокс “Хеллес” (Helles) алк. 4,2% / Хеллес, пэт кег 20л/шт;41;00-00013837;ХЕЛЛЕС (пэт кег 20л/шт);ОРТОДОКС;Товар;;0;4670161151178;пэт кег 20л/шт;365;Хеллес;Хеллес;Ортодокс “Хеллес” (Helles) алк. 4,2% / Хеллес, пэт кег 20л/шт;;Алкогольная продукция>SVOI (Сергиев Посад)>Ортодокс кег пэт;4,20;16;11,30;Helles;5542058;;a4fc992f-820b-11ee-811b-000c29bc6f5e
Ортодокс “Стаут” (Stout) алк. 4,5% / Стаут, пэт кег 20л/шт;27;00-00014571;СТАУТ (пэт кег 20л/шт);ОРТОДОКС;Товар;;0;4670161151109;пэт кег 20л/шт;365;Стаут;Стаут;Ортодокс “Стаут” (Stout) алк. 4,5% / Стаут, пэт кег 20л/шт;;Алкогольная продукция>SVOI (Сергиев Посад)>Ортодокс кег пэт;4,50;15;13;Stout;2380544;;e30df711-c3ed-11ee-816c-000c29bc6f5e
GANZA Brewery "ПОЛОВИНКА Белый виноград, Дыня, Банан" (Lemonade) / ПОЛОВИНКА МИКС 6, ж/б 0,33л;32;00-00015456;ПОЛОВИНКА БЕЛЫЙ ВИНОГРАД, ДЫНЯ, БАНАН (ж/б 0,33 л);GANZA Brewery;Товар;;193;4670163072983;кор. 12х0,33л ж/б;360;ПОЛОВИНКА Белый виноград, Дыня, Банан;ПОЛОВИНКА Белый виноград, Дыня, Банан;GANZA Brewery "ПОЛОВИНКА Белый виноград, Дыня, Банан" (Lemonade) / ПОЛОВИНКА МИКС 6, ж/б 0,33л;;Алкогольная продукция>GANZA Brewery>Ganza лимонады;;;;Lemonade;;;0483e044-1446-11ef-819a-000c29bc6f5e
White Phoenix "White Phoenix Black Cherry" (Mead), алк. 5,6% / Темная вишня, пэт кег 30л;90;00-00016037;WHITE PHOENIX BLACK CHERRY (пэт кег 30л);White Phoenix;Товар;;212;4680140431269;пэт кег 30л;540;White Phoenix Black Cherry;White Phoenix Black Cherry;White Phoenix "White Phoenix Black Cherry" (Mead), алк. 5,6% / Темная вишня, пэт кег 30л;;Алкогольная продукция>Cider House>White Phoenix>White Phoenix кег;5,60;;;Mead;4667195;;f39c8b2e-42b9-11ef-81ba-000c29bc6f5e
Ostrovica "MINTY TWINS" (IPA - Imperial) алк. 8.2% /Островица Эль 135, ж/б 0,45л;22;00-00022764;MINTY TWINS (ж/б 0,45л);Ostrovica Brewery;Товар;;328;4640205262894;кор. 20х0,45л ж/б;360;MINTY TWINS;MINTY TWINS;Ostrovica "MINTY TWINS" (IPA - Imperial) алк. 8.2% /Островица Эль 135, ж/б 0,45л;;Алкогольная продукция>Ostrovica (Аша)>Ostrovica ж>б;8,20;;;IPA - Imperial / Double;6701593;;b65385eb-745f-11f1-9bbe-000c296fac54
Ostrovica "MINTY TWINS" (IPA - Imperial) алк. 8.2% /Островица Эль 135, ж/б 0,45л;22;00-00022764;MINTY TWINS (ж/б 0,45л);Ostrovica Brewery;Товар;;328;4640205267073;кор. 20х0,45л ж/б;360;MINTY TWINS;MINTY TWINS;Ostrovica "MINTY TWINS" (IPA - Imperial) алк. 8.2% /Островица Эль 135, ж/б 0,45л;;Алкогольная продукция>Ostrovica (Аша)>Ostrovica ж>б;8,20;;;IPA - Imperial / Double;6701593;;b65385eb-745f-11f1-9bbe-000c296fac54
GANZA Brewery "Ежеви как хочешь" (Sour - Fruited) алк.6% / Ганза саур эль 23, ж/б 0,45 л;2;00-00022781;ЕЖЕВИ КАК ХОЧЕШЬ (ж/б 0,45);GANZA Brewery;Товар;;348;4670163076080;кор. 12х0,45л ж/б;360;Ежеви как хочешь;Ежеви как хочешь;GANZA Brewery "Ежеви как хочешь" (Sour - Fruited) алк.6% / Ганза саур эль 23, ж/б 0,45 л;;Алкогольная продукция>GANZA Brewery>GANZA Brewery ж>б;6;;;Sour - Fruited;6764156;;d3ea6734-7528-11f1-9bbe-000c296fac54
Chibis "Солнышко" (New England Hazy IPA), алк. 6,4% / Солнышко, пэт кег 20л;20;00-00022790;СОЛНЫШКО (пэт кег 20л);CHIBIS Brewery;Товар;;528;4640233774345;пэт кег 20л;365;Солнышко;Солнышко;Chibis "Солнышко" (New England Hazy IPA), алк. 6,4% / Солнышко, пэт кег 20л;;Алкогольная продукция>CHIBIS Brewery>CHIBIS Brewery кег;6,40;;;New England Hazy IPA;6744136;;4f902cbd-75de-11f1-9bc0-000c296fac54
Zavod "Образец Мутный Усиленный ХЗ-1У" (DIPA) алк. 7.7% /Не Дипа 1, жб 0,45л;37;00-00022801;ОБРАЗЕЦ МУТНЫЙ УСИЛЕННЫЙ ХЗ-1У (жб 0,45л);Zavod Brewery;Товар;;380;4607967292958;кор. 20х0,45л ж/б;360;Образец Мутный Усиленный ХЗ-1У;Образец Мутный Усиленный ХЗ-1У;Zavod "Образец Мутный Усиленный ХЗ-1У" (DIPA) алк. 7.7% /Не Дипа 1, жб 0,45л;;Алкогольная продукция>Zavod Brewery>Zavod Brewery ж>б;7,70;75;;Double IPA;6766629;;375218a4-76d1-11f1-9bc0-000c296fac54
MeadNight "Red Bee Mead" (Mead) алк.6% /МН Медок 3, ж/б 0,45л;52;00-00021732;RED BEE MEAD (ж/б 0,45л);MeadNight;Товар;;299;4627130346332;кор. 12х0,45л ж/б;360;Red Bee Mead;Red Bee Mead;MeadNight "Red Bee Mead" (Mead) алк.6% /МН Медок 3, ж/б 0,45л;;Алкогольная продукция>MeadNight>MeadNight жб;6;;;Mead;6599466;;ee4204f2-08cb-11f1-9bba-000c296fac54
4 Brewers "Прятки" (Triple IPA) алк 10% / Прятки, ж/б 0,45л;20;00-00021750;ПРЯТКИ (ж/б 0,45л);4 Brewers;Товар;;359;4680820153092;кор. 12х0,45л ж/б;270;Прятки;Прятки;4 Brewers "Прятки" (Triple IPA) алк 10% / Прятки, ж/б 0,45л;;Алкогольная продукция>4 Brewers>4 Brewers ж>б;10;115;;IPA - Triple;2619968;;7be020c9-0d5d-11f1-9bba-000c296fac54
4 Brewers "Прятки" (Triple IPA) алк 10% / Прятки, ж/б 0,45л;20;00-00021750;ПРЯТКИ (ж/б 0,45л);4 Brewers;Товар;;359;4680820154587;кор. 12х0,45л ж/б;270;Прятки;Прятки;4 Brewers "Прятки" (Triple IPA) алк 10% / Прятки, ж/б 0,45л;;Алкогольная продукция>4 Brewers>4 Brewers ж>б;10;115;;IPA - Triple;2619968;;7be020c9-0d5d-11f1-9bba-000c296fac54
Rewort Brewery "Золотой час" (IPA - Imperial/Double New England) алк. 8,5% / ЗОЛОТОЙ ЧАС, ж/б 0,45л;360;00-00021786;ЗОЛОТОЙ ЧАС (ж/б 0,45л);Rewort;Товар;;338;4630522441348;кор. 12х0,45л ж/б;365;Золотой час;Золотой час;Rewort Brewery "Золотой час" (IPA - Imperial/Double New England) алк. 8,5% / ЗОЛОТОЙ ЧАС, ж/б 0,45л;Новинка!;Алкогольная продукция>SVOI (Сергиев Посад)>Rewort ж>б;8,50;25;20;IPA - Imperial / Double;6584137;10;372802e5-1179-11f1-9bba-000c296fac54
Rewort Brewery "Золотой час" (IPA - Imperial/Double New England) алк. 8,5% / ЗОЛОТОЙ ЧАС, ж/б 0,45л;360;00-00021786;ЗОЛОТОЙ ЧАС (ж/б 0,45л);Rewort;Товар;;338;4670161159587;кор. 12х0,45л ж/б;365;Золотой час;Золотой час;Rewort Brewery "Золотой час" (IPA - Imperial/Double New England) алк. 8,5% / ЗОЛОТОЙ ЧАС, ж/б 0,45л;Новинка!;Алкогольная продукция>SVOI (Сергиев Посад)>Rewort ж>б;8,50;25;20;IPA - Imperial / Double;6584137;10;372802e5-1179-11f1-9bba-000c296fac54
GANZA Brewery "Daily Selection" (American IPA) алк.7% / Ганза ипа 23, ж/б 0,45 л;10;00-00021803;DAILY SELECTION (ж/б 0,45);GANZA Brewery;Товар;;332;4670163075878;кор. 12х0,45л ж/б;360;Daily Selection;Daily Selection;GANZA Brewery "Daily Selection" (American IPA) алк.7% / Ганза ипа 23, ж/б 0,45 л;;Алкогольная продукция>GANZA Brewery>GANZA Brewery ж>б;7;50;;American IPA;6584038;;c428d96e-121a-11f1-9bba-000c296fac54
Plague Brew "Sportacus Talus" (Non Alco Pale Ale) / Плаг Безалкогольное 3, ж/б 0,45л;36;00-00019941;SPORTACUS TALUS (ж/б 0,45л);Plague Brew;Товар;;287;4660512525949;кор. 06х0,45л ж/б;180;Sportacus Talus;Sportacus Talus;Plague Brew "Sportacus Talus" (Non Alco Pale Ale) / Плаг Безалкогольное 3, ж/б 0,45л;;Алкогольная продукция>Plague Brew>Plague Brew Б>А;0,50;25;;Non Alco Pale Ale;6326136;;1af5977f-608a-11f0-9baf-000c296fac54
Rewort & Overdose Brewery "Currant Mead" (Mead - Melomel), алк. 5% / МЁД 200 , ж/б 0,45л;385;00-00020003;CURRANT MEAD (ж/б 0,45л);Rewort;Товар;;259;4670161154322;кор. 12х0,45л ж/б;365;Currant Mead;Currant Mead;Rewort & Overdose Brewery "Currant Mead" (Mead - Melomel), алк. 5% / МЁД 200 , ж/б 0,45л;;Алкогольная продукция>SVOI (Сергиев Посад)>Rewort ж>б;5;;15;Mead - Melomel;6315602;;e34f6039-6310-11f0-9baf-000c296fac54
Rewort & Overdose Brewery "Currant Mead" (Mead - Melomel), алк. 5% / МЁД 200 , ж/б 0,45л;385;00-00020003;CURRANT MEAD (ж/б 0,45л);Rewort;Товар;;259;4670161158641;кор. 12х0,45л ж/б;365;Currant Mead;Currant Mead;Rewort & Overdose Brewery "Currant Mead" (Mead - Melomel), алк. 5% / МЁД 200 , ж/б 0,45л;;Алкогольная продукция>SVOI (Сергиев Посад)>Rewort ж>б;5;;15;Mead - Melomel;6315602;;e34f6039-6310-11f0-9baf-000c296fac54
Big Village "Milk Brothers (coffee Ed.)" (Milk Stout) алк. 6,5% / Милк Брозерс, ж/б 0,45л;42;00-00020039;MILK BROTHERS (COFFEE ED.) (ж/б 0,45л);Big Village;Товар;;294;4620197361317;кор. 12х0,45л ж/б;180;Milk Brothers (coffee Ed.);Milk Brothers (coffee Ed.);Big Village "Milk Brothers (coffee Ed.)" (Milk Stout) алк. 6,5% / Милк Брозерс, ж/б 0,45л;Новинка!;Алкогольная продукция>Big Village>Big Village ж>б;6,50;30;;Stout;5247808;;9db13485-66e0-11f0-9baf-000c296fac54
Big Village "Milk Brothers (coffee Ed.)" (Milk Stout) алк. 6,5% / Милк Брозерс, ж/б 0,45л;42;00-00020039;MILK BROTHERS (COFFEE ED.) (ж/б 0,45л);Big Village;Товар;;294;4620197363793;кор. 12х0,45л ж/б;180;Milk Brothers (coffee Ed.);Milk Brothers (coffee Ed.);Big Village "Milk Brothers (coffee Ed.)" (Milk Stout) алк. 6,5% / Милк Брозерс, ж/б 0,45л;Новинка!;Алкогольная продукция>Big Village>Big Village ж>б;6,50;30;;Stout;5247808;;9db13485-66e0-11f0-9baf-000c296fac54
Gravity Project "Береги голову" (Cider) алк. 4,5% / Саммер, пэт кег 30л;30;00-00016462;БЕРЕГИ ГОЛОВУ (пэт кег 30л);Gravity Project;Товар;;485;4640422940575;пэт кег 30л;365;Береги голову;Береги голову;Gravity Project "Береги голову" (Cider) алк. 4,5% / Саммер, пэт кег 30л;;Алкогольная продукция>Gravity Project>Gravity Project кег;4,50;;;Cider;5411624;;d5c89e14-6081-11ef-81bd-000c29bc6f5e
MeadNight "Мёд манго и лайм" (Mead) алк.6% /МН Мёд манго и лайм, пэт кег 20л;80;00-00016990;МЁД МАНГО И ЛАЙМ (пэт кег 20л);MeadNight;Товар;;380;4627130346097;пэт кег 20л;360;Мёд манго и лайм;Мёд манго и лайм;MeadNight "Мёд манго и лайм" (Mead) алк.6% /МН Мёд манго и лайм, пэт кег 20л;;Алкогольная продукция>MeadNight>MeadNight кег;6;;;Mead;5952434;;7521ccb2-8c51-11ef-8210-000c29bc6f5e
Токсовская сидрерия "Heart of Hop (ex. Hop Point)" (Cider) алк. 5,3% / Хоп, бут. 0,33л;42;00-00017301;HEART OF HOP (EX. HOP POINT) (бут.0,33л);On the Bones;Товар;;303;4610280230187;кор. 12х0,33л ст. бут.;1095;Heart of Hop (ex. Hop Point);Heart of Hop (ex. Hop Point);Токсовская сидрерия "Heart of Hop (ex. Hop Point)" (Cider) алк. 5,3% / Хоп, бут. 0,33л;;Алкогольная продукция>On the Bones>On the Bones стекло;5,30;;;Cider;6029502;;d26d5c7d-a705-11ef-8210-000c29bc6f5e
Rewort Brewery “Причинная Динамическая Триангуляция”(Stout)алк.10%/ПРИЧИННАЯ ДИНАМ.ТРИАНГ.,ж/б 0,33л;768;00-00017710;ПРИЧИННАЯ ДИНАМИЧЕСКАЯ ТРИАНГУЛЯЦИЯ (ж/б 0,33л);Rewort;Товар;;285;4670161156197;кор. 12х0,33л ж/б;1100;Причинная Динамическая Триангуляция;Причинная Динамическая Триангуляция;Rewort Brewery “Причинная Динамическая Триангуляция”(Stout)алк.10%/ПРИЧИННАЯ ДИНАМ.ТРИАНГ.,ж/б 0,33л;;Алкогольная продукция>SVOI (Сергиев Посад)>Rewort ж>б;10;50;30;Cognac Barrel Aged Pastry Imperial Stout;6071581;75;bf11ab39-c29b-11ef-8216-000c29bc6f5e
Plague Brew "Grazia" (Pilsner), алк. 5,2% / Грация, ж/б 0,45л;9;00-00022831;GRAZIA (ж/б 0,45л);Plague Brew;Товар;;271;4660512527165;кор. 06х0,45л ж/б;730;Grazia;Grazia;Plague Brew "Grazia" (Pilsner), алк. 5,2% / Грация, ж/б 0,45л;;Алкогольная продукция>Plague Brew>Plague Brew ж>б бут;5,20;34;;Pilsner;4745516;;a80ffddd-7a98-11f1-9bc1-000c296fac54
Gravity Project "Батин морс. Возрождение" (Cider) алк. 5% / Кей-Ворд, бут. 0,45л;3;00-00022841;БАТИН МОРС. ВОЗРОЖДЕНИЕ (бут. 0,45л);Gravity Project;Товар;;301;4640422940605;кор. 12х0,45л ст бут.;365;Батин морс. Возрождение;Батин морс. Возрождение;Gravity Project "Батин морс. Возрождение" (Cider) алк. 5% / Кей-Ворд, бут. 0,45л;;Алкогольная продукция>Gravity Project>Gravity Project стекло;5;;;Cider;6774485;;fbc27733-7b62-11f1-9bc1-000c296fac54
DIETA "Узник" (Pilsner) алк.5% / Диета лагер 1, ж/б 0,45л;39;00-00022855;УЗНИК (ж/б ,45л);DIETA;Товар;;292;4620402496964;кор. 20х0,45л ж/б;360;Узник;Узник;DIETA "Узник" (Pilsner) алк.5% / Диета лагер 1, ж/б 0,45л;;Алкогольная продукция>DIETA>DIETA  ж>б;5;;;Pilsner;6752729;;30cafe3c-7f4b-11f1-9bc3-000c296fac54
TBP & Rewort Brewery "Озерный дзен" (IPA - Session) алк. 4,2% / Теория большого пива 6, ж/б 0,45л;530;00-00022881;ОЗЕРНЫЙ ДЗЕН (ж/б 0,45л);TBP;Товар;;280;4630522440150;кор. 12х0,45л ж/б;365;Озерный дзен;Озерный дзен;TBP & Rewort Brewery "Озерный дзен" (IPA - Session) алк. 4,2% / Теория большого пива 6, ж/б 0,45л;;Алкогольная продукция>SVOI (Сергиев Посад)>Rewort ж>б;4,20;;;Session IPA;6790157;;8be69992-8046-11f1-9bc3-000c296fac54
TBP & Rewort Brewery "Озерный дзен" (IPA - Session) алк. 4,2% / Теория большого пива 6, ж/б 0,45л;530;00-00022881;ОЗЕРНЫЙ ДЗЕН (ж/б 0,45л);TBP;Товар;;280;4630522442567;кор. 12х0,45л ж/б;365;Озерный дзен;Озерный дзен;TBP & Rewort Brewery "Озерный дзен" (IPA - Session) алк. 4,2% / Теория большого пива 6, ж/б 0,45л;;Алкогольная продукция>SVOI (Сергиев Посад)>Rewort ж>б;4,20;;;Session IPA;6790157;;8be69992-8046-11f1-9bc3-000c296fac54
Gravity Project "Рассвет" (Cider) алк. 5% / Грейпфпут с розмарином полусладкий, пэт кег 30л;90;00-00022707;РАССВЕТ (пэт кег 30л);Gravity Project;Товар;Сидр с соком грейпфрута и розмарином.;478;4603791714000;пэт кег 30л;365;Рассвет;Рассвет;Gravity Project "Рассвет" (Cider) алк. 5% / Грейпфпут с розмарином полусладкий, пэт кег 30л;;Алкогольная продукция>Gravity Project>Gravity Project кег;5;;;Cider;2668168;;07f6e2dc-6fbf-11f1-9bbe-000c296fac54
Zagovor Brewery "Community" (SMAL NEIPA) алк. 3%, / Комьюнити, ж/б  0,45л;23;00-00022722;COMMUNITY (ж/б  0,45л);Zagovor Brewery;Товар;;353;4670223014663;кор. 20х0,45л ж/б;365;Community;Community;Zagovor Brewery "Community" (SMAL NEIPA) алк. 3%, / Комьюнити, ж/б  0,45л;;Алкогольная продукция>Zagovor Brewery>Zagovor Brewery ж>б;3;20;10;SMALL NEIPA;4270811;;218b0e4c-6fc6-11f1-9bbe-000c296fac54
Plan B "Rare Bird" (Session IPA) алк. 4,5% / Rare Bird, ж/б 0,45л;23;00-00022742;RARE BIRD (ж/б 0,45л);Plan B;Товар;;290;4650139081287;кор. 12х0,45л ж/б;180;Rare Bird;Rare Bird;Plan B "Rare Bird" (Session IPA) алк. 4,5% / Rare Bird, ж/б 0,45л;Новинка!;Алкогольная продукция>Plan B Brewery>Plan B ж>б;4,50;35;;Session IPA;5817903;;611c3f95-6fd5-11f1-9bbe-000c296fac54
Blur Meadery “Классическая серия: Мёд с малиной и мятой“ (Mead) алк. 5,0% / БЛЮР 3, пэт кег 20л/шт;33;00-00021898;МЁД С МАЛИНОЙ И МЯТОЙ (пэт кег 20л/шт);BLUR;Товар;;0;4630522441706;пэт кег 20л/шт;365;Классическая серия: Мёд с малиной и мятой;Классическая серия: Мёд с малиной и мятой;Blur Meadery “Классическая серия: Мёд с малиной и мятой“ (Mead) алк. 5,0% / БЛЮР 3, пэт кег 20л/шт;;Алкогольная продукция>SVOI (Сергиев Посад)>Blur Meadery кег пэт;5;;;Mead;6576230;;c7ede91c-1d30-11f1-9bbb-000c296fac54
Blur Meadery “Классическая серия: Мёд с чёрной смородиной“ (Mead) алк. 5,0% / БЛЮР 4, пэт кег 20л/шт;8;00-00021914;МЁД С ЧЁРНОЙ СМОРОДИНОЙ (пэт кег 20л/шт);BLUR;Товар;;0;4630522441713;пэт кег 20л/шт;365;Классическая серия: Мёд с чёрной смородиной;Классическая серия: Мёд с чёрной смородиной;Blur Meadery “Классическая серия: Мёд с чёрной смородиной“ (Mead) алк. 5,0% / БЛЮР 4, пэт кег 20л/шт;;Алкогольная продукция>SVOI (Сергиев Посад)>Blur Meadery кег пэт;5;;;Mead;6576231;;4d02f23e-1d43-11f1-9bbb-000c296fac54
Stamm Brewing "Kiwi Tree" (Lager) алк 5,5% / Хоппи лагер 6, пэт кег 20л;40;00-00021950;KIWI TREE (пэт кег 20л);Stamm Brewing;Товар;;415;4610297653689;пэт кег 20л;365;Kiwi Tree;Kiwi Tree;Stamm Brewing "Kiwi Tree" (Lager) алк 5,5% / Хоппи лагер 6, пэт кег 20л;;Алкогольная продукция>Stamm Brewing>Stamm Brewing кег;5,50;;;Lager;6591590;;d485e11f-235a-11f1-9bbc-000c296fac54
Red Rocket "DRY NITRO STOUT" (Stout) алк. 4.2% /РЕД РОКЕТ НИТРО ДРАЙ СТАУТ, пэт кег 30л/шт;5;00-00021983;DRY NITRO STOUT (пэт кег 30л/шт);Red Rocket;Товар;;8583;4640229931240;пэт кег 30л/шт;180;DRY NITRO STOUT;DRY NITRO STOUT;Red Rocket "DRY NITRO STOUT" (Stout) алк. 4.2% /РЕД РОКЕТ НИТРО ДРАЙ СТАУТ, пэт кег 30л/шт;;Алкогольная продукция>Red Rocket Brewery>Red Rocket кег;4,20;;;Irish Dry Stout;4818820;;e98bdcc6-2435-11f1-9bbc-000c296fac54
Rewort Brewery "Hazy Shade of Summer" (Hazy IPA) алк. 6,5% / ХЭЙЗИ ШЕЙД ОФ САММЕР, ж/б 0,45л;404;00-00020085;HAZY SHADE OF SUMMER (ж/б 0,45л);Rewort;Товар;;263;4670161153936;кор. 12х0,45л ж/б;365;Hazy Shade of Summer;Hazy Shade of Summer;Rewort Brewery "Hazy Shade of Summer" (Hazy IPA) алк. 6,5% / ХЭЙЗИ ШЕЙД ОФ САММЕР, ж/б 0,45л;Новинка!;Алкогольная продукция>SVOI (Сергиев Посад)>Rewort ж>б;6,50;25;16,50;Hazy IPA with Tangerine;2367269;10;08bffb8a-6889-11f0-9baf-000c296fac54
Rewort Brewery "Hazy Shade of Summer" (Hazy IPA) алк. 6,5% / ХЭЙЗИ ШЕЙД ОФ САММЕР, ж/б 0,45л;404;00-00020085;HAZY SHADE OF SUMMER (ж/б 0,45л);Rewort;Товар;;263;4670161158092;кор. 12х0,45л ж/б;365;Hazy Shade of Summer;Hazy Shade of Summer;Rewort Brewery "Hazy Shade of Summer" (Hazy IPA) алк. 6,5% / ХЭЙЗИ ШЕЙД ОФ САММЕР, ж/б 0,45л;Новинка!;Алкогольная продукция>SVOI (Сергиев Посад)>Rewort ж>б;6,50;25;16,50;Hazy IPA with Tangerine;2367269;10;08bffb8a-6889-11f0-9baf-000c296fac54
Ортодокс “Октобер” (Helles) алк. 5% /ОКТОБЕР, ж/б 0,45л;95;00-00020251;ОКТОБЕР (ж/б 0,45л);ОРТОДОКС;Товар;;212;04670161155725;кор. 12х0,45л ж/б;365;Октобер;Октобер;Ортодокс “Октобер” (Helles) алк. 5% /ОКТОБЕР, ж/б 0,45л;;Алкогольная продукция>SVOI (Сергиев Посад)>Ортодокс ж>б;5;20;12;Helles;3470371;;e88fabf7-7774-11f0-9bb0-000c296fac54
Ортодокс “Октобер” (Helles) алк. 5% /ОКТОБЕР, ж/б 0,45л;95;00-00020251;ОКТОБЕР (ж/б 0,45л);ОРТОДОКС;Товар;;212;4670161154803;кор. 12х0,45л ж/б;365;Октобер;Октобер;Ортодокс “Октобер” (Helles) алк. 5% /ОКТОБЕР, ж/б 0,45л;;Алкогольная продукция>SVOI (Сергиев Посад)>Ортодокс ж>б;5;20;12;Helles;3470371;;e88fabf7-7774-11f0-9bb0-000c296fac54
Gravity Project "Russkiy Pierog" (Mead) алк. 5% / Гравити Сайзер 1, пэт кег 30л;30;00-00020330;RUSSKIY PIEROG (пэт кег 30л);Gravity Project;Товар;;486;4640422940025;пэт кег 30л;365;Russkiy Pierog;Russkiy Pierog;Gravity Project "Russkiy Pierog" (Mead) алк. 5% / Гравити Сайзер 1, пэт кег 30л;;Алкогольная продукция>Gravity Project>Gravity Project кег;5;;;Mead;5877972;;5c76f3a4-79a1-11f0-9bb0-000c296fac54
Ортодокс “Пилс” (Pilsner) алк. 4,5% / ПИЛС, ж/б 0,45л;121;00-00020368;ПИЛС (ж/б 0,45л);ОРТОДОКС;Товар;;206;4670161154346;кор. 12х0,45л ж/б;365;Пилс;Пилс;Ортодокс “Пилс” (Pilsner) алк. 4,5% / ПИЛС, ж/б 0,45л;;Алкогольная продукция>SVOI (Сергиев Посад)>Ортодокс ж>б;4,50;27;11,50;Pilsner;5542058;;0b3262bc-7d04-11f0-9bb0-000c296fac54
Ортодокс “Пилс” (Pilsner) алк. 4,5% / ПИЛС, ж/б 0,45л;121;00-00020368;ПИЛС (ж/б 0,45л);ОРТОДОКС;Товар;;206;4670161155749;кор. 12х0,45л ж/б;365;Пилс;Пилс;Ортодокс “Пилс” (Pilsner) алк. 4,5% / ПИЛС, ж/б 0,45л;;Алкогольная продукция>SVOI (Сергиев Посад)>Ортодокс ж>б;4,50;27;11,50;Pilsner;5542058;;0b3262bc-7d04-11f0-9bb0-000c296fac54
Zagovor Brewery "Sober Way" (Non-Alcoholic IPA) / Собер Вэй, ж/б  0,45л;19;00-00017725;SOBER WAY (ж/б 0,45л);Zagovor Brewery;Товар;;308;4670223011761;кор. 20х0,45л ж/б;365;Sober Way;Sober Way;Zagovor Brewery "Sober Way" (Non-Alcoholic IPA) / Собер Вэй, ж/б  0,45л;;Алкогольная продукция>Zagovor Brewery>Zagovor Brewery б>а;0,50;45;;Non-Alcoholic IPA;5644566;;23c969b6-c350-11ef-8216-000c29bc6f5e
Salden's "Violent Twins" (DIPA) алк, 8,5% / Салденс Вайлент Твинс Дабл ИПА, ж/б 0,45л;70;00-00017857;VIOLENT TWINS DOUBLE IPA (ж/б 0,45л);Salden's;Товар;;296;4620085786017;кор. 20х0,45л ж/б;180;Violent Twins;Violent Twins;Salden's "Violent Twins" (DIPA) алк, 8,5% / Салденс Вайлент Твинс Дабл ИПА, ж/б 0,45л;;Алкогольная продукция>Saldens>Salden's ж>б;8,50;140;;Double IPA;851529;;986e21c2-d339-11ef-821a-000c29bc6f5e
Ostrovica "Pils" (Pilsner), алк. 4,5% / Островица Пилснер, ж/б. 0,45л;78;00-00017924;PILS (ж/б 0,45л);Ostrovica Brewery;Товар;;256;4640205261811;кор. 12х0,45л ж/б;360;Pilsner;Pils;Ostrovica "Pils" (Pilsner), алк. 4,5% / Островица Пилснер, ж/б. 0,45л;;Алкогольная продукция>Ostrovica (Аша)>Ostrovica ж>б;4,50;23;12;Pilsner;1872862;;b3dd03c3-da4f-11ef-821f-000c29bc6f5e
Ostrovica "Pils" (Pilsner), алк. 4,5% / Островица Пилснер, ж/б. 0,45л;78;00-00017924;PILS (ж/б 0,45л);Ostrovica Brewery;Товар;;256;4640205264546;кор. 12х0,45л ж/б;360;Pilsner;Pils;Ostrovica "Pils" (Pilsner), алк. 4,5% / Островица Пилснер, ж/б. 0,45л;;Алкогольная продукция>Ostrovica (Аша)>Ostrovica ж>б;4,50;23;12;Pilsner;1872862;;b3dd03c3-da4f-11ef-821f-000c29bc6f5e
Zavod "Free Drive" (Non-Alcoholic IPA) / Завод Фридрайв, ж/б 0,45л;35;00-00018010;FREE DRIVE (ж/б  0,45л);Zavod Brewery;Товар;;296;4607967292651;кор. 20х0,45л ж/б;360;Free Drive;Free Drive;Zavod "Free Drive" (Non-Alcoholic IPA) / Завод Фридрайв, ж/б 0,45л;;Алкогольная продукция>Zavod Brewery>Zavod Brewery Б>А;;;;Non-Alcoholic IPA;6140776;;1d033d23-de22-11ef-8221-000c29bc6f5e
Rewort Brewery "1460" (Red Ale - Irish) алк. 4,6% / РЭД ЭЛЬ, пэт кег 20л/шт;11;00-00022887;1460 (пэт кег 20л/шт);Rewort;Товар;;0;4630522442611;пэт кег 20л/шт;365;1460;1460;Rewort Brewery "1460" (Red Ale - Irish) алк. 4,6% / РЭД ЭЛЬ, пэт кег 20л/шт;Новинка!;Алкогольная продукция>SVOI (Сергиев Посад)>Rewort кег пэт;4,60;;;Irish Red Ale;6764109;;2bc7cc76-8048-11f1-9bc3-000c296fac54
B-SIDE “Original Mead” (mead) 4,5% / Оригинальный Мид, бут.0,45л;46;00-00022928;ORIGINAL MEAD (бут. 0,45л);B-SIDE;Товар;;292;4603791714895;кор. 12х0,45л ст бут.;365;Original Mead;Original Mead;B-SIDE “Original Mead” (mead) 4,5% / Оригинальный Мид, бут.0,45л;;Алкогольная продукция>B-SIDE>B-SIDE жб бут;4,50;;;Mead;4939760;;799a6b15-8107-11f1-9bc3-000c296fac54
Duck Cider "Груша" (Fruit Cider) алк. 5,5% /ДАК САЙДЕР Груша, бут. 0,5л;24;00-00022946;ГРУША (бут. 0,5л);Сидродельня Леонида Леврана;Товар;;311;4603728537672;кор. 12х0,5л ст. бут.;720;Груша;Груша;Duck Cider "Груша" (Fruit Cider) алк. 5,5% /ДАК САЙДЕР Груша, бут. 0,5л;;Алкогольная продукция>Сидродельня Леонида Леврана>Duck Cider;5,50;;;Cider;6698921;;4e4c7144-840b-11f1-9bc3-000c296fac54
Salden's "Sabro IPA" (IPA) алк, 7,5% / Американ ИПА, жб. 0,45л;26;00-00022971;SABRO IPA (жб. 0,45л);Salden's;Товар;Невероятный плотный нектар манго с охмелением Amarillo;285;4620085785065;кор. 20х0,45л ж/б;180;Sabro IPA;Sabro IPA;Salden's "Sabro IPA" (IPA) алк, 7,5% / Американ ИПА, жб. 0,45л;;Алкогольная продукция>Saldens>Salden's ж>б;7,50;60;;Indian Pale Ale;3660018;;2417a5bd-8598-11f1-9bc3-000c296fac54
Меда Сибири "Dry Hibiscus Mead" (Mead) алк. 5% / Гибискус, ж/б 0,45л;32;00-00022010;DRY HIBISCUS MEAD (ж/б 0,45л);Меда Сибири;Товар;;280;4660387591643;кор. 12х0,45л ж/б;365;Dry Hibiscus Mead;Dry Hibiscus Mead;Меда Сибири "Dry Hibiscus Mead" (Mead) алк. 5% / Гибискус, ж/б 0,45л;;Алкогольная продукция>Меда Сибири>Меда Сибири жб>бут;5;;;Mead;6373501;;b928a4d1-2810-11f1-9bbc-000c296fac54
Red Button "Sour Grinder" (Sour IPA), / Саур гриндер алк.5%, ж/б 0.45л;3;00-00022034;SOUR GINDER (жб 0,45л);Red Button;Товар;;322;4670190944611;кор. 20х0,45л ж/б;360;Sour Grinder;Sour Grinder;Red Button "Sour Grinder" (Sour IPA), / Саур гриндер алк.5%, ж/б 0.45л;;Алкогольная продукция>Red Button>Red Button ж>б > стекло;5;5;;Sour IPA;3288283;;c2f927ae-29ac-11f1-9bbc-000c296fac54
Rewort Brewery "Моно: Цитра." (IPA - New England / Hazy) алк. 7,0% / ОХМЕЛЕННОЕ 3 , ж/б 0,45л;98;00-00022079;МОНО:ЦИТРА. (ж/б 0,45л);Rewort;Товар;;296;4630522441669;кор. 12х0,45л ж/б;365;Моно: Цитра;Моно: Цитра;Rewort Brewery "Моно: Цитра." (IPA - New England / Hazy) алк. 7,0% / ОХМЕЛЕННОЕ 3 , ж/б 0,45л;Новинка!;Алкогольная продукция>SVOI (Сергиев Посад)>Rewort ж>б;7;25;17;New England Hazy IPA;6622286;;abf60218-2e92-11f1-9bbc-000c296fac54
Rewort Brewery "Моно: Цитра." (IPA - New England / Hazy) алк. 7,0% / ОХМЕЛЕННОЕ 3 , ж/б 0,45л;98;00-00022079;МОНО:ЦИТРА. (ж/б 0,45л);Rewort;Товар;;296;4670161159808;кор. 12х0,45л ж/б;365;Моно: Цитра;Моно: Цитра;Rewort Brewery "Моно: Цитра." (IPA - New England / Hazy) алк. 7,0% / ОХМЕЛЕННОЕ 3 , ж/б 0,45л;Новинка!;Алкогольная продукция>SVOI (Сергиев Посад)>Rewort ж>б;7;25;17;New England Hazy IPA;6622286;;abf60218-2e92-11f1-9bbc-000c296fac54
Brewlok "Русалка с черной смородиной" (Sour Ale), алк. 5% / Нью 46, ж/б 0,45л.;24;00-00022106;РУСАЛКА С ЧЕРНОЙ СМОРОДИНОЙ (ж/б. 0,45л);Brewlok;Товар;;311;4640437582869;кор. 12х0,45л ж/б;366;Русалка с черной смородиной;Русалка с черной смородиной;Brewlok "Русалка с черной смородиной" (Sour Ale), алк. 5% / Нью 46, ж/б 0,45л.;;Алкогольная продукция>Brewlok (Воронеж)>Brewlok ж>б;5;;;Sour Ale;6639703;;687f85fa-33e0-11f1-9bbc-000c296fac54
Rewort Brewery "John D." (Double IPA) алк. 8,6% / ДЖОННИ Д, пэт кег 20л/шт;19;00-00020402;JOHN D. (пэт кег 20л/шт);Rewort;Товар;;0;4670161158429;пэт кег 20л/шт;365;John D.;John D.;Rewort Brewery "John D." (Double IPA) алк. 8,6% / ДЖОННИ Д, пэт кег 20л/шт;;Алкогольная продукция>SVOI (Сергиев Посад)>Rewort кег пэт;8,60;55;20;Double IPA;5051568;;90663a41-7e91-11f0-9bb0-000c296fac54
Rewort Brewery “Yellow & Green” (New England Double IPA) алк. 8.1% / ЙЕЛЛОУ ЭНД ГРИН, пэт кег 20л/шт;13;00-00020453;YELLOW & GREEN (пэт кег 20л/шт);Rewort;Товар;;0;4670161157637;пэт кег 20л/шт;365;Yellow & Green;Yellow & Green;Rewort Brewery “Yellow & Green” (New England Double IPA) алк. 8.1% / ЙЕЛЛОУ ЭНД ГРИН, пэт кег 20л/шт;;Алкогольная продукция>SVOI (Сергиев Посад)>Rewort кег пэт;8,10;30;19;New England Double IPA;5696383;8;2813f34e-8352-11f0-9bb0-000c296fac54
MeadNight "Chardonnay MEAD" (Mead) алк.6% / МН Медок 1, пэт кег 20л;20;00-00020539;CHARDONNAY MEAD (пэт кег 20л);MeadNight;Товар;;380;4627130346271;пэт кег 20л;360;Chardonnay MEAD;Chardonnay Mead;MeadNight "Chardonnay MEAD" (Mead) алк.6% / МН Медок 1, пэт кег 20л;Новинка!;Алкогольная продукция>MeadNight>MeadNight кег;6;;;Mead;6349938;;23c5d25a-8996-11f0-9bb0-000c296fac54
Chibis "Hell Man: SALSA" (Tomato Gose), алк. 4,4%, / Хелл мэн: Сальса Гозе, ж/б 0,45л;48;00-00020571;HELL MAN: SALSA (ж/б 0,45л);CHIBIS Brewery;Товар;;329;4640233772303;кор. 06х0,45л ж/б;365;Hell Man: SALSA;Hell Man: SALSA;Chibis "Hell Man: SALSA" (Tomato Gose), алк. 4,4%, / Хелл мэн: Сальса Гозе, ж/б 0,45л;;Алкогольная продукция>CHIBIS Brewery>CHIBIS Brewery стекло > жб;4,40;;11;Tomato Gose;3876151;;208c9d3e-8e20-11f0-9bb0-000c296fac54
Chibis "Hell Man: SALSA" (Tomato Gose), алк. 4,4%, / Хелл мэн: Сальса Гозе, ж/б 0,45л;48;00-00020571;HELL MAN: SALSA (ж/б 0,45л);CHIBIS Brewery;Товар;;329;4640233772648;кор. 06х0,45л ж/б;365;Hell Man: SALSA;Hell Man: SALSA;Chibis "Hell Man: SALSA" (Tomato Gose), алк. 4,4%, / Хелл мэн: Сальса Гозе, ж/б 0,45л;;Алкогольная продукция>CHIBIS Brewery>CHIBIS Brewery стекло > жб;4,40;;11;Tomato Gose;3876151;;208c9d3e-8e20-11f0-9bb0-000c296fac54
Ostrovica "Juicy IPA" (New England IPA), алк 6,2%, / Островица джуси ипа, ж/б 0,45л;105;00-00018068;JUICY IPA (ж/б 0,45л);Ostrovica Brewery;Товар;;302;4640205261750;кор. 20х0,45л ж/б;360;Juicy IPA;Juicy IPA;Ostrovica "Juicy IPA" (New England IPA), алк 6,2%, / Островица джуси ипа, ж/б 0,45л;;Алкогольная продукция>Ostrovica (Аша)>Ostrovica ж>б;6,20;;;NE IPA;4837657;;dcaf1bf8-e39a-11ef-8221-000c29bc6f5e
Ostrovica "Juicy IPA" (New England IPA), алк 6,2%, / Островица джуси ипа, ж/б 0,45л;105;00-00018068;JUICY IPA (ж/б 0,45л);Ostrovica Brewery;Товар;;302;4640205264485;кор. 20х0,45л ж/б;360;Juicy IPA;Juicy IPA;Ostrovica "Juicy IPA" (New England IPA), алк 6,2%, / Островица джуси ипа, ж/б 0,45л;;Алкогольная продукция>Ostrovica (Аша)>Ostrovica ж>б;6,20;;;NE IPA;4837657;;dcaf1bf8-e39a-11ef-8221-000c29bc6f5e
Salden's "4C АИПА" (American IРА) алк, 7% / 4C Американ ИПА, жб. 0,45л;65;00-00018163;4C АИПА (жб. 0,45л);Salden's;Товар;IPA на хмелях Citra, Columbus, Chinook и Cascade,;285;4620085786055;кор. 20х0,45л ж/б;180;4C АИПА;4C АИПА;Salden's "4C АИПА" (American IРА) алк, 7% / 4C Американ ИПА, жб. 0,45л;;Алкогольная продукция>Saldens>Salden's ж>б;7;60;16,50;American IРА;1092950;;8453ade6-e950-11ef-8221-000c29bc6f5e
Big Village "OLD SONG" (DDH NEDIPA) алк. 8,5% / Хейзи Дабл Индиа Пейл Эль, ж/б 0,45л;36;00-00018243;OLD SONG (ж/б 0,45л);Big Village;Товар;;353;4620197365896;кор. 12х0,45л ж/б;240;OLD SONG;OLD SONG;Big Village "OLD SONG" (DDH NEDIPA) алк. 8,5% / Хейзи Дабл Индиа Пейл Эль, ж/б 0,45л;Новинка!;Алкогольная продукция>Big Village>Big Village ж>б;8,50;40;;Double New England IPA;6162371;;4907f6ff-f05b-11ef-8221-000c29bc6f5e
Big Village "OLD SONG" (DDH NEDIPA) алк. 8,5% / Хейзи Дабл Индиа Пейл Эль, ж/б 0,45л;36;00-00018243;OLD SONG (ж/б 0,45л);Big Village;Товар;;353;4620197365902;кор. 12х0,45л ж/б;240;OLD SONG;OLD SONG;Big Village "OLD SONG" (DDH NEDIPA) алк. 8,5% / Хейзи Дабл Индиа Пейл Эль, ж/б 0,45л;Новинка!;Алкогольная продукция>Big Village>Big Village ж>б;8,50;40;;Double New England IPA;6162371;;4907f6ff-f05b-11ef-8221-000c29bc6f5e
Stamm Brewing "Nevermont Magic Dust" (New England IPA) алк 7% /Невермонт Мэйджик Даст, ж/б 0,45 л;86;00-00018302;NEVERMONT MAGIC DUST (ж/б 0,45л);Stamm Brewing;Товар;;343;4610297650459;кор. 12х0,45л ж/б;365;Nevermont Magic Dust;Nevermont Magic Dust;Stamm Brewing "Nevermont Magic Dust" (New England IPA) алк 7% /Невермонт Мэйджик Даст, ж/б 0,45 л;;Алкогольная продукция>Stamm Brewing>Stamm Brewing ж>б, бут;7;50;;New England IPA;2345721;;02df0520-f4fa-11ef-8223-000c29bc6f5e
Stamm Brewing "Nevermont Magic Dust" (New England IPA) алк 7% /Невермонт Мэйджик Даст, ж/б 0,45 л;86;00-00018302;NEVERMONT MAGIC DUST (ж/б 0,45л);Stamm Brewing;Товар;;343;4610297651449;кор. 12х0,45л ж/б;365;Nevermont Magic Dust;Nevermont Magic Dust;Stamm Brewing "Nevermont Magic Dust" (New England IPA) алк 7% /Невермонт Мэйджик Даст, ж/б 0,45 л;;Алкогольная продукция>Stamm Brewing>Stamm Brewing ж>б, бут;7;50;;New England IPA;2345721;;02df0520-f4fa-11ef-8223-000c29bc6f5e
Plan B "Robot Unicorn Defense" (New England Hazy IPA) алк. 6,7% / Робот Юникорн, ж/б 0,45л;59;00-00022981;ROBOT UNICORN DEFENSE (ж/б  0,45л);Plan B;Товар;;327;4650139081881;кор. 12х0,45л ж/б;180;Robot Unicorn Defense;Robot Unicorn Defense;Plan B "Robot Unicorn Defense" (New England Hazy IPA) алк. 6,7% / Робот Юникорн, ж/б 0,45л;;Алкогольная продукция>Plan B Brewery>Plan B ж>б;6,70;40;;New England Hazy IPA;6773464;;3e245643-85bc-11f1-9bc3-000c296fac54
Zavod "Cherry Noir" (Non-Alcoholic - Porter) алк. 0.5% / Завод фри Темное 2, ж/б  0,45л;24;00-00022992;CHERRY NOIR (ж/б  0,45л);Zavod Brewery;Товар;;296;4607967292897;кор. 20х0,45л ж/б;360;Cherry Noir;Cherry Noir;Zavod "Cherry Noir" (Non-Alcoholic - Porter) алк. 0.5% / Завод фри Темное 2, ж/б  0,45л;;Алкогольная продукция>Zavod Brewery>Zavod Brewery Б>А;0,50;10;;Non-Alcoholic - Porter;6793421;;f1acf7be-8664-11f1-9bc3-000c296fac54
Red Rocket "ДЕФЕНЕСТРАЦИЯ" (SOUR DIPA) алк. 8% /РЕД РОКЕТ ДЖАНКШН, ж/б 0,45л;39;00-00023005;ДЕФЕНЕСТРАЦИЯ (ж/б 0,45л);Red Rocket;Товар;;351;4640229932667;кор. 20х0,45л ж/б;360;ДЕФЕНЕСТРАЦИЯ;ДЕФЕНЕСТРАЦИЯ;Red Rocket "ДЕФЕНЕСТРАЦИЯ" (SOUR DIPA) алк. 8% /РЕД РОКЕТ ДЖАНКШН, ж/б 0,45л;;Алкогольная продукция>Red Rocket Brewery>Red Rocket ж>б;8;40;;SOUR DIPA;6728069;;c49ffa09-8b3f-11f1-9bc3-000c296fac54
DIETA "Диета В Полночь" (IPA - New England) алк. 7.5% /Диета неипа 2, ж/б 0,45л;114;00-00023014;ДИЕТА В ПОЛНОЧЬ (ж/б 0,45л);DIETA;Товар;;406;4620402497060;кор. 20х0,45л ж/б;360;Диета В Полночь;Диета В Полночь;DIETA "Диета В Полночь" (IPA - New England) алк. 7.5% /Диета неипа 2, ж/б 0,45л;;Алкогольная продукция>DIETA>DIETA  ж>б;7,50;;;New England IPA;6752728;;f3107bbe-8b45-11f1-9bc3-000c296fac54
Plan B "Bathory" (American Amber Red Ale) алк. 5,7% / Батори , пэт кег 20л;60;00-00021147;BATHORY (пэт кег 20л);Plan B;Товар;;419;4650139081416;пэт кег 20л;180;Bathory;Bathory;Plan B "Bathory" (American Amber Red Ale) алк. 5,7% / Батори , пэт кег 20л;;Алкогольная продукция>Plan B Brewery>Plan B Brewery кег;5,70;50;;American Amber Red Ale;1055659;;5063db5a-c44a-11f0-9bb2-000c296fac54
Mister Bee "Plum" (Мистер Бии "Слива") (Mead) алк. 5% / Мистер БИ, бут 0,45л;21;00-00021214;MISTER BEE PLUM (СЛИВА) (бут 0,45л);Cider House;Товар;;0;;кор. 12х0,45л ст бут.;730;Mister Bee Plum;Mister Bee Plum;Mister Bee "Plum" (Мистер Бии "Слива") (Mead) алк. 5% / Мистер БИ, бут 0,45л;;Алкогольная продукция>Cider House>Mister Bee бут;5;;;Mead;6349222;;eba7ee80-c9ce-11f0-9bb2-000c296fac54
Rewort Brewery "Посадская коврижка" (Stout - Imperial) алк. 11% / ОТЛИЧНОЕ ИМПЕРСКОЕ 2, ж/б 0,45л;444;00-00021294;ПОСАДСКАЯ КОВРИЖКА (ж/б 0,45л);Rewort;Товар;;317;4630522440525;кор. 12х0,45л ж/б;365;Посадская коврижка;Посадская коврижка;Rewort Brewery "Посадская коврижка" (Stout - Imperial) алк. 11% / ОТЛИЧНОЕ ИМПЕРСКОЕ 2, ж/б 0,45л;;Алкогольная продукция>SVOI (Сергиев Посад)>Rewort ж>б;11;25;26;Stout - Imperial / Double;6488308;80;b54f87b3-d031-11f0-9bb2-000c296fac54
Rewort Brewery "Посадская коврижка" (Stout - Imperial) алк. 11% / ОТЛИЧНОЕ ИМПЕРСКОЕ 2, ж/б 0,45л;444;00-00021294;ПОСАДСКАЯ КОВРИЖКА (ж/б 0,45л);Rewort;Товар;;317;4670161159372;кор. 12х0,45л ж/б;365;Посадская коврижка;Посадская коврижка;Rewort Brewery "Посадская коврижка" (Stout - Imperial) алк. 11% / ОТЛИЧНОЕ ИМПЕРСКОЕ 2, ж/б 0,45л;;Алкогольная продукция>SVOI (Сергиев Посад)>Rewort ж>б;11;25;26;Stout - Imperial / Double;6488308;80;b54f87b3-d031-11f0-9bb2-000c296fac54
Ортодокс “Портер” (Porter) алк. 4,8% / ПОРТЕР 1, ж/б 0,45л;180;00-00021335;ПОРТЕР (ж/б 0,45л);ОРТОДОКС;Товар;;217;4670161154896;кор. 12х0,45л ж/б;365;Портер;Портер;Ортодокс “Портер” (Porter) алк. 4,8% / ПОРТЕР 1, ж/б 0,45л;;Алкогольная продукция>SVOI (Сергиев Посад)>Ортодокс ж>б;4,80;15;14;Porter;4023223;;bc7ad586-d503-11f0-9bb3-000c296fac54
Ортодокс “Портер” (Porter) алк. 4,8% / ПОРТЕР 1, ж/б 0,45л;180;00-00021335;ПОРТЕР (ж/б 0,45л);ОРТОДОКС;Товар;;217;4670161155756;кор. 12х0,45л ж/б;365;Портер;Портер;Ортодокс “Портер” (Porter) алк. 4,8% / ПОРТЕР 1, ж/б 0,45л;;Алкогольная продукция>SVOI (Сергиев Посад)>Ортодокс ж>б;4,80;15;14;Porter;4023223;;bc7ad586-d503-11f0-9bb3-000c296fac54
4 Brewers "Венское эталон верховного брожения" (Vienna Lager) алк. 4,5% / Лагер 7, ж/б 0,45л;80;00-00018760;ВЕНСКОЕ ЭТАЛОН ВЕРХОВНОГО БРОЖЕНИЯ (ж/б 0,45л);4 Brewers;Товар;;269;4680820154143;кор. 12х0,45л ж/б;365;Венское эталон верховного брожения;Венское эталон верховного брожения;4 Brewers "Венское эталон верховного брожения" (Vienna Lager) алк. 4,5% / Лагер 7, ж/б 0,45л;;Алкогольная продукция>4 Brewers>4 Brewers ж>б;4,50;;;Vienna Lager;6071618;;0c16ffe2-1510-11f0-9ba8-000c296fac54
4 Brewers "Венское эталон верховного брожения" (Vienna Lager) алк. 4,5% / Лагер 7, ж/б 0,45л;80;00-00018760;ВЕНСКОЕ ЭТАЛОН ВЕРХОВНОГО БРОЖЕНИЯ (ж/б 0,45л);4 Brewers;Товар;;269;4680820154181;кор. 12х0,45л ж/б;365;Венское эталон верховного брожения;Венское эталон верховного брожения;4 Brewers "Венское эталон верховного брожения" (Vienna Lager) алк. 4,5% / Лагер 7, ж/б 0,45л;;Алкогольная продукция>4 Brewers>4 Brewers ж>б;4,50;;;Vienna Lager;6071618;;0c16ffe2-1510-11f0-9ba8-000c296fac54
Red Button "Kuts (Sea Salt Batch)" (Sour Gose), алк.5% / Кутс морской, ж/б 0,45л;25;00-00018864;KUTS (SEA SALT BATCH) (ж/б 0,45л);Red Button;Товар;;322;4670190942143;кор. 20х0,45л ж/б;360;Kuts (Sea Salt Batch);Kuts (Sea Salt Batch);Red Button "Kuts (Sea Salt Batch)" (Sour Gose), алк.5% / Кутс морской, ж/б 0,45л;;Алкогольная продукция>Red Button>Red Button ж>б > стекло;5;;;Sour Gose;5495720;;fcbd02d6-1a00-11f0-9ba9-000c296fac54
Stamm Brewing "Red River" (American Pale Ale) алк 5,5% /Ред Ривер , ж/б 0,45л;13;00-00018958;RED RIVER (ж/б 0,45л);Stamm Brewing;Товар;;275;4610297650473;кор. 12х0,45л ж/б;365;Red River;Red River;Stamm Brewing "Red River" (American Pale Ale) алк 5,5% /Ред Ривер , ж/б 0,45л;;Алкогольная продукция>Stamm Brewing>Stamm Brewing ж>б, бут;5,50;60;;American Pale Ale;836931;;deabee7d-2024-11f0-9baa-000c296fac54
Stamm Brewing "Red River" (American Pale Ale) алк 5,5% /Ред Ривер , ж/б 0,45л;13;00-00018958;RED RIVER (ж/б 0,45л);Stamm Brewing;Товар;;275;4610297651500;кор. 12х0,45л ж/б;365;Red River;Red River;Stamm Brewing "Red River" (American Pale Ale) алк 5,5% /Ред Ривер , ж/б 0,45л;;Алкогольная продукция>Stamm Brewing>Stamm Brewing ж>б, бут;5,50;60;;American Pale Ale;836931;;deabee7d-2024-11f0-9baa-000c296fac54
Ортодокс “Жигулёвское” (Lager) алк. 3,8% / ЖИГУЛЁВСКОЕ , ж/б 0,45л;376;00-00019129;ЖИГУЛЁВСКОЕ (ж/б 0,45л);ОРТОДОКС;Товар;;206;4670161154155;кор. 12х0,45л ж/б;365;Жигулёвское;Жигулёвское;Ортодокс “Жигулёвское” (Lager) алк. 3,8% / ЖИГУЛЁВСКОЕ , ж/б 0,45л;;Алкогольная продукция>SVOI (Сергиев Посад)>Ортодокс ж>б;3,80;25;11;Lager;4292360;;35d5e514-2f13-11f0-9bac-000c296fac54
Ортодокс “Жигулёвское” (Lager) алк. 3,8% / ЖИГУЛЁВСКОЕ , ж/б 0,45л;376;00-00019129;ЖИГУЛЁВСКОЕ (ж/б 0,45л);ОРТОДОКС;Товар;;206;4670161155572;кор. 12х0,45л ж/б;365;Жигулёвское;Жигулёвское;Ортодокс “Жигулёвское” (Lager) алк. 3,8% / ЖИГУЛЁВСКОЕ , ж/б 0,45л;;Алкогольная продукция>SVOI (Сергиев Посад)>Ортодокс ж>б;3,80;25;11;Lager;4292360;;35d5e514-2f13-11f0-9bac-000c296fac54
Brewmen "Харизма Black Currant" (Berliner) алк. 4,5% / Харизма черная смородина, ж/б 0,45л;5;00-00020673;ХАРИЗМА BLACK CURRAN (ж/б 0,45л);Brewmen;Товар;;315;4620402491099;кор. 20х0,45л ж/б;366;Харизма Black Currant;Харизма Black Currant;Brewmen "Харизма Black Currant" (Berliner) алк. 4,5% / Харизма черная смородина, ж/б 0,45л;;Алкогольная продукция>Brewmen>Brewmen ж>б, бут;4,50;5;;Fruited Berliner Weisse;4225742;;91c731bc-9935-11f0-9bb0-000c296fac54
Chibis "Вишня под кокосом" (Smoothie), алк. 6,5% / Вишня под кокосом, ж/б 0,45л;48;00-00020730;ВИШНЯ ПОД КОКОСОМ (ж/б 0,45л);CHIBIS Brewery;Товар;;356;4640233772877;кор. 06х0,45л ж/б;365;Вишня под кокосом;Вишня под кокосом;Chibis "Вишня под кокосом" (Smoothie), алк. 6,5% / Вишня под кокосом, ж/б 0,45л;;Алкогольная продукция>CHIBIS Brewery>CHIBIS Brewery стекло > жб;6,50;;;Smoothie;6401236;;b1e8d32f-9dd4-11f0-9bb0-000c296fac54
Chibis "Вишня под кокосом" (Smoothie), алк. 6,5% / Вишня под кокосом, ж/б 0,45л;48;00-00020730;ВИШНЯ ПОД КОКОСОМ (ж/б 0,45л);CHIBIS Brewery;Товар;;356;4640233772990;кор. 06х0,45л ж/б;365;Вишня под кокосом;Вишня под кокосом;Chibis "Вишня под кокосом" (Smoothie), алк. 6,5% / Вишня под кокосом, ж/б 0,45л;;Алкогольная продукция>CHIBIS Brewery>CHIBIS Brewery стекло > жб;6,50;;;Smoothie;6401236;;b1e8d32f-9dd4-11f0-9bb0-000c296fac54
Rewort Brewery "Grape Babe" (NE DIPA) алк. 6,9% / ГРЕЙП БЕЙБ, ж/б 0,45л;4;00-00020834;GRAPE BABE (ж/б 0,45л);Rewort;Товар;Сочный, мутный и плотный NE DIPA с добавлением сока винограда;285;4670161154254;кор. 12х0,45л ж/б;365;Grape Babe;Grape Babe;Rewort Brewery "Grape Babe" (NE DIPA) алк. 6,9% / ГРЕЙП БЕЙБ, ж/б 0,45л;;Алкогольная продукция>SVOI (Сергиев Посад)>Rewort ж>б;6,90;34;19;NEDIPA;3562945;10;0dd66b3c-a99b-11f0-9bb1-000c296fac54
Rewort Brewery "Grape Babe" (NE DIPA) алк. 6,9% / ГРЕЙП БЕЙБ, ж/б 0,45л;4;00-00020834;GRAPE BABE (ж/б 0,45л);Rewort;Товар;Сочный, мутный и плотный NE DIPA с добавлением сока винограда;285;4670161155138;кор. 12х0,45л ж/б;365;Grape Babe;Grape Babe;Rewort Brewery "Grape Babe" (NE DIPA) алк. 6,9% / ГРЕЙП БЕЙБ, ж/б 0,45л;;Алкогольная продукция>SVOI (Сергиев Посад)>Rewort ж>б;6,90;34;19;NEDIPA;3562945;10;0dd66b3c-a99b-11f0-9bb1-000c296fac54
Plan B "Отличный План" (American IPA) алк. 7,3% / Отличный План,  ж/б 0,45л;77;00-00018373;ОТЛИЧНЫЙ ПЛАН (ж/б  0,45л);Plan B;Товар;Впервые сварено специально к фестивалю BIG CRAFT DAY 2015.;306;4650139080969;кор. 12х0,45л ж/б;180;Отличный План;Отличный План;Plan B "Отличный План" (American IPA) алк. 7,3% / Отличный План,  ж/б 0,45л;;Алкогольная продукция>Plan B Brewery>Plan B ж>б;7,30;70;17;American IРА;1101931;;6b1278bf-fa64-11ef-8224-000c29bc6f5e
4 Brewers "Острая зависимость" (Gose) алк. 6,9% / Острая зависимость, ж/б 0,45л;49;00-00018392;ОСТРАЯ ЗАВИСИМОСТЬ (ж/б 0,45л);4 Brewers;Товар;;317;4680583606729;кор. 12х0,45л ж/б;365;Острая зависимость;Острая зависимость;4 Brewers "Острая зависимость" (Gose) алк. 6,9% / Острая зависимость, ж/б 0,45л;;Алкогольная продукция>4 Brewers>4 Brewers ж>б;6,90;;;Gose;3009896;;d6d9805f-fb1c-11ef-8224-000c29bc6f5e
4 Brewers "Острая зависимость" (Gose) алк. 6,9% / Острая зависимость, ж/б 0,45л;49;00-00018392;ОСТРАЯ ЗАВИСИМОСТЬ (ж/б 0,45л);4 Brewers;Товар;;317;4680583608389;кор. 12х0,45л ж/б;365;Острая зависимость;Острая зависимость;4 Brewers "Острая зависимость" (Gose) алк. 6,9% / Острая зависимость, ж/б 0,45л;;Алкогольная продукция>4 Brewers>4 Brewers ж>б;6,90;;;Gose;3009896;;d6d9805f-fb1c-11ef-8224-000c29bc6f5e
4 Brewers "Острая зависимость" (Gose) алк. 6,9% / Острая зависимость, ж/б 0,45л;49;00-00018392;ОСТРАЯ ЗАВИСИМОСТЬ (ж/б 0,45л);4 Brewers;Товар;;317;4680820153559;кор. 12х0,45л ж/б;365;Острая зависимость;Острая зависимость;4 Brewers "Острая зависимость" (Gose) алк. 6,9% / Острая зависимость, ж/б 0,45л;;Алкогольная продукция>4 Brewers>4 Brewers ж>б;6,90;;;Gose;3009896;;d6d9805f-fb1c-11ef-8224-000c29bc6f5e
4 Brewers "Острая зависимость" (Gose) алк. 6,9% / Острая зависимость, ж/б 0,45л;49;00-00018392;ОСТРАЯ ЗАВИСИМОСТЬ (ж/б 0,45л);4 Brewers;Товар;;317;4680820153603;кор. 12х0,45л ж/б;365;Острая зависимость;Острая зависимость;4 Brewers "Острая зависимость" (Gose) алк. 6,9% / Острая зависимость, ж/б 0,45л;;Алкогольная продукция>4 Brewers>4 Brewers ж>б;6,90;;;Gose;3009896;;d6d9805f-fb1c-11ef-8224-000c29bc6f5e
Ostrovica "B-Day Lager" (Lager), алк. 4,9% / Островица Лагер, ж/б 0,45л;58;00-00018435;B-DAY LAGER (ж/б 0,45л);Ostrovica Brewery;Товар;;267;4640205261835;кор. 20х0,45л ж/б;360;B-Day Lager;B-Day Lager;Ostrovica "B-Day Lager" (Lager), алк. 4,9% / Островица Лагер, ж/б 0,45л;;Алкогольная продукция>Ostrovica (Аша)>Ostrovica ж>б;4,90;25;12,50;Lager;1591905;;54fcfac9-fb59-11ef-8224-000c29bc6f5e
Ostrovica "B-Day Lager" (Lager), алк. 4,9% / Островица Лагер, ж/б 0,45л;58;00-00018435;B-DAY LAGER (ж/б 0,45л);Ostrovica Brewery;Товар;;267;4640205264492;кор. 20х0,45л ж/б;360;B-Day Lager;B-Day Lager;Ostrovica "B-Day Lager" (Lager), алк. 4,9% / Островица Лагер, ж/б 0,45л;;Алкогольная продукция>Ostrovica (Аша)>Ostrovica ж>б;4,90;25;12,50;Lager;1591905;;54fcfac9-fb59-11ef-8224-000c29bc6f5e
Rewort Brewery “Fasten Seat Belt” (Quadro IPA) алк. 14% / ФАСТЕН СИТ БЕЛТ, пэт кег 20л/шт;6;00-00018495;FASTEN SEAT BELT (пэт кег 20л/шт);Rewort;Товар;;0;4670161157453;пэт кег 20л/шт;365;Fasten Seat Belt;Fasten Seat Belt;Rewort Brewery “Fasten Seat Belt” (Quadro IPA) алк. 14% / ФАСТЕН СИТ БЕЛТ, пэт кег 20л/шт;;Алкогольная продукция>SVOI (Сергиев Посад)>Rewort кег пэт;14;100;25;Quadro IPA;5789767;15;c6002491-032f-11f0-8227-000c29bc6f5e
Magic Mess "ШОП" (American IPA) алк.6.5% /Мэджик Месс Вэст Кост ИПА 12, ж/б 0,45л.;49;00-00022248;ШОП (ж/б 0,45л);Magic Mess;Товар;;327;4660508892376;кор. 12х0,45л ж/б;365;ШОП;ШОП;Magic Mess "ШОП" (American IPA) алк.6.5% /Мэджик Месс Вэст Кост ИПА 12, ж/б 0,45л.;;Алкогольная продукция>Magic Mess>Magic Mess ж>б;6,50;55;;American IPA;6568845;;716c73cd-487a-11f1-9bbc-000c296fac54
HopHead "Арахнофобия" (NE DIPA) алк. 8,0% / Хопхэд дабл неипа 2, ж/б 0,45л;34;00-00022279;АРАХНОФОБИЯ (ж/б 0,45л);HopHead;Товар;Мягкий и расслабляющий NE dipa.  Hops:Citra, El dorado, idaho.;382;4620402495516;кор. 20х0,45л ж/б;360;Арахнофобия;Арахнофобия;HopHead "Арахнофобия" (NE DIPA) алк. 8,0% / Хопхэд дабл неипа 2, ж/б 0,45л;;Алкогольная продукция>HopHead>HopHead ж>б;8;25;;New England IPA;3680052;;f3c332fd-4dfb-11f1-9bbe-000c296fac54
Леонид Леврана "Make Cider Great Again"(Cider)алк.5,5%/МЕЙК САЙДЕР ГРЕЙТ ЭГЕЙН биттерсвит,бут. 0,5л;18;00-00022314;MAKE CIDER GREAT AGAIN BITTERSWEET (бут. 0,5л);Сидродельня Леонида Леврана;Товар;;401;4603728537603;кор. 12х0,5л ст. бут.;720;Make Cider Great Again Bittersweet;Make Cider Great Again Bittersweet;Леонид Леврана "Make Cider Great Again"(Cider)алк.5,5%/МЕЙК САЙДЕР ГРЕЙТ ЭГЕЙН биттерсвит,бут. 0,5л;;Алкогольная продукция>Сидродельня Леонида Леврана>Леврана бут;5,50;;;Cider;6663505;;2b29d35a-4f6a-11f1-9bbe-000c296fac54
Stamm Brewing "Turbid Flow" (New England Hazy IPA) алк 7% / НЕИПА 3 / NEIPA 3, ж/б 0,45л;35;00-00022479;TURBID FLOW (ж/б 0,45л);Stamm Brewing;Товар;;359;4610297651616;кор. 12х0,45л ж/б;365;Turbid Flow;Turbid Flow;Stamm Brewing "Turbid Flow" (New England Hazy IPA) алк 7% / НЕИПА 3 / NEIPA 3, ж/б 0,45л;;Алкогольная продукция>Stamm Brewing>Stamm Brewing ж>б, бут;7;;;New England Hazy IPA;6720379;;09a5e469-5f38-11f1-9bbe-000c296fac54
Stamm Brewing "Turbid Flow" (New England Hazy IPA) алк 7% / НЕИПА 3 / NEIPA 3, ж/б 0,45л;35;00-00022479;TURBID FLOW (ж/б 0,45л);Stamm Brewing;Товар;;359;4610297653412;кор. 12х0,45л ж/б;365;Turbid Flow;Turbid Flow;Stamm Brewing "Turbid Flow" (New England Hazy IPA) алк 7% / НЕИПА 3 / NEIPA 3, ж/б 0,45л;;Алкогольная продукция>Stamm Brewing>Stamm Brewing ж>б, бут;7;;;New England Hazy IPA;6720379;;09a5e469-5f38-11f1-9bbe-000c296fac54
White Stone "В собственном соку (Осветлённое)" (Gose) алк. 6% / ВС Томатный Гозе 13, ж/б 0,45л;78;00-00022492;В СОБСТВЕННОМ СОКУ (ОСВЕТЛЁННОЕ) (ж/б 0,45л);White Stone;Товар;;322;4640229751459;кор. 12х0,45л ж/б;365;В собственном соку (Осветлённое);В собственном соку (Осветлённое);White Stone "В собственном соку (Осветлённое)" (Gose) алк. 6% / ВС Томатный Гозе 13, ж/б 0,45л;;Алкогольная продукция>White Stonе>White Stonе ж>б;6;7;;Gose;6186953;;55041f7f-60b8-11f1-9bbe-000c296fac54
White Stone "В собственном соку (Осветлённое)" (Gose) алк. 6% / ВС Томатный Гозе 13, ж/б 0,45л;78;00-00022492;В СОБСТВЕННОМ СОКУ (ОСВЕТЛЁННОЕ) (ж/б 0,45л);White Stone;Товар;;322;4640229753163;кор. 12х0,45л ж/б;365;В собственном соку (Осветлённое);В собственном соку (Осветлённое);White Stone "В собственном соку (Осветлённое)" (Gose) алк. 6% / ВС Томатный Гозе 13, ж/б 0,45л;;Алкогольная продукция>White Stonе>White Stonе ж>б;6;7;;Gose;6186953;;55041f7f-60b8-11f1-9bbe-000c296fac54
Red Button "NO SORREL, NO FUN" (Gose) алк. 5% /Соррель, ж/б 0,45л;45;00-00022529;NO SORREL, NO FUN (жб 0,45л);Red Button;Товар;;322;4670190945021;кор. 20х0,45л ж/б;360;NO SORREL, NO FUN;NO SORREL, NO FUN;Red Button "NO SORREL, NO FUN" (Gose) алк. 5% /Соррель, ж/б 0,45л;;Алкогольная продукция>Red Button>Red Button ж>б > стекло;5;;;Gose;;;86c30f1b-63d6-11f1-9bbe-000c296fac54
Rewort Brewery "Навстречу ветру" (Session IPA) алк. 3.5% / НАВСТРЕЧУ ВЕТРУ, пэт кег 20л/шт;4;00-00022554;НАВСТРЕЧУ ВЕТРУ (пэт кег 20л/шт);Rewort;Товар;;0;4630522442529;пэт кег 20л/шт;365;Навстречу ветру;Навстречу ветру;Rewort Brewery "Навстречу ветру" (Session IPA) алк. 3.5% / НАВСТРЕЧУ ВЕТРУ, пэт кег 20л/шт;Новинка!;Алкогольная продукция>SVOI (Сергиев Посад)>Rewort кег пэт;3,50;8,70;40;Session IPA;6727425;17;5c81331e-6410-11f1-9bbe-000c296fac54
Rewort Brewery "The Monster Mash" (Tomato Gose) алк. 5,5% / ТОМАТНОЕ 4, пэт кег 20л/шт;31;00-00020897;THE MONSTER MASH (пэт кег 20л/шт);Rewort;Товар;;0;4670161159884;пэт кег 20л/шт;365;The Monster Mash;The Monster Mash;Rewort Brewery "The Monster Mash" (Tomato Gose) алк. 5,5% / ТОМАТНОЕ 4, пэт кег 20л/шт;;Алкогольная продукция>SVOI (Сергиев Посад)>Rewort кег пэт;5,50;35;21,50;Tomato Gose;6421672;50;01ef1d42-af55-11f0-9bb1-000c296fac54
Magic Mess "Понедельник Riwaka" (Lager) алк.5% / Мэджик Месс Лагер 3, ж/б 0,45л;21;00-00020986;ПОНЕДЕЛЬНИК RIWAKA (ж/б 0,45л);Magic Mess;Товар;;301;4660508891560;кор. 12х0,45л ж/б;365;Понедельник Riwaka;Понедельник Riwaka;Magic Mess "Понедельник Riwaka" (Lager) алк.5% / Мэджик Месс Лагер 3, ж/б 0,45л;;Алкогольная продукция>Magic Mess>Magic Mess ж>б;5;;;Lager;6397661;;2f5e2487-b4ca-11f0-9bb2-000c296fac54
Ability “Whispering Wings” (New England Single Hop DDH DIPA) алк. 8,6% / Абилити 20, пэт кег 20л/шт;6;00-00021060;WHISPERING WINGS (пэт кег 20л/шт);Ability;Товар;;0;4630522440488;пэт кег 20л/шт;365;Whispering Wings;Whispering Wings;Ability “Whispering Wings” (New England Single Hop DDH DIPA) алк. 8,6% / Абилити 20, пэт кег 20л/шт;;Алкогольная продукция>SVOI (Сергиев Посад)>Ability кег;8,60;;;New England Single Hop DDH DIPA;6496153;;1bfbd89a-bba7-11f0-9bb2-000c296fac54
Заповедник "БарКас" (Hopped Semi Dry Cider) алк. 5,7% / ДРУЖБИСТ 13, пэт кег 30л;30;00-00021116;БАРКАС (пэт кег 30л);Заповедник;Товар;;490;4603759677934;пэт кег 30л;730;БарКас;БарКас;Заповедник "БарКас" (Hopped Semi Dry Cider) алк. 5,7% / ДРУЖБИСТ 13, пэт кег 30л;;Алкогольная продукция>Заповедник>Заповедник кег;5,70;;;Hopped Semi Dry Cider;6315841;;854a9ef5-c09b-11f0-9bb2-000c296fac54
Леонид Леврана "862" (Sweet Cider) алк. 5,5% / 862. ЛЕОНИД ЛЕВРАНА, бут. 0,33л;48;00-00021510;862 (бут. 0,33л);Сидродельня Леонида Леврана;Товар;;285;4603728537238;кор. 12х0,33л ст. бут.;720;862;862;Леонид Леврана "862" (Sweet Cider) алк. 5,5% / 862. ЛЕОНИД ЛЕВРАНА, бут. 0,33л;;Алкогольная продукция>Сидродельня Леонида Леврана>Леврана бут;5,50;;;Sweet Cider;6070777;;2992c1c7-e185-11f0-9bb5-000c296fac54
Salden's "Sultana IPA" (American IPA) алк. 7% / Салденс Хэйзи ИПА, жб, 0,45л;20;00-00021529;SULTANA IPA (жб. 0,45л);Salden's;Товар;;285;4620085786871;кор. 20х0,45л ж/б;180;Sultana IPA;Sultana IPA;Salden's "Sultana IPA" (American IPA) алк. 7% / Салденс Хэйзи ИПА, жб, 0,45л;;Алкогольная продукция>Saldens>Salden's ж>б;7;60;;American IPA;5922356;;96408fe3-f068-11f0-9bb6-000c296fac54
Mitra Brewing Co. "Unity Lager" (Lager) алк 4,2% / Митра Парка, ж/б 0,45л;55;00-00021629;UNITY LAGER (ж/б 0,45л);Mitra Brewing Co.;Товар;;338;4610259471320;кор. 12х0,45л ж/б;365;Unity Lager;Unity Lager;Mitra Brewing Co. "Unity Lager" (Lager) алк 4,2% / Митра Парка, ж/б 0,45л;;Алкогольная продукция>Mitra Brewing Co.>Mitra Brewing Co. ж>б;4,20;11;;Lager;6535475;;f8419394-f847-11f0-9bb7-000c296fac54
Magic Mess "Вишневая пятница" (Fruited Sour Ale) алк.5,5% / Мэджик Месс Вишневая пятница, ж/б 0,45л;43;00-00019431;ВИШНЕВАЯ ПЯТНИЦА (ж/б 0,45л);Magic Mess;Товар;;327;4660508890648;кор. 12х0,45л ж/б;365;Вишневая пятница;Вишневая пятница;Magic Mess "Вишневая пятница" (Fruited Sour Ale) алк.5,5% / Мэджик Месс Вишневая пятница, ж/б 0,45л;;Алкогольная продукция>Magic Mess>Magic Mess ж>б;5,50;;;Fruited Sour Ale;6239174;;ea183306-406b-11f0-9bac-000c296fac54
Заповедник "Top Hat" (Hopped Cider) алк. 5,5% / Топ Хэт, бут. 0,33л;65;00-00019494;TOP HAT (бут. 0,33л);Заповедник;Товар;;296;4603759677576;кор. 20х0,33л ст. бут.;730;Top Hat;Top Hat;Заповедник "Top Hat" (Hopped Cider) алк. 5,5% / Топ Хэт, бут. 0,33л;;Алкогольная продукция>Заповедник>Заповедник бут;5,50;;;Hopped Cider;4605815;;d58accd8-45dd-11f0-9bac-000c296fac54
Andreev Ciderworks "Sweet Endeavour" (Sweet Cider) алк.5% / Свит Эндевор, бут. 0,75л;6;00-00019528;SWEET ENDEAVOUR (бут. 0,75л);Andreev Ciderworks;Товар;;1012;4627108127086;кор. 06х0,75л ст. бут.;999;Sweet Endeavour;Sweet Endeavour;Andreev Ciderworks "Sweet Endeavour" (Sweet Cider) алк.5% / Свит Эндевор, бут. 0,75л;;Алкогольная продукция>Andreev Ciderworks>Andreev Ciderworks бут;5;;;Sweet Cider;4349334;;3b682030-4a80-11f0-9bac-000c296fac54
Plague Brew "Apple Tunes: Calamansi" (Mead) алк. 10% / Напиток Специальный 3,  бут. 0,25 л;12;00-00019628;APPLE TUNES: CALAMANSI (бут. 0,25л);Plague Brew;Товар;;773;;кор. 20х0,25л ст. бут.;1825;Apple Tunes: Calamansi;Apple Tunes: Calamansi;Plague Brew "Apple Tunes: Calamansi" (Mead) алк. 10% / Напиток Специальный 3,  бут. 0,25 л;;Алкогольная продукция>Plague Brew>Plague Brew ж>б бут;10;;;Mead;6228551;;39dc734f-4d02-11f0-9bac-000c296fac54
White Phoenix "White Phoenix Гранат-Малина" (Mead), алк. 5,6%/ Белый Феникс"Гранат-малина",бут 0,45л;120;00-00009422;WHITE PHOENIX ГРАНАТ-МАЛИНА (бут 0,45л);White Phoenix;Товар;;180;4630178430185;кор. 12х0,45л ст бут.;730;White Phoenix Гранат-Малина;White Phoenix Гранат-Малина;White Phoenix "White Phoenix Гранат-Малина" (Mead), алк. 5,6%/ Белый Феникс"Гранат-малина",бут 0,45л;;Алкогольная продукция>Cider House>White Phoenix>White Phoenix ж\б бут;5,60;;;Mead;4447118;;7e01676d-00ff-11ed-80e3-000c29d24b62
White Phoenix "White Phoenix Гранат-Малина" (Mead), алк. 5,6%/ Белый Феникс"Гранат-малина",бут 0,45л;120;00-00009422;WHITE PHOENIX ГРАНАТ-МАЛИНА (бут 0,45л);White Phoenix;Товар;;180;4630178431267;кор. 12х0,45л ст бут.;730;White Phoenix Гранат-Малина;White Phoenix Гранат-Малина;White Phoenix "White Phoenix Гранат-Малина" (Mead), алк. 5,6%/ Белый Феникс"Гранат-малина",бут 0,45л;;Алкогольная продукция>Cider House>White Phoenix>White Phoenix ж\б бут;5,60;;;Mead;4447118;;7e01676d-00ff-11ed-80e3-000c29d24b62
Black Cat "70" (American IPA), алк. 5,8% / 70 ИПА, ж/б 0,45л;78;00-00009665;70 (ж/б 0,45л);Black Cat;Товар;;301;4603726880725;кор. 12х0,45л ж/б;360;70;70;Black Cat "70" (American IPA), алк. 5,8% / 70 ИПА, ж/б 0,45л;;Алкогольная продукция>Black Cat Brewery>Black Cat Brewery стекло > жб;6,60;70;;American IPA;1070427;;5907d6b2-1496-11ed-80e6-000c29d24b62
Plan B "Отличный План" (American IPA) алк. 7,3% / Отличный План,  пэт кег 20л;180;00-00003713;ОТЛИЧНЫЙ ПЛАН (пэт кег 20л);Plan B;Товар;;443;4650139080440;пэт кег 20л;180;Отличный План;Отличный План;Plan B "Отличный План" (American IPA) алк. 7,3% / Отличный План,  пэт кег 20л;;Алкогольная продукция>Plan B Brewery>Plan B Brewery кег;7,30;70;17;American IРА;1101931;;655ff804-ec59-11ea-80ef-000c29e252b5
Маска;161;00-00004402;МАСКА;Rewort;Товар;Маска Rewort;0;;штучный товар;0;Маска;Маска;Маска;Новинка!;Сопутствующие товары>СВОИ>Атрибутика;;;;;;;d9e1d4fa-435a-11eb-80f9-000c29e252b5
Zavod "Sea view" (Non-alco gose) / Завод фри си вью, ж/б 0,45л;20;00-00018539;SEA VIEW (ж/б  0,45л);Zavod Brewery;Товар;;285;4607967292682;кор. 20х0,45л ж/б;360;Sea view;Sea view;Zavod "Sea view" (Non-alco gose) / Завод фри си вью, ж/б 0,45л;;Алкогольная продукция>Zavod Brewery>Zavod Brewery Б>А;;;;Non-alco gose;;;0dd1906b-0490-11f0-8227-000c29bc6f5e
Plague Brew "Saltlake" (Traditional Gose), алк. 4,5% / Гозе, ж/б 0,45л;48;00-00018598;SALTLAKE (ж/б 0,45л);Plague Brew;Товар;;298;4640236238578;кор. 06х0,45л ж/б;730;Saltlake;Saltlake;Plague Brew "Saltlake" (Traditional Gose), алк. 4,5% / Гозе, ж/б 0,45л;;Алкогольная продукция>Plague Brew>Plague Brew ж>б бут;4,50;7;;Traditional Gose;4719217;;ad4c48d2-0624-11f0-8228-000c29bc6f5e
Rewort Brewery "Turbulence" (DIPA) алк. 8.5% / ТУРБУЛЕНЦИЯ, пэт кег 20л/шт;30;00-00018657;TURBULENCE (пэт кег 20л/шт);Rewort;Товар;;0;4670161157385;пэт кег 20л/шт;365;Turbulence;Turbulence;Rewort Brewery "Turbulence" (DIPA) алк. 8.5% / ТУРБУЛЕНЦИЯ, пэт кег 20л/шт;Новинка!;Алкогольная продукция>SVOI (Сергиев Посад)>Rewort кег пэт;8,50;80;19;DIPA;6165990;9;2fc231d9-0b12-11f0-822d-000c29bc6f5e
Rewort Brewery "Angela D" (АРА) алк. 5,5% / Ангела Д.,, ж/б 0,45л;44;00-00018720;ANGELA D (ж/б 0,45л);Rewort;Товар;;248;4670161154537;кор. 12х0,45л ж/б;365;Angela D;Angela D;Rewort Brewery "Angela D" (АРА) алк. 5,5% / Ангела Д.,, ж/б 0,45л;;Алкогольная продукция>SVOI (Сергиев Посад)>Rewort ж>б;5,50;40;13;American Pale Ale;2367263;8;b23e2666-1096-11f0-822d-000c29bc6f5e
Rewort Brewery "Angela D" (АРА) алк. 5,5% / Ангела Д.,, ж/б 0,45л;44;00-00018720;ANGELA D (ж/б 0,45л);Rewort;Товар;;248;4670161154940;кор. 12х0,45л ж/б;365;Angela D;Angela D;Rewort Brewery "Angela D" (АРА) алк. 5,5% / Ангела Д.,, ж/б 0,45л;;Алкогольная продукция>SVOI (Сергиев Посад)>Rewort ж>б;5,50;40;13;American Pale Ale;2367263;8;b23e2666-1096-11f0-822d-000c29bc6f5e
Red Button "Varietal Frozen Sour Kitchen" (Freeze), алк. 18%, /Весений фрозен саур китчен, ж/б 0,45л;9;00-00022147;VARIETAL FROZEN SOUR KITCHEN (жб 0,45л);Red Button;Товар;;590;4670190944703;кор. 20х0,45л ж/б;360;Varietal Frozen Sour Kitchen;Varietal Frozen Sour Kitchen;Red Button "Varietal Frozen Sour Kitchen" (Freeze), алк. 18%, /Весений фрозен саур китчен, ж/б 0,45л;;Алкогольная продукция>Red Button>Red Button ж>б > стекло;18;;;Freeze-Distilled Beer;6672675;;f060a9cc-3978-11f1-9bbc-000c296fac54
Zagovor Brewery "Cherby" (Fruited Sour Ale) алк. 6% / Черби, ж/б  0,45л;36;00-00022171;CHERBY (ж/б 0,45л);Zagovor Brewery;Товар;;396;4670223014380;кор. 20х0,45л ж/б;365;Cherby;Cherby;Zagovor Brewery "Cherby" (Fruited Sour Ale) алк. 6% / Черби, ж/б  0,45л;;Алкогольная продукция>Zagovor Brewery>Zagovor Brewery ж>б;6;;;Fruited Sour Ale;5497774;;f7cbed81-3d74-11f1-9bbc-000c296fac54
Plan B "Delta Seeker" (American IPA) алк. 7,5% / План Б светлое-8, пэт кег 20л;20;00-00022187;DELTA SEEKER (пэт кег 20л);Plan B;Товар;;462;4650139080679;пэт кег 20л;180;Delta Seeker;Delta Seeker;Plan B "Delta Seeker" (American IPA) алк. 7,5% / План Б светлое-8, пэт кег 20л;;Алкогольная продукция>Plan B Brewery>Plan B Brewery кег;7,50;90;;American IPA;6680773;;b965879c-3fa5-11f1-9bbc-000c296fac54
Заповедник "Со страхом и любовью" (Cider) алк. 5.5% /Со страхом и любовью, пэт кег 30л;30;00-00022222;СО СТРАХОМ И ЛЮБОВЬЮ (пэт кег 30л);Заповедник;Товар;;490;4603759677583;пэт кег 30л;730;Со страхом и любовью;Со страхом и любовью;Заповедник "Со страхом и любовью" (Cider) алк. 5.5% /Со страхом и любовью, пэт кег 30л;;Алкогольная продукция>Заповедник>Заповедник кег;5,50;;;Cider;6039092;;e5d0d362-43bc-11f1-9bbc-000c296fac54
Black Cat "Головы Кошек. Черная" (Wheat Beer), алк. 7% / Фруктовый Пивной 4, пэт кег 20л/шт;1;00-00022343;ГОЛОВЫ КОШЕК. ЧЕРНАЯ (пэт кег 20л/шт);Black Cat;Товар;;8370;4620478130304;пэт кег 20л/шт;365;Головы Кошек. Черная;Головы Кошек. Черная;Black Cat "Головы Кошек. Черная" (Wheat Beer), алк. 7% / Фруктовый Пивной 4, пэт кег 20л/шт;;Алкогольная продукция>Black Cat Brewery>Black Cat Brewery кег;7;9;;Wheat Beer;6677758;;4d9beafc-5414-11f1-9bbe-000c296fac54
GANZA Brewery "Gambit" (Double New England IPA) алк.8% / Ганза неипа 30, ж/б 0,45 л;20;00-00022362;GAMBIT (ж/б 0,45);GANZA Brewery;Товар;;381;4670163075809;кор. 12х0,45л ж/б;360;Gambit;Gambit;GANZA Brewery "Gambit" (Double New England IPA) алк.8% / Ганза неипа 30, ж/б 0,45 л;;Алкогольная продукция>GANZA Brewery>GANZA Brewery ж>б;8;30;;Double New England IPA;6696695;;94c9b934-54f8-11f1-9bbe-000c296fac54
Stamm Brewing "Desert Glitch" (New England Pale Ale) алк 5,5% / НЕАПА 2 / NEAPA 2, ж/б 0,45л;17;00-00022377;DESERT GLITCH (ж/б 0,45л);Stamm Brewing;Товар;;359;4610297652163;кор. 12х0,45л ж/б;365;Desert Glitch;Desert Glitch;Stamm Brewing "Desert Glitch" (New England Pale Ale) алк 5,5% / НЕАПА 2 / NEAPA 2, ж/б 0,45л;;Алкогольная продукция>Stamm Brewing>Stamm Brewing ж>б, бут;5,50;;;New England Pale Ale;6711274;;8214595d-5517-11f1-9bbe-000c296fac54
Stamm Brewing "Desert Glitch" (New England Pale Ale) алк 5,5% / НЕАПА 2 / NEAPA 2, ж/б 0,45л;17;00-00022377;DESERT GLITCH (ж/б 0,45л);Stamm Brewing;Товар;;359;4610297652170;кор. 12х0,45л ж/б;365;Desert Glitch;Desert Glitch;Stamm Brewing "Desert Glitch" (New England Pale Ale) алк 5,5% / НЕАПА 2 / NEAPA 2, ж/б 0,45л;;Алкогольная продукция>Stamm Brewing>Stamm Brewing ж>б, бут;5,50;;;New England Pale Ale;6711274;;8214595d-5517-11f1-9bbe-000c296fac54
Zavod "Образец Мутный ХЗ-1" (IPA) алк. 6.1% /ХЕЙЗИ 7, ж/б  0,45л;27;00-00022402;ОБРАЗЕЦ МУТНЫЙ ХЗ-1 (ж/б  0,45л);Zavod Brewery;Товар;;359;4630250302102;кор. 20х0,45л ж/б;360;Образец Мутный ХЗ-1;Образец Мутный ХЗ-1;Zavod "Образец Мутный ХЗ-1" (IPA) алк. 6.1% /ХЕЙЗИ 7, ж/б  0,45л;;Алкогольная продукция>Zavod Brewery>Zavod Brewery ж>б;6,10;50;;IPA;6698917;;b4f4c07f-58d0-11f1-9bbe-000c296fac54
Zavod "Образец Мутный ХЗ-1" (IPA) алк. 6.1% /ХЕЙЗИ 7, ж/б  0,45л;27;00-00022402;ОБРАЗЕЦ МУТНЫЙ ХЗ-1 (ж/б  0,45л);Zavod Brewery;Товар;;359;4630250302119;кор. 20х0,45л ж/б;360;Образец Мутный ХЗ-1;Образец Мутный ХЗ-1;Zavod "Образец Мутный ХЗ-1" (IPA) алк. 6.1% /ХЕЙЗИ 7, ж/б  0,45л;;Алкогольная продукция>Zavod Brewery>Zavod Brewery ж>б;6,10;50;;IPA;6698917;;b4f4c07f-58d0-11f1-9bbe-000c296fac54
Plague Brew "Авангардизм" (Herbed Beer Spiced) алк. 4,8% / Пиво со вкусом пива 10, ж/б 0,45л;9;00-00022418;АВАНГАРДИЗМ (ж/б 0,45л);Plague Brew;Товар;;287;4660512528452;кор. 06х0,45л ж/б;730;Авангардизм;Авангардизм;Plague Brew "Авангардизм" (Herbed Beer Spiced) алк. 4,8% / Пиво со вкусом пива 10, ж/б 0,45л;;Алкогольная продукция>Plague Brew>Plague Brew ж>б бут;4,80;25;;Herbed Beer Spiced;6365920;;63742bf3-5998-11f1-9bbe-000c296fac54
Gravity Project "Черничный джем" (Cider) алк. 5% / Блю Берри Джэм, бут. 0,45л;85;00-00022437;ЧЕРНИЧНЫЙ ДЖЕМ (бут. 0,45л);Gravity Project;Товар;Сидр с голубикой.;329;4603791714819;кор. 12х0,45л ст бут.;365;Черничный джем;Черничный джем;Gravity Project "Черничный джем" (Cider) алк. 5% / Блю Берри Джэм, бут. 0,45л;;Алкогольная продукция>Gravity Project>Gravity Project стекло;5;;;Cider;3047146;;5fe25f04-5a8d-11f1-9bbe-000c296fac54
Brewlok "Воронежское море" (Lager) алк. 3.5% /Эль 83, ж/б 0,45л;42;00-00022453;ВОРОНЕЖСКОЕ МОРЕ (ж/б 0,45л);Brewlok;Товар;;290;4640437583385;кор. 12х0,45л ж/б;366;Воронежское море;Воронежское море;Brewlok "Воронежское море" (Lager) алк. 3.5% /Эль 83, ж/б 0,45л;;Алкогольная продукция>Brewlok (Воронеж)>Brewlok ж>б;3,50;;;;6716072;;a070a316-5d89-11f1-9bbe-000c296fac54
Selfmade "Starhawk" (Session IPA) алк. 5,5% / СБ ИПА 2, ж/б 0,45л;5;00-00022468;STARHAWK (ж/б 0,45л);Selfmade;Товар;;306;4640235994741;кор. 12х0,45л ж/б;363;Starhawk;Starhawk;Selfmade "Starhawk" (Session IPA) алк. 5,5% / СБ ИПА 2, ж/б 0,45л;;Алкогольная продукция>Selfmade>Selfmade ж>б;5,50;36;;Session IPA;6728869;;63fbda78-5f17-11f1-9bbe-000c296fac54
Black Cat "КОТИК ИМЕЕТ ПРАВО" (Pilsner), алк. 5.3% /БК ПИЛЗНЕР 02.26, пэт кег 20л;20;00-00022618;КОТИК ИМЕЕТ ПРАВО (пэт кег 20л);Black Cat;Товар;;380;4650300022637;пэт кег 20л;360;КОТИК ИМЕЕТ ПРАВО;КОТИК ИМЕЕТ ПРАВО;Black Cat "КОТИК ИМЕЕТ ПРАВО" (Pilsner), алк. 5.3% /БК ПИЛЗНЕР 02.26, пэт кег 20л;;Алкогольная продукция>Black Cat Brewery>Black Cat Brewery кег;5,30;;;Pilsner;6738436;;489208a2-6b18-11f1-9bbe-000c296fac54
Chibis "Вишня Пломбир" (Smoothie), алк. 6,5% / Вишня Пломбир, ж/б 0,45л;36;00-00022632;ВИШНЯ ПЛОМБИР (ж/б 0,45л);CHIBIS Brewery;Товар;;356;4640233774185;кор. 06х0,45л ж/б;365;Вишня Пломбир;Вишня Пломбир;Chibis "Вишня Пломбир" (Smoothie), алк. 6,5% / Вишня Пломбир, ж/б 0,45л;;Алкогольная продукция>CHIBIS Brewery>CHIBIS Brewery стекло > жб;6,50;;;Smoothie;6727056;;1aa2c535-6bb1-11f1-9bbe-000c296fac54
Chibis "Вишня Пломбир" (Smoothie), алк. 6,5% / Вишня Пломбир, ж/б 0,45л;36;00-00022632;ВИШНЯ ПЛОМБИР (ж/б 0,45л);CHIBIS Brewery;Товар;;356;4640233774307;кор. 06х0,45л ж/б;365;Вишня Пломбир;Вишня Пломбир;Chibis "Вишня Пломбир" (Smoothie), алк. 6,5% / Вишня Пломбир, ж/б 0,45л;;Алкогольная продукция>CHIBIS Brewery>CHIBIS Brewery стекло > жб;6,50;;;Smoothie;6727056;;1aa2c535-6bb1-11f1-9bbe-000c296fac54
White Stone "Светлое" (Lager) алк. 5% / ВС АПА 3, ж/б 0,45;79;00-00022644;СВЕТЛОЕ (ж/б 0,45);White Stone;Товар;;285;4640229753132;кор. 12х0,45л ж/б;365;Светлое;Светлое;White Stone "Светлое" (Lager) алк. 5% / ВС АПА 3, ж/б 0,45;Новинка!;Алкогольная продукция>White Stonе>White Stonе ж>б;5;27;;Lager;6683146;;365bcd87-6be3-11f1-9bbe-000c296fac54
White Stone "Светлое" (Lager) алк. 5% / ВС АПА 3, ж/б 0,45;79;00-00022644;СВЕТЛОЕ (ж/б 0,45);White Stone;Товар;;285;4640229753149;кор. 12х0,45л ж/б;365;Светлое;Светлое;White Stone "Светлое" (Lager) алк. 5% / ВС АПА 3, ж/б 0,45;Новинка!;Алкогольная продукция>White Stonе>White Stonе ж>б;5;27;;Lager;6683146;;365bcd87-6be3-11f1-9bbe-000c296fac54
Заповедник "Игра" (Dry Cider) алк. 6% / Игра, бут. 0,33л;54;00-00022652;ИГРА (бут. 0,33л);Заповедник;Товар;;296;4603759677132;кор. 20х0,33л ст. бут.;365;Игра;Игра;Заповедник "Игра" (Dry Cider) алк. 6% / Игра, бут. 0,33л;;Алкогольная продукция>Заповедник>Заповедник бут;6;;;Cider Dry;5296003;;8d5b5af1-6eeb-11f1-9bbe-000c296fac54
Rewort Brewery "Hot In the Shade" (Tomato Gose) алк. 6,1% /ХОТ ИН ЗЕ ШЕЙД, ж/б 0,45л;1635;00-00021377;HOT IN THE SHADE (ж/б 0,45л);Rewort;Товар;;275;4670161154728;кор. 12х0,45л ж/б;365;Hot In the Shade;Hot In the Shade;Rewort Brewery "Hot In the Shade" (Tomato Gose) алк. 6,1% /ХОТ ИН ЗЕ ШЕЙД, ж/б 0,45л;Новинка!;Алкогольная продукция>SVOI (Сергиев Посад)>Rewort ж>б;6,10;;20,50;Bell Pepper & Jalapeno Tomato Gose;5343928;63;d27136df-d65d-11f0-9bb3-000c296fac54
Rewort Brewery "Hot In the Shade" (Tomato Gose) алк. 6,1% /ХОТ ИН ЗЕ ШЕЙД, ж/б 0,45л;1635;00-00021377;HOT IN THE SHADE (ж/б 0,45л);Rewort;Товар;;275;4670161155176;кор. 12х0,45л ж/б;365;Hot In the Shade;Hot In the Shade;Rewort Brewery "Hot In the Shade" (Tomato Gose) алк. 6,1% /ХОТ ИН ЗЕ ШЕЙД, ж/б 0,45л;Новинка!;Алкогольная продукция>SVOI (Сергиев Посад)>Rewort ж>б;6,10;;20,50;Bell Pepper & Jalapeno Tomato Gose;5343928;63;d27136df-d65d-11f0-9bb3-000c296fac54
MeadNight "MALBEC MEAD" (Mead) алк.6% / МН Медок 8, ж/б 0,45л;47;00-00021416;MALBEC MEAD (ж/б 0,45л);MeadNight;Товар;;314;4627130346394;кор. 12х0,45л ж/б;360;MALBEC MEAD;MALBEC MEAD;MeadNight "MALBEC MEAD" (Mead) алк.6% / МН Медок 8, ж/б 0,45л;;Алкогольная продукция>MeadNight>MeadNight жб;6;;;Mead;6532836;;74251f36-d9b7-11f0-9bb3-000c296fac54
Rewort Brewery "Pitch Drop Experiment" (RIS) алк. 13% / ПИТЧ ДРОП ЭКСПЕРИМЕНТ, ж/б 0,45л;469;00-00021456;PITCH DROP EXPERIMENT (ж/б 0,45л);Rewort;Товар;;317;4630522440655;кор. 12х0,45л ж/б;365;Pitch Drop Experiment;Pitch Drop Experiment;Rewort Brewery "Pitch Drop Experiment" (RIS) алк. 13% / ПИТЧ ДРОП ЭКСПЕРИМЕНТ, ж/б 0,45л;Новинка!;Алкогольная продукция>SVOI (Сергиев Посад)>Rewort ж>б;13;75;;RIS;6471722;;8071de9f-dc1c-11f0-9bb5-000c296fac54
Rewort Brewery "Pitch Drop Experiment" (RIS) алк. 13% / ПИТЧ ДРОП ЭКСПЕРИМЕНТ, ж/б 0,45л;469;00-00021456;PITCH DROP EXPERIMENT (ж/б 0,45л);Rewort;Товар;;317;4670161159402;кор. 12х0,45л ж/б;365;Pitch Drop Experiment;Pitch Drop Experiment;Rewort Brewery "Pitch Drop Experiment" (RIS) алк. 13% / ПИТЧ ДРОП ЭКСПЕРИМЕНТ, ж/б 0,45л;Новинка!;Алкогольная продукция>SVOI (Сергиев Посад)>Rewort ж>б;13;75;;RIS;6471722;;8071de9f-dc1c-11f0-9bb5-000c296fac54
Меда Сибири "Mead Traditional" (Mead) алк. 5% / Традиционный Мёд, ж/б 0,45л;72;00-00019175;MEAD TRADITIONAL (ж/б 0,45л);Меда Сибири;Товар;;278;4660387591346;кор. 12х0,45л ж/б;365;Mead Traditional;Mead Traditional;Меда Сибири "Mead Traditional" (Mead) алк. 5% / Традиционный Мёд, ж/б 0,45л;;Алкогольная продукция>Меда Сибири>Меда Сибири жб>бут;5;;;Mead;4866076;;68f97018-30af-11f0-9bac-000c296fac54
Меда Сибири "Mead Citrus" (Mead) алк. 6,3% / Цитрус и Специи, ж/б 0,45л;54;00-00019184;MEAD CITRUS (ж/б 0,45л);Меда Сибири;Товар;;309;4660387591414;кор. 12х0,45л ж/б;365;Mead Citrus;Mead Citrus;Меда Сибири "Mead Citrus" (Mead) алк. 6,3% / Цитрус и Специи, ж/б 0,45л;;Алкогольная продукция>Меда Сибири>Меда Сибири жб>бут;6,30;;;Mead - Melomel;5149664;;13de8d1a-30be-11f0-9bac-000c296fac54
Stamm Brewing "Wiener Riesenrad" (Vienna Lager) алк 4,8% / Венский лагер, ж/б 0,45 л;29;00-00019279;WIENER RIESENRAD (ж/б 0,45л);Stamm Brewing;Товар;;259;4610297651180;кор. 12х0,45л ж/б;365;Wiener Riesenrad;Wiener Riesenrad;Stamm Brewing "Wiener Riesenrad" (Vienna Lager) алк 4,8% / Венский лагер, ж/б 0,45 л;;Алкогольная продукция>Stamm Brewing>Stamm Brewing ж>б, бут;4,80;;;Vienna Lager;6271293;;0146dd59-3577-11f0-9bac-000c296fac54
Stamm Brewing "Wiener Riesenrad" (Vienna Lager) алк 4,8% / Венский лагер, ж/б 0,45 л;29;00-00019279;WIENER RIESENRAD (ж/б 0,45л);Stamm Brewing;Товар;;259;4610297653320;кор. 12х0,45л ж/б;365;Wiener Riesenrad;Wiener Riesenrad;Stamm Brewing "Wiener Riesenrad" (Vienna Lager) алк 4,8% / Венский лагер, ж/б 0,45 л;;Алкогольная продукция>Stamm Brewing>Stamm Brewing ж>б, бут;4,80;;;Vienna Lager;6271293;;0146dd59-3577-11f0-9bac-000c296fac54
Stamm Brewing "Koinobori" (Rice Lager) алк 5,2% / Рисовый лагер, пэт кег 20л;60;00-00019373;KOINOBORI (пэт кег 20л);Stamm Brewing;Товар;;343;4610297651531;пэт кег 20л;365;Koinobori;Koinobori;Stamm Brewing "Koinobori" (Rice Lager) алк 5,2% / Рисовый лагер, пэт кег 20л;;Алкогольная продукция>Stamm Brewing>Stamm Brewing кег;5,20;;;Rice Lager;6264963;;1c2ee19f-3bae-11f0-9bac-000c296fac54
White Phoenix "White Phoenix Манго-Цитрус" (Mead) алк. 5,6% /Белый Феникс "Манго-цитрус", бут 0,45л;24;00-00011080;WHITE PHOENIX МАНГО-ЦИТРУС (бут 0,45л);White Phoenix;Товар;;180;4680140431184;кор. 12х0,45л ст бут.;730;White Phoenix Манго-Цитрус;White Phoenix Манго-Цитрус;White Phoenix "White Phoenix Манго-Цитрус" (Mead) алк. 5,6% /Белый Феникс "Манго-цитрус", бут 0,45л;;Алкогольная продукция>Cider House>White Phoenix>White Phoenix ж\б бут;5,60;5;;Mead;4437713;;ca749526-9187-11ed-80fb-000c29d24b62
White Phoenix "White Phoenix Манго-Цитрус" (Mead) алк. 5,6% /Белый Феникс "Манго-цитрус", бут 0,45л;24;00-00011080;WHITE PHOENIX МАНГО-ЦИТРУС (бут 0,45л);White Phoenix;Товар;;180;4680140432020;кор. 12х0,45л ст бут.;730;White Phoenix Манго-Цитрус;White Phoenix Манго-Цитрус;White Phoenix "White Phoenix Манго-Цитрус" (Mead) алк. 5,6% /Белый Феникс "Манго-цитрус", бут 0,45л;;Алкогольная продукция>Cider House>White Phoenix>White Phoenix ж\б бут;5,60;5;;Mead;4437713;;ca749526-9187-11ed-80fb-000c29d24b62
Brewlok "Likho" (DIPA), алк. 8,6%. / Лихо одноглазое,  пэт кег 20л/шт;1;00-00011503;ЛИХО  (пэт кег 20л/шт);Brewlok;Товар;Не буди Лихо, пока оно тихо: мощный Double IPA с хмелями Amarillo, Simcoe, Columbus, Centennial, Mosaic и Vic Secret. Он начинается тихой поступью, а заканчивается лихими приключениями.;7320;4640106804810;пэт кег 20л/шт;366;Likho The One-Eyed;Likho;Brewlok "Likho" (DIPA), алк. 8,6%. / Лихо одноглазое,  пэт кег 20л/шт;;Алкогольная продукция>Brewlok (Воронеж)>Brewlok кег;8,60;120;21;Double IPA;1802346;;b625613c-b696-11ed-80fc-000c29d24b62
Коврик барный "Rewort Brewery";107;00-00012009;КОВРИК БАРНЫЙ "REWORT BREWERY";Rewort;Товар;Коврик барный "Rewort Brewery";668;;штучный товар;0;Коврик барный "Rewort Brewery";Коврик барный "Rewort Brewery";Коврик барный "Rewort Brewery";Новинка!;Сопутствующие товары>СВОИ>Атрибутика;;;;;;;ee14eaed-e592-11ed-810b-000c29bc6f5e
Rewort Brewery "Balkan Pearl" (Double Chocolate Stout) алк. 6% /Балкан Перл., пэт кег 20л/шт;17;00-00013193;BALKAN PEARL (MOTHER T) (пэт кег 20л/шт);Rewort;Товар;;0;4670161158856;пэт кег 20л/шт;365;Balkan Pearl;Balkan Pearl;Rewort Brewery "Balkan Pearl" (Double Chocolate Stout) алк. 6% /Балкан Перл., пэт кег 20л/шт;;Алкогольная продукция>SVOI (Сергиев Посад)>Rewort кег пэт;6;15;;Double Chocolate Stout;2474995;;b66dcb7b-5213-11ee-8118-000c29bc6f5e
Ostrovica "Oatmeal Stout" (Oatmeal Milk Stout), алк. 6.5% / Островица Милк Стаут, пэт кег 20л;80;00-00005405;OATMEAL STOUT (пэт кег 20л);Ostrovica Brewery;Товар;Тёмное пиво верхового брожения с мягким шелковистым вкусом,  оттенками кофе и горького шоколада.;402;4640205261651;пэт кег 20л;180;Oatmeal Stout;Oatmeal Stout;Ostrovica "Oatmeal Stout" (Oatmeal Milk Stout), алк. 6.5% / Островица Милк Стаут, пэт кег 20л;;Алкогольная продукция>Ostrovica (Аша)>Ostrovica кег;6;23;17;Oatmeal Stout;1518335;;735027c3-b4bd-11eb-80cf-000c29d24b62
Сider House "Double Tree Лесные Ягоды" (mead), алк. 4,7% / Дабл Три Лесные ягоды,  бут 0,45л;60;00-00006150;CIDER HOUSE ЛЕСНЫЕ ЯГОДЫ (бут 0,45л);Cider House;Товар;;180;4630178430567;кор. 12х0,45л ст бут.;730;Double Tree Лесные Ягоды (Wild Berries);Double Tree Лесные Ягоды (Wild Berries);Сider House "Double Tree Лесные Ягоды" (mead), алк. 4,7% / Дабл Три Лесные ягоды,  бут 0,45л;;Алкогольная продукция>Cider House>Double Tree бут;4,70;;;Cider;4512077;;a010f680-0019-11ec-80d7-000c29d24b62
Сider House "Double Tree Лесные Ягоды" (mead), алк. 4,7% / Дабл Три Лесные ягоды,  бут 0,45л;60;00-00006150;CIDER HOUSE ЛЕСНЫЕ ЯГОДЫ (бут 0,45л);Cider House;Товар;;180;4630178431212;кор. 12х0,45л ст бут.;730;Double Tree Лесные Ягоды (Wild Berries);Double Tree Лесные Ягоды (Wild Berries);Сider House "Double Tree Лесные Ягоды" (mead), алк. 4,7% / Дабл Три Лесные ягоды,  бут 0,45л;;Алкогольная продукция>Cider House>Double Tree бут;4,70;;;Cider;4512077;;a010f680-0019-11ec-80d7-000c29d24b62
Ostrovica "IPA" (American IPA), алк. 6,2%,  / Островица Индийский пэйл эль, пэт кег 20л;20;00-00002518;OSTROVICA IPA (пэт кег 20л);Ostrovica Brewery;Товар;.;402;4640205261842;пэт кег 20л;180;IPA;IPA;Ostrovica "IPA" (American IPA), алк. 6,2%,  / Островица Индийский пэйл эль, пэт кег 20л;;Алкогольная продукция>Ostrovica (Аша)>Ostrovica кег;6,20;55;15;American IPA;1304151;;0d8b110b-ddcf-11e9-80e0-000c29e252b5
Plan B "Tropical Painkiller" (Double IPA) алк. 8,5% / Тропикалл Пэйлкиллер, пэт кег 20л;140;00-00009202;TROPICAL PAINKILLER (пэт кег 20л);Plan B;Товар;;491;4650139080464;пэт кег 20л;180;Tropical Painkiller;Tropical Painkiller;Plan B "Tropical Painkiller" (Double IPA) алк. 8,5% / Тропикалл Пэйлкиллер, пэт кег 20л;;Алкогольная продукция>Plan B Brewery>Plan B Brewery кег;8,50;70;19;DIPA;1803102;;1d9a1ec3-f392-11ec-80e3-000c29d24b62
Plan B "Static Cloud: Nectaron/Simcoe/Riwaka" (New England IPA) алк. 6,2% / Статик Клауд, ж/б. 0,45л;41;00-00022562;STATIC CLOUD: NECTARON/SIMCOE/RIWAKA (ж/б 0,45 л);Plan B;Товар;;327;4650139081904;кор. 12х0,45л ж/б;180;Static Cloud: Nectaron/Simcoe/Riwaka;Static Cloud: Nectaron/Simcoe/Riwaka;Plan B "Static Cloud: Nectaron/Simcoe/Riwaka" (New England IPA) алк. 6,2% / Статик Клауд, ж/б. 0,45л;;Алкогольная продукция>Plan B Brewery>Plan B ж>б;6,20;40;;New England Hazy IPA;6709620;;04ea2054-6494-11f1-9bbe-000c296fac54
Coma & Ортодокс Brewery “Трип: Берлин” (IPA - Session) алк. 3,8% / ОХМЕЛЕННОЕ 6 , ж/б 0,45л;919;00-00022572;ТРИП: БЕРЛИН (ж/б 0,45л);Coma Brewery;Товар;;275;4630522440082;кор. 12х0,45л ж/б;365;Трип: Берлин;Трип: Берлин;Coma & Ортодокс Brewery “Трип: Берлин” (IPA - Session) алк. 3,8% / ОХМЕЛЕННОЕ 6 , ж/б 0,45л;;Алкогольная продукция>SVOI (Сергиев Посад)>Coma Brewery>Coma Brewery ж>б;3,80;7,50;;Session IPA;6718787;;f640b740-64ae-11f1-9bbe-000c296fac54
Coma & Ортодокс Brewery “Трип: Берлин” (IPA - Session) алк. 3,8% / ОХМЕЛЕННОЕ 6 , ж/б 0,45л;919;00-00022572;ТРИП: БЕРЛИН (ж/б 0,45л);Coma Brewery;Товар;;275;4630522442079;кор. 12х0,45л ж/б;365;Трип: Берлин;Трип: Берлин;Coma & Ортодокс Brewery “Трип: Берлин” (IPA - Session) алк. 3,8% / ОХМЕЛЕННОЕ 6 , ж/б 0,45л;;Алкогольная продукция>SVOI (Сергиев Посад)>Coma Brewery>Coma Brewery ж>б;3,80;7,50;;Session IPA;6718787;;f640b740-64ae-11f1-9bbe-000c296fac54
Zavod "Beertram" (Non-alco berliner weisse) / Завод фри Биртрам, ж/б 0,45л;40;00-00022584;BEERTRAM (ж/б  0,45л);Zavod Brewery;Товар;;285;4607967292675;кор. 20х0,45л ж/б;360;Beertram;Beertram;Zavod "Beertram" (Non-alco berliner weisse) / Завод фри Биртрам, ж/б 0,45л;;Алкогольная продукция>Zavod Brewery>Zavod Brewery Б>А;;;;Non-alco berliner weisse;;;8d6e8524-64c6-11f1-9bbe-000c296fac54
DIETA "Double Or Nothing" (Double IPA) алк.8.5% / Брюмен дабл ипа 3, ж/б 0,45л;57;00-00022600;DOUBLE OR NOTHING (ж/б ,45л);DIETA;Товар;;381;4620402496711;кор. 20х0,45л ж/б;360;Double Or Nothing;Double Or Nothing;DIETA "Double Or Nothing" (Double IPA) алк.8.5% / Брюмен дабл ипа 3, ж/б 0,45л;;Алкогольная продукция>DIETA>DIETA  ж>б;8,50;;;Double IPA;6735419;;92183f16-694c-11f1-9bbe-000c296fac54
Brewlok "Тот самый круглый" (New England IPA), алк. 6.9%. / Эль 64, ж/б 0,45л;44;00-00021823;ТОТ САМЫЙ КРУГЛЫЙ (ж/б 0,45л);Brewlok;Товар;;364;4640437582715;кор. 12х0,45л ж/б;366;Тот самый круглый;Тот самый круглый;Brewlok "Тот самый круглый" (New England IPA), алк. 6.9%. / Эль 64, ж/б 0,45л;;Алкогольная продукция>Brewlok (Воронеж)>Brewlok ж>б;6,90;;;New England IPA;6599480;;f2beb2ce-12e3-11f1-9bba-000c296fac54
Selfmade "Mindscape" (New England Hazy IPA) алк. 6% / СБ НЕИПА 18, 0,45 ж/б;16;00-00021859;MINDSCAPE (0,45 ж/б);Selfmade;Товар;;353;4640235994178;кор. 12х0,45л ж/б;363;Mindscape;Mindscape;Selfmade "Mindscape" (New England Hazy IPA) алк. 6% / СБ НЕИПА 18, 0,45 ж/б;;Алкогольная продукция>Selfmade>Selfmade ж>б;6;45;;New England Hazy IPA;6620357;;4adf3103-17d0-11f1-9bbb-000c296fac54
Край Земли "Лимонад лаванда-мята" (Lemonade) / ЛИМОНАД КРАЙ ЗЕМЛИ ЛАВАНДА-МЯТА, бут. 0,33л;24;00-00021869;ЛИМОНАД ЛАВАНДА-МЯТА (бут.0,33л);Край Земли;Товар;;215;;кор. 12х0,33л ст. бут.;365;Лимонад лаванда-мята;Лимонад лаванда-мята;Край Земли "Лимонад лаванда-мята" (Lemonade) / ЛИМОНАД КРАЙ ЗЕМЛИ ЛАВАНДА-МЯТА, бут. 0,33л;;Алкогольная продукция>Край Земли>Край Земли бут б>а;;;;Lemonade;;;57b327dc-1889-11f1-9bbb-000c296fac54
Zagovor Brewery "Foggy Notion" (New England IPA) алк. 6,8%, / Фоги Ноушн, ж/б 0,45 л;25;00-00019662;FOGGY NOTION (ж/б 0,45л);Zagovor Brewery;Товар;;380;4670223013079;кор. 20х0,45л ж/б;365;Foggy Notion;Foggy Notion;Zagovor Brewery "Foggy Notion" (New England IPA) алк. 6,8%, / Фоги Ноушн, ж/б 0,45 л;;Алкогольная продукция>Zagovor Brewery>Zagovor Brewery ж>б;6,80;50;;New England IPA;2135232;;f5e965ff-50cb-11f0-9bac-000c296fac54
Ясная Поляна "Сидр Сухой '24" (Cider Dry) алк. 4,8% / Ясная Поляна бут. 0,33л;30;00-00019752;СИДР СУХОЙ '24 (бут. 0,33л);Ясная Поляна;Товар;;317;4670188816678;кор. 12х0,33л ст. бут.;730;Сидр Сухой '24;Сидр Сухой '24;Ясная Поляна "Сидр Сухой '24" (Cider Dry) алк. 4,8% / Ясная Поляна бут. 0,33л;;Алкогольная продукция>Ясная Поляна>Ясная Поляна бут;4,80;;;Cider Dry;6091362;;9f72a91d-55a9-11f0-9bac-000c296fac54
Ясная Поляна "Сидр Сухой '24" (Cider Dry) алк. 4,8% / Ясная Поляна бут. 0,33л;30;00-00019752;СИДР СУХОЙ '24 (бут. 0,33л);Ясная Поляна;Товар;;317;4670188816715;кор. 12х0,33л ст. бут.;730;Сидр Сухой '24;Сидр Сухой '24;Ясная Поляна "Сидр Сухой '24" (Cider Dry) алк. 4,8% / Ясная Поляна бут. 0,33л;;Алкогольная продукция>Ясная Поляна>Ясная Поляна бут;4,80;;;Cider Dry;6091362;;9f72a91d-55a9-11f0-9bac-000c296fac54
Бокал для пива «Элеганс (Coma)», кор. 12шт., стекло, 0,62л, (Россия);84;00-00019765;БОКАЛ ЭЛЕГАНС COMA 0,62л.;Coma Brewery;Товар;Бокал для пива «Элеганс (Coma)», кор. 12шт., стекло, 0,62л, (Россия);306;;Упаковка 12 шт.;0;Бокал Элеганс Coma;Бокал Элеганс Coma 0,62л.;Бокал для пива «Элеганс (Coma)», кор. 12шт., стекло, 0,62л, (Россия);Новинка!;Сопутствующие товары>СВОИ>Сувенирные бокалы;;;;;;;e889ac5a-564b-11f0-9bac-000c296fac54
Леонид Леврана "Hop Me" (Hopped Dry Cider) (ЖЕЛТЫЙ), алк. 5,5% / HOP ME, бут. 0,33л;29;00-00019820;HOP ME (ЖЕЛТЫЙ) (бут. 0,33л);Сидродельня Леонида Леврана;Товар;;301;4603728537252;кор. 12х0,33л ст. бут.;720;Hop Me (Сухой);Hop Me (Сухой);Леонид Леврана "Hop Me" (Hopped Dry Cider) (ЖЕЛТЫЙ), алк. 5,5% / HOP ME, бут. 0,33л;;Алкогольная продукция>Сидродельня Леонида Леврана>Леврана бут;5,50;;;Hopped Dry Cider;6223395;;2bbe29dd-57ec-11f0-9bac-000c296fac54
Ортодокс “Пилс” (Pilsner) алк. 4,5% / ПИЛС, пэт кег 20л/шт;14;00-00014134;ПИЛС (пэт кег 20л/шт);ОРТОДОКС;Товар;;0;4670161151192;пэт кег 20л/шт;365;Пилс;Пилс;Ортодокс “Пилс” (Pilsner) алк. 4,5% / ПИЛС, пэт кег 20л/шт;;Алкогольная продукция>SVOI (Сергиев Посад)>Ортодокс кег пэт;4,50;27;11,50;Pilsner;5542058;;503e5e0a-959f-11ee-811b-000c29bc6f5e
Ортодокс “Маковецъ” (Helles) алк. 4,3% / МАКОВЕЦЪ, пэт кег 20л/шт;26;00-00014656;МАКОВЕЦЪ (пэт кег 20л/шт);ОРТОДОКС;Товар;;0;4670161157705;пэт кег 20л/шт;365;Маковецъ;Маковецъ;Ортодокс “Маковецъ” (Helles) алк. 4,3% / МАКОВЕЦЪ, пэт кег 20л/шт;;Алкогольная продукция>SVOI (Сергиев Посад)>Ортодокс кег пэт;4,30;25;11,50;Helles;5197170;;42424431-cc05-11ee-816c-000c29bc6f5e
Сider House "Double Tree Pomegranate & Mint" (Сider), алк.5,6% / Дабл Три Гранат-мята, бут 0,45л;107;00-00015702;DOUBLE TREE POMEGRANATE & MINT(бут 0,45л);Cider House;Товар;;180;4680140430828;кор. 12х0,45л ст бут.;730;Double Tree Pomegranate & Mint;Double Tree Pomegranate & Mint;Сider House "Double Tree Pomegranate & Mint" (Сider), алк.5,6% / Дабл Три Гранат-мята, бут 0,45л;;Алкогольная продукция>Cider House>Double Tree бут;5,60;;;Cider;5826248;;d8da2ed0-27c6-11ef-819b-000c29bc6f5e
Сider House "Double Tree Pomegranate & Mint" (Сider), алк.5,6% / Дабл Три Гранат-мята, бут 0,45л;107;00-00015702;DOUBLE TREE POMEGRANATE & MINT(бут 0,45л);Cider House;Товар;;180;4680140431931;кор. 12х0,45л ст бут.;730;Double Tree Pomegranate & Mint;Double Tree Pomegranate & Mint;Сider House "Double Tree Pomegranate & Mint" (Сider), алк.5,6% / Дабл Три Гранат-мята, бут 0,45л;;Алкогольная продукция>Cider House>Double Tree бут;5,60;;;Cider;5826248;;d8da2ed0-27c6-11ef-819b-000c29bc6f5e
White Phoenix "White Phoenix Grape & Mandarin" (Mead) алк. 5,6% /Виноград-мандарин, пэт кег 30л;60;00-00016039;WHITE PHOENIX GRAPE & MANDARIN (пэт кег 30л);White Phoenix;Товар;;212;4680140431368;пэт кег 30л;540;White Phoenix Grape & Mandarin;White Phoenix Grape & Mandarin;White Phoenix "White Phoenix Grape & Mandarin" (Mead) алк. 5,6% /Виноград-мандарин, пэт кег 30л;;Алкогольная продукция>Cider House>White Phoenix>White Phoenix кег;5,60;;;Mead;4584274;;71815cd5-42ba-11ef-81ba-000c29bc6f5e
Ostrovica "ZESTER" (IPA - Session) алк. 4.5% /Островица Эль 137, ж/б 0,45л;57;00-00022765;ZESTER (ж/б 0,45л);Ostrovica Brewery;Товар;;307;4640205263648;кор. 20х0,45л ж/б;360;ZESTER;ZESTER;Ostrovica "ZESTER" (IPA - Session) алк. 4.5% /Островица Эль 137, ж/б 0,45л;;Алкогольная продукция>Ostrovica (Аша)>Ostrovica ж>б;4,50;;;Session IPA;6743170;;347a7c27-7460-11f1-9bbe-000c296fac54
Ostrovica "ZESTER" (IPA - Session) алк. 4.5% /Островица Эль 137, ж/б 0,45л;57;00-00022765;ZESTER (ж/б 0,45л);Ostrovica Brewery;Товар;;307;4640205267417;кор. 20х0,45л ж/б;360;ZESTER;ZESTER;Ostrovica "ZESTER" (IPA - Session) алк. 4.5% /Островица Эль 137, ж/б 0,45л;;Алкогольная продукция>Ostrovica (Аша)>Ostrovica ж>б;4,50;;;Session IPA;6743170;;347a7c27-7460-11f1-9bbe-000c296fac54
GANZA Brewery "Идиллия" (Fruit Beer) алк. 4,5% / Ганза фруктовый эль 17, ж/б 0,45 л;46;00-00022783;ИДИЛЛИЯ (ж/б 0,45);GANZA Brewery;Товар;;340;4670163076042;кор. 12х0,45л ж/б;360;Идиллия;Идиллия;GANZA Brewery "Идиллия" (Fruit Beer) алк. 4,5% / Ганза фруктовый эль 17, ж/б 0,45 л;;Алкогольная продукция>GANZA Brewery>GANZA Brewery ж>б;4,50;;;Fruit Beer;6773277;;193d3aab-752b-11f1-9bbe-000c296fac54
Chibis "Вишнёвый Код" (Fruit Beer), алк. 6,5% / Фрутбир Вишня, пэт кег 20л;40;00-00022791;ВИШНЁВЫЙ КОД (пэт кег 20л);CHIBIS Brewery;Товар;;461;4640233774413;пэт кег 20л;365;Вишнёвый Код;Вишнёвый Код;Chibis "Вишнёвый Код" (Fruit Beer), алк. 6,5% / Фрутбир Вишня, пэт кег 20л;;Алкогольная продукция>CHIBIS Brewery>CHIBIS Brewery кег;6,50;;;Fruit Beer;6755753;;e9aa76dc-75de-11f1-9bc0-000c296fac54
Big Village "ОРИЕНТИР" (American Pale Ale) алк. 5,5% / Американ Пейл Эль 3, пэт кег 20л;20;00-00022803;ОРИЕНТИР (пэт кег 20л);Big Village;Товар;;458;4620197365834;пэт кег 20л;240;ОРИЕНТИР;ОРИЕНТИР;Big Village "ОРИЕНТИР" (American Pale Ale) алк. 5,5% / Американ Пейл Эль 3, пэт кег 20л;;Алкогольная продукция>Big Village>Big Village кег;5,50;40;;American Pale Ale;6764197;;fb331816-7907-11f1-9bc1-000c296fac54
MeadNight "Red Bee Mead" (Mead) алк.6% /МН Медок 3, пэт кег 20л;40;00-00021733;RED BEE MEAD (пэт кег 20л);MeadNight;Товар;;380;4627130346349;пэт кег 20л;360;Red Bee Mead;Red Bee Mead;MeadNight "Red Bee Mead" (Mead) алк.6% /МН Медок 3, пэт кег 20л;;Алкогольная продукция>MeadNight>MeadNight кег;6;;;Mead;6599466;;5b5cfc84-08cc-11f1-9bba-000c296fac54
Короб "Адвент-календарь" на 6 вложений (286х192х166), "Man" печать 4+0, ламинация глянцевая;130;00-00021752;Короб "Адвент-календарь" на 6 вложений MAN;Rewort;Товар;Короб "Адвент-календарь" на 6 вложений (286х192х166), "Man" печать 4+0, ламинация глянцевая;548;;штучный товар;0;Короб "Адвент-календарь" на 6 вложений MAN;Короб "Адвент-календарь" на 6 вложений (286х192х166), "Man" печать 4+0, ламинация глянцевая;Короб "Адвент-календарь" на 6 вложений (286х192х166), "Man" печать 4+0, ламинация глянцевая;;Алкогольная продукция>SVOI (Сергиев Посад)>Адвент;;;;;;;42cd2cd9-0d69-11f1-9bba-000c296fac54
Rewort Brewery "Золотой час" (IPA - Imperial/Double) алк. 8,5% / ЗОЛОТОЙ ЧАС, пэт кег 20л/шт;3;00-00021787;ЗОЛОТОЙ ЧАС (пэт кег 20л/шт);Rewort;Товар;;0;4630522441423;пэт кег 20л/шт;365;Золотой час;Золотой час;Rewort Brewery "Золотой час" (IPA - Imperial/Double) алк. 8,5% / ЗОЛОТОЙ ЧАС, пэт кег 20л/шт;Новинка!;Алкогольная продукция>SVOI (Сергиев Посад)>Rewort кег пэт;8,50;25;20;IPA - Imperial / Double;6584137;10;d5512302-1179-11f1-9bba-000c296fac54
Rewort Brewery "Lava Run" (Imperial Tomato Gose) алк. 6,3% / ЛАВА РАН, ж/б 0,45л;156;00-00019864;LAVA RUN (ж/б 0,45л);Rewort;Товар;;275;4670161155237;кор. 12х0,45л ж/б;365;Lava Run;Lava Run;Rewort Brewery "Lava Run" (Imperial Tomato Gose) алк. 6,3% / ЛАВА РАН, ж/б 0,45л;;Алкогольная продукция>SVOI (Сергиев Посад)>Rewort ж>б;6,30;;;Imperial Tomato Gose;4718421;;2161c304-5b2d-11f0-9bae-000c296fac54
Rewort Brewery "Lava Run" (Imperial Tomato Gose) алк. 6,3% / ЛАВА РАН, ж/б 0,45л;156;00-00019864;LAVA RUN (ж/б 0,45л);Rewort;Товар;;275;4670161157941;кор. 12х0,45л ж/б;365;Lava Run;Lava Run;Rewort Brewery "Lava Run" (Imperial Tomato Gose) алк. 6,3% / ЛАВА РАН, ж/б 0,45л;;Алкогольная продукция>SVOI (Сергиев Посад)>Rewort ж>б;6,30;;;Imperial Tomato Gose;4718421;;2161c304-5b2d-11f0-9bae-000c296fac54
Заповедник "Ревность" (Fruit Cider), алк. 5% / Ревень, бут. 0,33л;50;00-00019962;РЕВНОСТЬ (бут. 0,33л);Заповедник;Товар;;296;4603759677705;кор. 20х0,33л ст. бут.;730;Ревность;Ревность;Заповедник "Ревность" (Fruit Cider), алк. 5% / Ревень, бут. 0,33л;;Алкогольная продукция>Заповедник>Заповедник бут;5;;;Fruit Cider;5731476;;30626592-6174-11f0-9baf-000c296fac54
Zavod "Zavod IPA v2.0" (American IPA) алк. 6,9% /ИПА, ж/б  0,45л;6;00-00020004;ZAVOD IPA V2.0 (ж/б  0,45л);Zavod Brewery;Товар;;327;4607967292590;кор. 20х0,45л ж/б;360;Zavod IPA v2.0;Zavod IPA v2.0;Zavod "Zavod IPA v2.0" (American IPA) алк. 6,9% /ИПА, ж/б  0,45л;;Алкогольная продукция>Zavod Brewery>Zavod Brewery ж>б;6,90;70;;American IРА;2174909;;f5b2c140-6310-11f0-9baf-000c296fac54
MeadNight "Black Berry Style/Блэк Берри Стайл" (Mead) алк.6% /МН Блэкберри Стайл, ж/б 0,45л;24;00-00020040;BLACK BERRY STYLE / БЛЭК БЕРРИ СТАЙЛ(ж/б 0,45л);MeadNight;Товар;;299;4627130346219;кор. 12х0,45л ж/б;360;Black Berry Style / Блэк Берри Стайл;Black Berry Style / Блэк Берри Стайл;MeadNight "Black Berry Style/Блэк Берри Стайл" (Mead) алк.6% /МН Блэкберри Стайл, ж/б 0,45л;;Алкогольная продукция>MeadNight>MeadNight жб;6;;;Mead;5334835;;c2e346da-66e2-11f0-9baf-000c296fac54
Lapochka "PEACH+VERBENA" (Lemonade) /Лапочка Персик Вербена, ж/б.0,33л;7;00-00016585;PEACH+VERBENA  (ж/б 0,33л);Lapochka;Товар;;196;4640205263006;кор. 20х0,33л ж/б;360;PEACH+VERBENA;PEACH+VERBENA;Lapochka "PEACH+VERBENA" (Lemonade) /Лапочка Персик Вербена, ж/б.0,33л;;Алкогольная продукция>Ostrovica (Аша)>Lapochka;;;;Lemonade;;;f7b05024-6914-11ef-81c2-000c29bc6f5e
Lapochka "PEACH+VERBENA" (Lemonade) /Лапочка Персик Вербена, ж/б.0,33л;7;00-00016585;PEACH+VERBENA  (ж/б 0,33л);Lapochka;Товар;;196;4640205263020;кор. 20х0,33л ж/б;360;PEACH+VERBENA;PEACH+VERBENA;Lapochka "PEACH+VERBENA" (Lemonade) /Лапочка Персик Вербена, ж/б.0,33л;;Алкогольная продукция>Ostrovica (Аша)>Lapochka;;;;Lemonade;;;f7b05024-6914-11ef-81c2-000c29bc6f5e
Magic Mess "Sassy" (Fruited Sour Ale) алк.5% / Мэджик Месс Сасси, ж/б 0,45л;6;00-00017111;SASSY (ж/б 0,45л);Magic Mess;Товар;;370;4678907716308;кор. 12х0,45л ж/б;365;Sassy;Sassy;Magic Mess "Sassy" (Fruited Sour Ale) алк.5% / Мэджик Месс Сасси, ж/б 0,45л;;Алкогольная продукция>Magic Mess>Magic Mess ж>б;5;;;Fruited Sour Ale;4936522;;a5985739-96e7-11ef-8210-000c29bc6f5e
Lapochka "Melon+Peppermint" (Lemonade) / Лапочка Дыня Мята, ж/б.0,33л;43;00-00017439;LAPOCHKA "MELON+PEPPERMINT" (ж/б 0,33л);Lapochka;Товар;;196;4640205263532;кор. 20х0,33л ж/б;360;Melon+Peppermint;Melon+Peppermint;Lapochka "Melon+Peppermint" (Lemonade) / Лапочка Дыня Мята, ж/б.0,33л;;Алкогольная продукция>Ostrovica (Аша)>Lapochka;;;;Lemonade;;;c5b1181f-b09d-11ef-8213-000c29bc6f5e
Lapochka "Melon+Peppermint" (Lemonade) / Лапочка Дыня Мята, ж/б.0,33л;43;00-00017439;LAPOCHKA "MELON+PEPPERMINT" (ж/б 0,33л);Lapochka;Товар;;196;4640205263594;кор. 20х0,33л ж/б;360;Melon+Peppermint;Melon+Peppermint;Lapochka "Melon+Peppermint" (Lemonade) / Лапочка Дыня Мята, ж/б.0,33л;;Алкогольная продукция>Ostrovica (Аша)>Lapochka;;;;Lemonade;;;c5b1181f-b09d-11ef-8213-000c29bc6f5e
Rewort Brewery “Универсальные Дополнительные Измерения”(Stout)алк.11%/УНИВЕР.ДОП.ИЗМЕРЕНИЯ,ж/б 0,33л;1107;00-00017711;УНИВЕРСАЛЬНЫЕ ДОПОЛНИТЕЛЬНЫЕ ИЗМЕРЕНИЯ (ж/б 0,33л);Rewort;Товар;;285;4670161156180;кор. 12х0,33л ж/б;1100;Универсальные Дополнительные Измерения;Универсальные Дополнительные Измерения;Rewort Brewery “Универсальные Дополнительные Измерения”(Stout)алк.11%/УНИВЕР.ДОП.ИЗМЕРЕНИЯ,ж/б 0,33л;;Алкогольная продукция>SVOI (Сергиев Посад)>Rewort ж>б;11;50;30;Bourbon Barrel Aged Pastry Imperial Stout;6071582;75;cc0cda48-c29c-11ef-8216-000c29bc6f5e
Plague Brew "Zoigling" (Zoigl), алк. 5,5% / Темный Контракт 4, ж/б 0,45л;3;00-00022832;ZOIGLING (ж/б 0,45л);Plague Brew;Товар;;303;4660512527806;кор. 06х0,45л ж/б;730;Zoigling;Zoigling;Plague Brew "Zoigling" (Zoigl), алк. 5,5% / Темный Контракт 4, ж/б 0,45л;;Алкогольная продукция>Plague Brew>Plague Brew ж>б бут;5,50;11;;Zoigl;5622585;;0c0ded6f-7aa6-11f1-9bc1-000c296fac54
Gravity Project "Крэнберриз" (Cider) алк. 5% / Флэш-Бокс, бут. 0,45л;28;00-00022842;КРЭНБЕРРИЗ (бут. 0,45л);Gravity Project;Товар;;343;4640422940612;кор. 12х0,45л ст бут.;365;Крэнберриз;Крэнберриз;Gravity Project "Крэнберриз" (Cider) алк. 5% / Флэш-Бокс, бут. 0,45л;;Алкогольная продукция>Gravity Project>Gravity Project стекло;5;;;Cider;6774486;;9f9af48e-7b63-11f1-9bc1-000c296fac54
DIETA "Dieta Switch To the Hazy Mode" (NEIPA) алк.7.5% / Диета неипа 1, ж/б 0,45л;68;00-00022856;DIETA SWITCH TO THE HAZY MODE (ж/б ,45л);DIETA;Товар;;406;4620402497053;кор. 20х0,45л ж/б;360;Dieta Switch To the Hazy Mode;Dieta Switch To the Hazy Mode;DIETA "Dieta Switch To the Hazy Mode" (NEIPA) алк.7.5% / Диета неипа 1, ж/б 0,45л;;Алкогольная продукция>DIETA>DIETA  ж>б;7,50;;;NEIPA;6752723;;9553e843-7f4b-11f1-9bc3-000c296fac54
Заповедник "Заповедный Мёд с брусникой" (Mead - Cyser) алк. 5.8% / Заповедный мёд 1, бут. 0,33л;35;00-00022654;ЗАПОВЕДНЫЙ МЁД С БРУСНИКОЙ (бут. 0,33л);Заповедник;Товар;;296;4630442770122;кор. 20х0,33л ст. бут.;730;Заповедный Мёд с брусникой;Заповедный Мёд с брусникой;Заповедник "Заповедный Мёд с брусникой" (Mead - Cyser) алк. 5.8% / Заповедный мёд 1, бут. 0,33л;;Алкогольная продукция>Заповедник>Заповедник бут;5,80;;;Mead;6735097;;4313fa2e-6eec-11f1-9bbe-000c296fac54
4 Brewers "Гласность IPA [NO ALCO]" (Non-Alcoholic - IPA) алк. 0.5% / ИПЭ 2, ж/б 0,45л;72;00-00022709;ГЛАСНОСТЬ IPA [NO ALCO] (ж/б 0,45л);4 Brewers;Товар;;264;4680820156376;кор. 12х0,45л ж/б;180;Гласность IPA [NO ALCO];Гласность IPA [NO ALCO];4 Brewers "Гласность IPA [NO ALCO]" (Non-Alcoholic - IPA) алк. 0.5% / ИПЭ 2, ж/б 0,45л;;Алкогольная продукция>4 Brewers>4 Brewers б>а;0,50;;;Non Alco IPA;6752748;;8d3114f9-6fc1-11f1-9bbe-000c296fac54
4 Brewers "Гласность IPA [NO ALCO]" (Non-Alcoholic - IPA) алк. 0.5% / ИПЭ 2, ж/б 0,45л;72;00-00022709;ГЛАСНОСТЬ IPA [NO ALCO] (ж/б 0,45л);4 Brewers;Товар;;264;4680820156420;кор. 12х0,45л ж/б;180;Гласность IPA [NO ALCO];Гласность IPA [NO ALCO];4 Brewers "Гласность IPA [NO ALCO]" (Non-Alcoholic - IPA) алк. 0.5% / ИПЭ 2, ж/б 0,45л;;Алкогольная продукция>4 Brewers>4 Brewers б>а;0,50;;;Non Alco IPA;6752748;;8d3114f9-6fc1-11f1-9bbe-000c296fac54
4 Brewers "Гласность IPA [NO ALCO]" (Non-Alcoholic - IPA) алк. 0.5% / ИПЭ 2, ж/б 0,45л;72;00-00022709;ГЛАСНОСТЬ IPA [NO ALCO] (ж/б 0,45л);4 Brewers;Товар;;264;4680820156444;кор. 12х0,45л ж/б;180;Гласность IPA [NO ALCO];Гласность IPA [NO ALCO];4 Brewers "Гласность IPA [NO ALCO]" (Non-Alcoholic - IPA) алк. 0.5% / ИПЭ 2, ж/б 0,45л;;Алкогольная продукция>4 Brewers>4 Brewers б>а;0,50;;;Non Alco IPA;6752748;;8d3114f9-6fc1-11f1-9bbe-000c296fac54
Big Pot "Шарик ( Красный )" (Smoothie) алк. 6,5% / БИГПОТ СМУЗИ 18, ж/б 0,45л;88;00-00022723;ШАРИК ( КРАСНЫЙ ) (ж/б 0,45л);Big Pot;Товар;;359;4620402496643;кор. 12х0,45л ж/б;360;Шарик ( Красный );Шарик ( Красный );Big Pot "Шарик ( Красный )" (Smoothie) алк. 6,5% / БИГПОТ СМУЗИ 18, ж/б 0,45л;Новинка!;Алкогольная продукция>Big Pot>Big Pot ж>б;6,50;;;Smoothie;6764206;;9a724ed8-6fc6-11f1-9bbe-000c296fac54
Мантра "Bloody Karma" (Gose) алк 6.5% /Кислый напиток 6 ,ж/б 0,45л;84;00-00022749;BLOODY KARMA (ж/б 0,45л);Мантра;Товар;;341;4620478130465;кор. 20х0,45л ж/б;365;Bloody Karma;Bloody Karma;Мантра "Bloody Karma" (Gose) алк 6.5% /Кислый напиток 6 ,ж/б 0,45л;;Алкогольная продукция>Мантра>Мантра ж>б;6,50;;;Gose;3832811;;075b59f9-73aa-11f1-9bbe-000c296fac54
Blur Meadery “Классическая серия: Мёд с красной смородиной“ (Mead) алк.5,0% / БЛЮР 5, пэт кег 20л/шт;10;00-00021900;МЁД С КРАСНОЙ СМОРОДИНОЙ (пэт кег 20л/шт);BLUR;Товар;;0;4630522441720;пэт кег 20л/шт;365;Классическая серия: Мёд с красной смородиной;Классическая серия: Мёд с красной смородиной;Blur Meadery “Классическая серия: Мёд с красной смородиной“ (Mead) алк.5,0% / БЛЮР 5, пэт кег 20л/шт;;Алкогольная продукция>SVOI (Сергиев Посад)>Blur Meadery кег пэт;5;;;Mead;6576232;;6194b0e6-1d31-11f1-9bbb-000c296fac54
Ортодокс “ИПА Эльдорадо” (IPA) алк. 6,5% / ИПА 28, ж/б 0,45л;173;00-00021920;ИПА ЭЛЬДОРАДО (ж/б 0,45л);ОРТОДОКС;Товар;;233;4670161154247;кор. 12х0,45л ж/б;365;ИПА Эльдорадо;ИПА Эльдорадо;Ортодокс “ИПА Эльдорадо” (IPA) алк. 6,5% / ИПА 28, ж/б 0,45л;;Алкогольная продукция>SVOI (Сергиев Посад)>Ортодокс ж>б;6,50;50;16,50;IPA - American;5534519;;8424f73f-1e18-11f1-9bbb-000c296fac54
Ортодокс “ИПА Эльдорадо” (IPA) алк. 6,5% / ИПА 28, ж/б 0,45л;173;00-00021920;ИПА ЭЛЬДОРАДО (ж/б 0,45л);ОРТОДОКС;Товар;;233;4670161155633;кор. 12х0,45л ж/б;365;ИПА Эльдорадо;ИПА Эльдорадо;Ортодокс “ИПА Эльдорадо” (IPA) алк. 6,5% / ИПА 28, ж/б 0,45л;;Алкогольная продукция>SVOI (Сергиев Посад)>Ортодокс ж>б;6,50;50;16,50;IPA - American;5534519;;8424f73f-1e18-11f1-9bbb-000c296fac54
Nuclear Brewery"Горький опт:IPA на хмел SImcoe"(IPA)алк.6%/Нуклеар Горький опыт 1,ж/б0,45л;35;00-00021956;ГОРЬКИЙ ОПЫТ: IPA НА ХМЕЛЕ SIMCOE (ж/б 0,45л);Nuclear Brewery;Товар;;317;4620313031780;кор. 12х0,45л ж/б;365;Горький опыт: IPA на хмеле SImcoe;Горький опыт: IPA на хмеле SImcoe;Nuclear Brewery"Горький опт:IPA на хмел SImcoe"(IPA)алк.6%/Нуклеар Горький опыт 1,ж/б0,45л;;Алкогольная продукция>Nuclear Brewery;6;;;IPA;6599493;;699f9f54-2422-11f1-9bbc-000c296fac54
Plan B "Умысел" (Triple IPA) алк. 9,5% / План Б светлое-9, пэт кег 20л;20;00-00021985;УМЫСЕЛ (пэт кег 20л);Plan B;Товар;;527;4650139080693;пэт кег 20л;180;Умысел;Умысел;Plan B "Умысел" (Triple IPA) алк. 9,5% / План Б светлое-9, пэт кег 20л;;Алкогольная продукция>Plan B Brewery>Plan B Brewery кег;9,50;80;;Triple IPA;6629016;;c02b414c-2436-11f1-9bbc-000c296fac54
Rewort Brewery "Dessert Storm" (Extra Fruited Sour Ale) алк. 6,0% / ДЕСЕРТ ШТОРМ, ж/б 0,45л;899;00-00020088;DESSERT STORM (ж/б 0,45л);Rewort;Товар;;306;4670161155046;кор. 12х0,5л ж/б;365;Dessert Storm;Dessert Storm;Rewort Brewery "Dessert Storm" (Extra Fruited Sour Ale) алк. 6,0% / ДЕСЕРТ ШТОРМ, ж/б 0,45л;;Алкогольная продукция>SVOI (Сергиев Посад)>Rewort ж>б;6;8;25;Extra Fruited Sour Ale With Raspberry, Cucumber & Lime;4109870;36;d6032be6-688c-11f0-9baf-000c296fac54
Rewort Brewery "Dessert Storm" (Extra Fruited Sour Ale) алк. 6,0% / ДЕСЕРТ ШТОРМ, ж/б 0,45л;899;00-00020088;DESSERT STORM (ж/б 0,45л);Rewort;Товар;;306;4670161157989;кор. 12х0,5л ж/б;365;Dessert Storm;Dessert Storm;Rewort Brewery "Dessert Storm" (Extra Fruited Sour Ale) алк. 6,0% / ДЕСЕРТ ШТОРМ, ж/б 0,45л;;Алкогольная продукция>SVOI (Сергиев Посад)>Rewort ж>б;6;8;25;Extra Fruited Sour Ale With Raspberry, Cucumber & Lime;4109870;36;d6032be6-688c-11f0-9baf-000c296fac54
Ортодокс “Вишня” (Fruit Beer) алк. 4% / Свои Черри Нектар, ж/б 0,45л;106;00-00020304;ВИШНЯ (ж/б 0,45л);ОРТОДОКС;Товар;;222;4670161154148;кор. 12х0,45л ж/б;365;Вишня;Вишня;Ортодокс “Вишня” (Fruit Beer) алк. 4% / Свои Черри Нектар, ж/б 0,45л;;Алкогольная продукция>SVOI (Сергиев Посад)>Ортодокс ж>б;4;10;15;Fruit Beer;2380551;;7a751f2e-7847-11f0-9bb0-000c296fac54
Ортодокс “Вишня” (Fruit Beer) алк. 4% / Свои Черри Нектар, ж/б 0,45л;106;00-00020304;ВИШНЯ (ж/б 0,45л);ОРТОДОКС;Товар;;222;4670161155565;кор. 12х0,45л ж/б;365;Вишня;Вишня;Ортодокс “Вишня” (Fruit Beer) алк. 4% / Свои Черри Нектар, ж/б 0,45л;;Алкогольная продукция>SVOI (Сергиев Посад)>Ортодокс ж>б;4;10;15;Fruit Beer;2380551;;7a751f2e-7847-11f0-9bb0-000c296fac54
Край Земли "Полусухой" (Semi Dry Cider) алк. 5,5% / КРАЙ ЗЕМЛИ, бут. 0,33л;60;00-00020338;ПОЛУСУХОЙ (бут. 0,33л);Край Земли;Товар;;325;4627192388608;кор. 12х0,33л ст. бут.;1095;Полусухой;Полусухой;Край Земли "Полусухой" (Semi Dry Cider) алк. 5,5% / КРАЙ ЗЕМЛИ, бут. 0,33л;;Алкогольная продукция>Край Земли>Край земли бут;5,50;;;Semi Dry Cider;5716088;;8a5bc5b6-79a7-11f0-9bb0-000c296fac54
GANZA Brewery "STEREO MADNESS" (American IPA) алк. 7% / Ганза ипа 17, ж/б 0,45 л;5;00-00020375;STEREO MADNESS (ж/б 0,45);GANZA Brewery;Товар;;338;4670163075465;кор. 12х0,45л ж/б;360;STEREO MADNESS;STEREO MADNESS;GANZA Brewery "STEREO MADNESS" (American IPA) алк. 7% / Ганза ипа 17, ж/б 0,45 л;;Алкогольная продукция>GANZA Brewery>GANZA Brewery ж>б;7;50;;American IPA;6369031;;852a317c-7d93-11f0-9bb0-000c296fac54
Salden's "Citra & Mosaic Double IPA" (DIPA), алк. 8,5% / Цитра&Мозаика Дабл ИПА ж/б 0,45л;25;00-00017737;CITRA & MOSAIC DOUBLE IPA (ж/б 0,45л);Salden's;Товар;Citra & Mosaic DIPA / Extra Hops Series;296;4620085786079;кор. 20х0,45л ж/б;180;Citra & Mosaic Double IPA;Citra & Mosaic Double IPA;Salden's "Citra & Mosaic Double IPA" (DIPA), алк. 8,5% / Цитра&Мозаика Дабл ИПА ж/б 0,45л;;Алкогольная продукция>Saldens>Salden's ж>б;8,50;100;18,50;IPA - Imperial / Double;1076085;;3e3abe0e-c363-11ef-8216-000c29bc6f5e
Magic Mess "LOVE ME" (Fruited Sour Ale) алк.5.5% / Мэджик Месс Лав ми, ж/б 0,45л (фас.12);12;00-00017862;LOVE ME (ж/б 0,45л) (фас.12);Magic Mess;Товар;;359;4678907716278;кор. 12х0,45л ж/б;365;LOVE ME;LOVE ME;Magic Mess "LOVE ME" (Fruited Sour Ale) алк.5.5% / Мэджик Месс Лав ми, ж/б 0,45л (фас.12);;Алкогольная продукция>Magic Mess>Magic Mess ж>б;5,50;;;Fruited Sour Ale;4798231;;1847983c-d3e5-11ef-821a-000c29bc6f5e
Ostrovica "GOSE" (Gose) алк. 5,0% / Островица гозе, ж/б 0,45л;10;00-00017925;GOSE (ж/б 0,45л);Ostrovica Brewery;Товар;Фрукты: Манго, малина;278;4640205264737;кор. 20х0,45л ж/б;360;GOSE;GOSE;Ostrovica "GOSE" (Gose) алк. 5,0% / Островица гозе, ж/б 0,45л;;Алкогольная продукция>Ostrovica (Аша)>Ostrovica ж>б;5;;;Gose;4516626;;5065e7f3-da50-11ef-821f-000c29bc6f5e
Ostrovica "GOSE" (Gose) алк. 5,0% / Островица гозе, ж/б 0,45л;10;00-00017925;GOSE (ж/б 0,45л);Ostrovica Brewery;Товар;Фрукты: Манго, малина;278;4640205264942;кор. 20х0,45л ж/б;360;GOSE;GOSE;Ostrovica "GOSE" (Gose) алк. 5,0% / Островица гозе, ж/б 0,45л;;Алкогольная продукция>Ostrovica (Аша)>Ostrovica ж>б;5;;;Gose;4516626;;5065e7f3-da50-11ef-821f-000c29bc6f5e
Chibis "Pils After Work" (Pilsner), алк. 5.7% / Пилс Афте Ворк, ж/б 0,45л;21;00-00018053;PILS AFTER WORK (ж/б 0,45л);CHIBIS Brewery;Товар;;258;4640233771344;кор. 06х0,45л ж/б;365;Pils After Work;Pils After Work;Chibis "Pils After Work" (Pilsner), алк. 5.7% / Пилс Афте Ворк, ж/б 0,45л;;Алкогольная продукция>CHIBIS Brewery>CHIBIS Brewery стекло > жб;5,70;;;Pilsner;3374041;;369549f4-e2df-11ef-8221-000c29bc6f5e
Chibis "Pils After Work" (Pilsner), алк. 5.7% / Пилс Афте Ворк, ж/б 0,45л;21;00-00018053;PILS AFTER WORK (ж/б 0,45л);CHIBIS Brewery;Товар;;258;4640233772457;кор. 06х0,45л ж/б;365;Pils After Work;Pils After Work;Chibis "Pils After Work" (Pilsner), алк. 5.7% / Пилс Афте Ворк, ж/б 0,45л;;Алкогольная продукция>CHIBIS Brewery>CHIBIS Brewery стекло > жб;5,70;;;Pilsner;3374041;;369549f4-e2df-11ef-8221-000c29bc6f5e
Rewort Brewery "Каскад" (Lager - Polotmav? (Czech Amber)) алк. 5,1% / ЛАГЕР 15 , ж/б 0,45л;612;00-00022888;КАСКАД (ж/б 0,45л);Rewort;Товар;;243;4630522440174;кор. 12х0,45л ж/б;365;Каскад;Каскад;Rewort Brewery "Каскад" (Lager - Polotmav? (Czech Amber)) алк. 5,1% / ЛАГЕР 15 , ж/б 0,45л;Новинка!;Алкогольная продукция>SVOI (Сергиев Посад)>Rewort ж>б;5,10;;;Lager - Czech Pale;6764110;;95eee495-8048-11f1-9bc3-000c296fac54
Rewort Brewery "Каскад" (Lager - Polotmav? (Czech Amber)) алк. 5,1% / ЛАГЕР 15 , ж/б 0,45л;612;00-00022888;КАСКАД (ж/б 0,45л);Rewort;Товар;;243;4630522442581;кор. 12х0,45л ж/б;365;Каскад;Каскад;Rewort Brewery "Каскад" (Lager - Polotmav? (Czech Amber)) алк. 5,1% / ЛАГЕР 15 , ж/б 0,45л;Новинка!;Алкогольная продукция>SVOI (Сергиев Посад)>Rewort ж>б;5,10;;;Lager - Czech Pale;6764110;;95eee495-8048-11f1-9bc3-000c296fac54
Brewlok "PartyHop: Mosaic" (Double IPA) алк. 6.9% / Эль 57, пэт кег 20л;20;00-00022931;PARTYHOP: MOSAIC (пэт кег 20л);Brewlok;Товар;;527;4640437583347;пэт кег 20л;366;PartyHop: Mosaic;PartyHop: Mosaic;Brewlok "PartyHop: Mosaic" (Double IPA) алк. 6.9% / Эль 57, пэт кег 20л;;Алкогольная продукция>Brewlok (Воронеж)>Brewlok кег;6,90;;;Double IPA;6700841;;67fdd5dd-810c-11f1-9bc3-000c296fac54
Duck Cider "Лесные Ягоды" (Fruit Cider) алк. 5,5% /ДАК САЙДЕР Лесные ягоды", бут. 0,5л;46;00-00022947;ЛЕСНЫЕ ЯГОДЫ (бут. 0,5л);Сидродельня Леонида Леврана;Товар;;311;4603728537689;кор. 12х0,5л ст. бут.;720;Лесные Ягоды;Лесные Ягоды;Duck Cider "Лесные Ягоды" (Fruit Cider) алк. 5,5% /ДАК САЙДЕР Лесные ягоды", бут. 0,5л;;Алкогольная продукция>Сидродельня Леонида Леврана>Duck Cider;5,50;;;Cider;6698920;;81715d4b-840b-11f1-9bc3-000c296fac54
White Stone "На районе" (India Pale Ale) алк. 6% / ВС ИПА 3, пэт кег 20л;20;00-00022973;НА РАЙОНЕ (пэт кег 20л);White Stone;Товар;;437;4640229753408;пэт кег 20л;365;На районе;На районе;White Stone "На районе" (India Pale Ale) алк. 6% / ВС ИПА 3, пэт кег 20л;;Алкогольная продукция>White Stonе>White Stonе кег;6;73;;India Pale Ale;6781056;;0150d749-85a5-11f1-9bc3-000c296fac54
DIETA "Синьор Помидор и Внучек Черный Перец"  (Tomato Gose) алк.5%/Брюмен гозе 9,ж/б 0,45л;195;00-00022013;СИНЬОР ПОМИДОР И ВНУЧЕК ЧЕРНЫЙ ПЕРЕЦ (ж/б 0,45л);DIETA;Товар;;318;4620402494656;кор. 20х0,45л ж/б;360;Синьор Помидор и Внучек Чeрный Перец;Синьор Помидор и Внучек Чeрный Перец;DIETA "Синьор Помидор и Внучек Черный Перец"  (Tomato Gose) алк.5%/Брюмен гозе 9,ж/б 0,45л;;Алкогольная продукция>DIETA>DIETA  ж>б;5;;;Tomato Gose;6619601;;f143f27f-282e-11f1-9bbc-000c296fac54
4 Brewers "Заготовка" (Tomato Gose) алк. 5.5% /Гозе 17, ж/б 0,45л;10;00-00022049;ЗАГОТОВКА (ж/б 0,45л);4 Brewers;Товар;;269;4680820153733;кор. 12х0,45л ж/б;180;Заготовка;Заготовка;4 Brewers "Заготовка" (Tomato Gose) алк. 5.5% /Гозе 17, ж/б 0,45л;;Алкогольная продукция>4 Brewers>4 Brewers ж>б;5,50;;;Tomato Gose;6646309;;42d875fc-29d9-11f1-9bbc-000c296fac54
4 Brewers "Заготовка" (Tomato Gose) алк. 5.5% /Гозе 17, ж/б 0,45л;10;00-00022049;ЗАГОТОВКА (ж/б 0,45л);4 Brewers;Товар;;269;4680820153771;кор. 12х0,45л ж/б;180;Заготовка;Заготовка;4 Brewers "Заготовка" (Tomato Gose) алк. 5.5% /Гозе 17, ж/б 0,45л;;Алкогольная продукция>4 Brewers>4 Brewers ж>б;5,50;;;Tomato Gose;6646309;;42d875fc-29d9-11f1-9bbc-000c296fac54
Rewort Brewery "Солнце Калифорнии" (IPA - American) алк. 6,5% / ОХМЕЛЕННОЕ 4 , ж/б 0,45л;486;00-00022083;СОЛНЦЕ КАЛИФОРНИИ (ж/б 0,45л);Rewort;Товар;;285;4630522441676;кор. 12х0,45л ж/б;365;Солнце Калифорнии;Солнце Калифорнии;Rewort Brewery "Солнце Калифорнии" (IPA - American) алк. 6,5% / ОХМЕЛЕННОЕ 4 , ж/б 0,45л;Новинка!;Алкогольная продукция>SVOI (Сергиев Посад)>Rewort ж>б;6,50;15;55;American IPA;6622287;12;51a57e7e-2e94-11f1-9bbc-000c296fac54
Rewort Brewery "Солнце Калифорнии" (IPA - American) алк. 6,5% / ОХМЕЛЕННОЕ 4 , ж/б 0,45л;486;00-00022083;СОЛНЦЕ КАЛИФОРНИИ (ж/б 0,45л);Rewort;Товар;;285;4670161159792;кор. 12х0,45л ж/б;365;Солнце Калифорнии;Солнце Калифорнии;Rewort Brewery "Солнце Калифорнии" (IPA - American) алк. 6,5% / ОХМЕЛЕННОЕ 4 , ж/б 0,45л;Новинка!;Алкогольная продукция>SVOI (Сергиев Посад)>Rewort ж>б;6,50;15;55;American IPA;6622287;12;51a57e7e-2e94-11f1-9bbc-000c296fac54
Rewort Brewery "Hazy Shade of Summer" (Hazy IPA) алк. 6,5% / ХЭЙЗИ ШЕЙД ОФ САММЕР, пэт кег 20л/шт;58;00-00022107;HAZY SHADE OF SUMMER (пэт кег 20л/шт);Rewort;Товар;;0;4670161158498;пэт кег 20л/шт;365;Hazy Shade of Summer;Hazy Shade of Summer;Rewort Brewery "Hazy Shade of Summer" (Hazy IPA) алк. 6,5% / ХЭЙЗИ ШЕЙД ОФ САММЕР, пэт кег 20л/шт;Новинка!;Алкогольная продукция>SVOI (Сергиев Посад)>Rewort кег пэт;6,50;25;16,50;Hazy IPA with Tangerine;2367269;10;cbee5b63-33e1-11f1-9bbc-000c296fac54
Ортодокс “Хеллес” (Helles) алк. 4,2% / Хеллес, ж/б 0,45л;121;00-00020403;ХЕЛЛЕС (ж/б 0,45л);ОРТОДОКС;Товар;;206;4670161155794;кор. 12х0,45л ж/б;365;Хеллес;Хеллес;Ортодокс “Хеллес” (Helles) алк. 4,2% / Хеллес, ж/б 0,45л;;Алкогольная продукция>SVOI (Сергиев Посад)>Ортодокс ж>б;4,20;16;11,30;Helles;5542058;;71b0b711-7e92-11f0-9bb0-000c296fac54
Ортодокс “Хеллес” (Helles) алк. 4,2% / Хеллес, ж/б 0,45л;121;00-00020403;ХЕЛЛЕС (ж/б 0,45л);ОРТОДОКС;Товар;;206;4670161159259;кор. 12х0,45л ж/б;365;Хеллес;Хеллес;Ортодокс “Хеллес” (Helles) алк. 4,2% / Хеллес, ж/б 0,45л;;Алкогольная продукция>SVOI (Сергиев Посад)>Ортодокс ж>б;4,20;16;11,30;Helles;5542058;;71b0b711-7e92-11f0-9bb0-000c296fac54
Brewlok "Иванушка" (Lager) алк. 5,2% / Нью 16, ж/б 0,45л;6;00-00020459;ИВАНУШКА (ж/б 0,45л);Brewlok;Товар;;275;4640106808917;кор. 12х0,45л ж/б;366;Иванушка;Иванушка;Brewlok "Иванушка" (Lager) алк. 5,2% / Нью 16, ж/б 0,45л;;Алкогольная продукция>Brewlok (Воронеж)>Brewlok ж>б;5,20;;;Lager;6180780;;5852df8b-849f-11f0-9bb0-000c296fac54
Заповедник "Компромисс" (Semi-Dry Cider) алк. 5% / Заповедник 1, бут. 0,45л;25;00-00020541;КОМПРОМИСС (бут. 0,45л);Заповедник;Товар;;317;4603759677972;кор. 20х0,45л ст. бут.;730;Компромисс;Компромисс;Заповедник "Компромисс" (Semi-Dry Cider) алк. 5% / Заповедник 1, бут. 0,45л;;Алкогольная продукция>Заповедник>Заповедник бут;5;;;Semi Dry Cider;6377280;;c0510532-8a3d-11f0-9bb0-000c296fac54
Brewmen "LAGER" (Lager) алк. 5% / Брюмен лагер, ж/б 0,45л;5;00-00020575;LAGER  (ж/б 0,45л);Brewmen;Товар;;265;4620402490108;кор. 20х0,45л ж/б;360;LAGER;LAGER;Brewmen "LAGER" (Lager) алк. 5% / Брюмен лагер, ж/б 0,45л;;Алкогольная продукция>Brewmen>Brewmen ж>б, бут;5;20;;Lager;3219059;;42e9921c-8e26-11f0-9bb0-000c296fac54
GANZA Brewery "TRAFFIC JAM" (American IPA) алк. 7% /Ганза Траффик Джем, ж/б 0,45 л;23;00-00018088;TRAFFIC JAM (ж/б 0,45);GANZA Brewery;Товар;;332;4670163073638;кор. 12х0,45л ж/б;360;TRAFFIC JAM;TRAFFIC JAM;GANZA Brewery "TRAFFIC JAM" (American IPA) алк. 7% /Ганза Траффик Джем, ж/б 0,45 л;;Алкогольная продукция>GANZA Brewery>GANZA Brewery ж>б;7;40;;American IPA;5605193;;c99951ec-e482-11ef-8221-000c29bc6f5e
Salden's "Cold Double IPA" (COLD IPA) алк, 8,5% /Колд Дабл ИПА , жб, 0,45л;12;00-00018164;COLD DOUBLE IPA (жб. 0,45л);Salden's;Товар;;296;4620085784761;кор. 20х0,45л ж/б;180;Cold Double IPA;Cold Double IPA;Salden's "Cold Double IPA" (COLD IPA) алк, 8,5% /Колд Дабл ИПА , жб, 0,45л;;Алкогольная продукция>Saldens>Salden's ж>б;8,50;100;;Hazy New England Pale Ale;5274158;;a67d0d9b-e950-11ef-8221-000c29bc6f5e
Ostrovica "Weizen" (Hefeweizen) алк. 4.5% / Островица Вайцен, ж/б 0,45л;55;00-00018248;WEIZEN (ж/б 0,45л);Ostrovica Brewery;Товар;;267;4640205264850;кор. 20х0,45л ж/б;360;Weizen;Weizen;Ostrovica "Weizen" (Hefeweizen) алк. 4.5% / Островица Вайцен, ж/б 0,45л;;Алкогольная продукция>Ostrovica (Аша)>Ostrovica ж>б;4,50;;;Wheat Beer;3768139;;7f91e39b-f2b6-11ef-8222-000c29bc6f5e
Ostrovica "Weizen" (Hefeweizen) алк. 4.5% / Островица Вайцен, ж/б 0,45л;55;00-00018248;WEIZEN (ж/б 0,45л);Ostrovica Brewery;Товар;;267;4640205265055;кор. 20х0,45л ж/б;360;Weizen;Weizen;Ostrovica "Weizen" (Hefeweizen) алк. 4.5% / Островица Вайцен, ж/б 0,45л;;Алкогольная продукция>Ostrovica (Аша)>Ostrovica ж>б;4,50;;;Wheat Beer;3768139;;7f91e39b-f2b6-11ef-8222-000c29bc6f5e
Rewort Brewery “Popcorn Trick” (Flavored Stout) алк. 6.9% / ПОПКОРН ТРИК, ж/б 0,45л;773;00-00018306;POPCORN TRICK (ж/б 0,45л);Rewort;Товар;;248;4670161156555;кор. 12х0,45л ж/б;365;Popcorn Trick;Popcorn Trick;Rewort Brewery “Popcorn Trick” (Flavored Stout) алк. 6.9% / ПОПКОРН ТРИК, ж/б 0,45л;Акция;Алкогольная продукция>SVOI (Сергиев Посад)>Rewort ж>б;6,90;10;20;Flavored Stout;5954074;75;eff23381-f510-11ef-8223-000c29bc6f5e
Rewort Brewery “Popcorn Trick” (Flavored Stout) алк. 6.9% / ПОПКОРН ТРИК, ж/б 0,45л;773;00-00018306;POPCORN TRICK (ж/б 0,45л);Rewort;Товар;;248;4670161156739;кор. 12х0,45л ж/б;365;Popcorn Trick;Popcorn Trick;Rewort Brewery “Popcorn Trick” (Flavored Stout) алк. 6.9% / ПОПКОРН ТРИК, ж/б 0,45л;Акция;Алкогольная продукция>SVOI (Сергиев Посад)>Rewort ж>б;6,90;10;20;Flavored Stout;5954074;75;eff23381-f510-11ef-8223-000c29bc6f5e
Black Cat "Старина" (Extra Pale Ale), алк. 6.3% / БЛЭК КЭТ ИПА 1125, ж/б 0,45л;20;00-00022985;СТАРИНА (ж/б 0,45л);Black Cat;Товар;;311;4650300022712;кор. 12х0,45л ж/б;360;Старина;Старина;Black Cat "Старина" (Extra Pale Ale), алк. 6.3% / БЛЭК КЭТ ИПА 1125, ж/б 0,45л;;Алкогольная продукция>Black Cat Brewery>Black Cat Brewery стекло > жб;6,30;40;;Extra Pale Ale;6790373;;59a7a56f-865c-11f1-9bc3-000c296fac54
Zavod "Triad" (Sour  Smoothie) алк. 5.2% / Саур Эль 1, ж/б  0,45л;45;00-00022993;TRIAD (ж/б  0,45л);Zavod Brewery;Товар;;348;4607967293047;кор. 20х0,45л ж/б;360;Triad;Triad;Zavod "Triad" (Sour  Smoothie) алк. 5.2% / Саур Эль 1, ж/б  0,45л;;Алкогольная продукция>Zavod Brewery>Zavod Brewery ж>б;5,20;15;;Sour  Smoothie;6793424;;198578e4-8668-11f1-9bc3-000c296fac54
Red Rocket "HOWL" (IPA) алк. 7% /РЕД РОКЕТ СПЕШЛ БИР, ж/б 0,45л;40;00-00023006;HOWL (ж/б 0,45л);Red Rocket;Товар;;341;4640229932797;кор. 20х0,45л ж/б;360;ДЕФЕНЕСТРАЦИЯ;ДЕФЕНЕСТРАЦИЯ;Red Rocket "HOWL" (IPA) алк. 7% /РЕД РОКЕТ СПЕШЛ БИР, ж/б 0,45л;;Алкогольная продукция>Red Rocket Brewery>Red Rocket ж>б;8;40;;SOUR DIPA;6728069;;f7d88459-8b3f-11f1-9bc3-000c296fac54
Plan B "Robot Unicorn Defense" (New England Hazy IPA) алк. 6,7% / Робот Юникорн, пэт кег 20л;60;00-00023020;ROBOT UNICORN DEFENSE (пэт кег 20л);Plan B;Товар;;474;4650139082055;пэт кег 20л;180;Robot Unicorn Defense;Robot Unicorn Defense;Plan B "Robot Unicorn Defense" (New England Hazy IPA) алк. 6,7% / Робот Юникорн, пэт кег 20л;;Алкогольная продукция>Plan B Brewery>Plan B Brewery кег;6,70;40;;New England Hazy IPA;6773464;;15abc620-8be6-11f1-9bc3-000c296fac54
Coma Brewery “Жмурки” (Extra Fruited Sour Ale) алк. 5,1%  / ЖМУРКИ, ж/б 0,45л;237;00-00021205;ЖМУРКИ (ж/б 0,45л);Coma Brewery;Товар;;317;4670161154032;кор. 12х0,45л ж/б;365;Жмурки;Жмурки;Coma Brewery “Жмурки” (Extra Fruited Sour Ale) алк. 5,1%  / ЖМУРКИ, ж/б 0,45л;;Алкогольная продукция>SVOI (Сергиев Посад)>Coma Brewery>Coma Brewery ж>б;5,10;;;Extra Fruited Sour Ale;4985428;;fb1e705c-c937-11f0-9bb2-000c296fac54
Coma Brewery “Жмурки” (Extra Fruited Sour Ale) алк. 5,1%  / ЖМУРКИ, ж/б 0,45л;237;00-00021205;ЖМУРКИ (ж/б 0,45л);Coma Brewery;Товар;;317;4670161157033;кор. 12х0,45л ж/б;365;Жмурки;Жмурки;Coma Brewery “Жмурки” (Extra Fruited Sour Ale) алк. 5,1%  / ЖМУРКИ, ж/б 0,45л;;Алкогольная продукция>SVOI (Сергиев Посад)>Coma Brewery>Coma Brewery ж>б;5,10;;;Extra Fruited Sour Ale;4985428;;fb1e705c-c937-11f0-9bb2-000c296fac54
Mitra Brewing Co. "Smolensk" (Lager) алк 4,2% /Митра Лагер Смоленск, пэт кег 20л;20;00-00021236;SMOLENSK (пэт кег 20л);Mitra Brewing Co.;Товар;;469;4610259471276;пэт кег 20л;365;Smolensk;Smolensk;Mitra Brewing Co. "Smolensk" (Lager) алк 4,2% /Митра Лагер Смоленск, пэт кег 20л;;Алкогольная продукция>Mitra Brewing Co.>Mitra Brewing Co. кег;4,20;11;;Lager;6453137;;ce9d6fae-ca09-11f0-9bb2-000c296fac54
Rewort Brewery "Dulce Vida" (Mead - Bochetl) алк. 6,0 % / МЕДОВУХА 2, ж/б 0,45л;40;00-00021297;DULCE VIDA (ж/б 0,45л);Rewort;Товар;;259;4630522440662;кор. 12х0,45л ж/б;365;Dulce Vida;Dulce Vida;Rewort Brewery "Dulce Vida" (Mead - Bochetl) алк. 6,0 % / МЕДОВУХА 2, ж/б 0,45л;Новинка!;Алкогольная продукция>SVOI (Сергиев Посад)>Rewort ж>б;;;14;Mead - Bochet;6489393;5;817a3b2e-d035-11f0-9bb2-000c296fac54
Rewort Brewery "Dulce Vida" (Mead - Bochetl) алк. 6,0 % / МЕДОВУХА 2, ж/б 0,45л;40;00-00021297;DULCE VIDA (ж/б 0,45л);Rewort;Товар;;259;4670161159297;кор. 12х0,45л ж/б;365;Dulce Vida;Dulce Vida;Rewort Brewery "Dulce Vida" (Mead - Bochetl) алк. 6,0 % / МЕДОВУХА 2, ж/б 0,45л;Новинка!;Алкогольная продукция>SVOI (Сергиев Посад)>Rewort ж>б;;;14;Mead - Bochet;6489393;5;817a3b2e-d035-11f0-9bb2-000c296fac54
Chibis "Стартер (Starter)" (American Pale Ale), алк. 5,3%, / Нью Хоп, ж/б 0,45л;44;00-00018746;СТАРТЕР (STARTER) (ж/б 0,45л);CHIBIS Brewery;Товар;;285;4640233771306;кор. 06х0,45л ж/б;365;Стартер (Starter);Стартер (Starter);Chibis "Стартер (Starter)" (American Pale Ale), алк. 5,3%, / Нью Хоп, ж/б 0,45л;;Алкогольная продукция>CHIBIS Brewery>CHIBIS Brewery стекло > жб;5,30;40;;American Pale Ale;5113077;;b61f1c30-145c-11f0-822e-000c29bc6f5e
Chibis "Стартер (Starter)" (American Pale Ale), алк. 5,3%, / Нью Хоп, ж/б 0,45л;44;00-00018746;СТАРТЕР (STARTER) (ж/б 0,45л);CHIBIS Brewery;Товар;;285;4640233772426;кор. 06х0,45л ж/б;365;Стартер (Starter);Стартер (Starter);Chibis "Стартер (Starter)" (American Pale Ale), алк. 5,3%, / Нью Хоп, ж/б 0,45л;;Алкогольная продукция>CHIBIS Brewery>CHIBIS Brewery стекло > жб;5,30;40;;American Pale Ale;5113077;;b61f1c30-145c-11f0-822e-000c29bc6f5e
Salden's "Cherry Ale" (Fruit Beer) алк.6% / Салденс Вишневый Эль,ж/б 0,45л;30;00-00018788;CHERRY ALE (ж/б 0,45л);Salden's;Товар;;275;4620085785041;кор. 20х0,45л ж/б;180;Cherry Ale;Cherry Ale;Salden's "Cherry Ale" (Fruit Beer) алк.6% / Салденс Вишневый Эль,ж/б 0,45л;;Алкогольная продукция>Saldens>Salden's ж>б;6;;;Fruit Beer;1757019;;16cb3a16-1601-11f0-9ba8-000c296fac54
Сider House "Double Tree Red Apple" (Semi Sweet Cider), алк. 5,6% / Дабл Три, бут 0,45л;100;00-00018929;DOUBLE TREE RED APPLE (бут 0,45л);Cider House;Товар;;180;4680140430705;кор. 12х0,45л ст бут.;730;Double Tree Red Apple;Double Tree Red Apple;Сider House "Double Tree Red Apple" (Semi Sweet Cider), алк. 5,6% / Дабл Три, бут 0,45л;;Алкогольная продукция>Cider House>Double Tree бут;5,60;;;Semi Sweet Cider;4460697;;570cc7a8-1f51-11f0-9baa-000c296fac54
Сider House "Double Tree Red Apple" (Semi Sweet Cider), алк. 5,6% / Дабл Три, бут 0,45л;100;00-00018929;DOUBLE TREE RED APPLE (бут 0,45л);Cider House;Товар;;180;4680140431856;кор. 12х0,45л ст бут.;730;Double Tree Red Apple;Double Tree Red Apple;Сider House "Double Tree Red Apple" (Semi Sweet Cider), алк. 5,6% / Дабл Три, бут 0,45л;;Алкогольная продукция>Cider House>Double Tree бут;5,60;;;Semi Sweet Cider;4460697;;570cc7a8-1f51-11f0-9baa-000c296fac54
Sabotage "Sour Habit" (Fruited Berliner Weisse), алк. 4,5% / Саур Хэбит, ж/б 0,45;4;00-00019027;SOUR HABIT (ж/б 0,45л);Sabotage Brewery;Товар;;343;4620235851893;кор. 20х0,45л ж/б;365;Sour Habit;Sour Habit;Sabotage "Sour Habit" (Fruited Berliner Weisse), алк. 4,5% / Саур Хэбит, ж/б 0,45;;Алкогольная продукция>Sabotage Brewery>Sabotage ж>б;4,50;;;Fruited Berliner Weisse;5345371;;c4d7b5c8-240d-11f0-9baa-000c296fac54
Ability “Outer Shine” (West Coast IPA) алк.7% / Абилити 19, ж/б 0,45л;783;00-00020648;OUTER SHINE (ж/б 0,45л);Ability;Товар;;422;4670161154193;кор. 12х0,45л ж/б;365;Outer Shine;Outer Shine;Ability “Outer Shine” (West Coast IPA) алк.7% / Абилити 19, ж/б 0,45л;;Алкогольная продукция>SVOI (Сергиев Посад)>Ability ж>б;7;;;West Coast IPA;6432003;;7fda8a74-97c1-11f0-9bb0-000c296fac54
Ability “Outer Shine” (West Coast IPA) алк.7% / Абилити 19, ж/б 0,45л;783;00-00020648;OUTER SHINE (ж/б 0,45л);Ability;Товар;;422;4670161159150;кор. 12х0,45л ж/б;365;Outer Shine;Outer Shine;Ability “Outer Shine” (West Coast IPA) алк.7% / Абилити 19, ж/б 0,45л;;Алкогольная продукция>SVOI (Сергиев Посад)>Ability ж>б;7;;;West Coast IPA;6432003;;7fda8a74-97c1-11f0-9bb0-000c296fac54
Magic Mess "Арбузяка" (Berliner Weisse) алк.4% / Мэджик Месс Берлинер вайссе версия 1, ж/б 0,45л;17;00-00020683;АРБУЗЯКА (ж/б 0,45л);Magic Mess;Товар;;333;4660508891355;кор. 12х0,45л ж/б;365;Арбузяка;Арбузяка;Magic Mess "Арбузяка" (Berliner Weisse) алк.4% / Мэджик Месс Берлинер вайссе версия 1, ж/б 0,45л;;Алкогольная продукция>Magic Mess>Magic Mess ж>б;4;;;Fruited Berliner Weisse;6206634;;04b44484-994f-11f0-9bb0-000c296fac54
Zavod "Ticket To Dublin" (Stout ) алк. 4,3% / Тикет ту Дублин, ж/б  0,45л;38;00-00020742;TICKET TO DUBLIN (ж/б 0,45л);Zavod Brewery;Товар;;311;4607967292767;кор. 20х0,45л ж/б;360;Ticket To Dublin;Ticket To Dublin;Zavod "Ticket To Dublin" (Stout ) алк. 4,3% / Тикет ту Дублин, ж/б  0,45л;;Алкогольная продукция>Zavod Brewery>Zavod Brewery ж>б;4,30;35;;Stout;6072369;;c8676ee8-9eb3-11f0-9bb0-000c296fac54
Rewort Brewery "Sacred Duality" (Double Milk Stout) алк. 6,9% / САКРЕД ДУАЛИТИ, пэт кег 20л/шт;11;00-00020838;SACRED DUALITY (пэт кег 20л/шт);Rewort;Товар;Двойной молочный стаут с добавлением белого шоколада, лактозы и сливок. Крепкое, но мягкое, буквально обволакивающее своей шоколадной сливочностью пиво.;0;4670161159006;пэт кег 20л/шт;365;Sacred Duality;Sacred Duality;Rewort Brewery "Sacred Duality" (Double Milk Stout) алк. 6,9% / САКРЕД ДУАЛИТИ, пэт кег 20л/шт;;Алкогольная продукция>SVOI (Сергиев Посад)>Rewort кег пэт;6,90;27;27,30;Double Milk Stout;3620920;131;7387b808-a99c-11f0-9bb1-000c296fac54
GANZA Brewery "TIME MACHINE" (Double New England IPA) алк.8% / Ганза Тайм Машин, ж/б 0,45 л;55;00-00018377;TIME MACHINE (ж/б 0,45);GANZA Brewery;Товар;;381;4670163073843;кор. 12х0,45л ж/б;360;TIME MACHINE;TIME MACHINE;GANZA Brewery "TIME MACHINE" (Double New England IPA) алк.8% / Ганза Тайм Машин, ж/б 0,45 л;;Алкогольная продукция>GANZA Brewery>GANZA Brewery ж>б;8;30;;Double New England IPA;5899762;;42aea9d8-fa71-11ef-8224-000c29bc6f5e
Plague Brew "Forester" (Sour - Other Gose) / Форестер 1 , алк. 5.2%, ж/б 0,45л;37;00-00018397;FORESTER (ж/б 0,45л);Plague Brew;Товар;;366;4660512524461;кор. 06х0,45л ж/б;730;Forester;Forester;Plague Brew "Forester" (Sour - Other Gose) / Форестер 1 , алк. 5.2%, ж/б 0,45л;;Алкогольная продукция>Plague Brew>Plague Brew ж>б бут;5,20;7;;Gose;4201479;;02ca4d06-fb2c-11ef-8224-000c29bc6f5e
4 Brewers "Ути-Пути [Лимонный пломбир]" (Fruited Sour Ale) алк. 6% / Саур эль 8, ж/б 0,45л;42;00-00018462;УТИ-ПУТИ [ЛИМОННЫЙ ПЛОМБИР] (ж/б 0,45л);4 Brewers;Товар;;338;4680820152798;кор. 12х0,45л ж/б;270;Ути-Пути [Лимонный пломбир];Ути-Пути [Лимонный пломбир];4 Brewers "Ути-Пути [Лимонный пломбир]" (Fruited Sour Ale) алк. 6% / Саур эль 8, ж/б 0,45л;;Алкогольная продукция>4 Brewers>4 Brewers ж>б;6;;;Sour - Fruited;6186902;;8f248155-fe80-11ef-8224-000c29bc6f5e
4 Brewers "Ути-Пути [Лимонный пломбир]" (Fruited Sour Ale) алк. 6% / Саур эль 8, ж/б 0,45л;42;00-00018462;УТИ-ПУТИ [ЛИМОННЫЙ ПЛОМБИР] (ж/б 0,45л);4 Brewers;Товар;;338;4680820152866;кор. 12х0,45л ж/б;270;Ути-Пути [Лимонный пломбир];Ути-Пути [Лимонный пломбир];4 Brewers "Ути-Пути [Лимонный пломбир]" (Fruited Sour Ale) алк. 6% / Саур эль 8, ж/б 0,45л;;Алкогольная продукция>4 Brewers>4 Brewers ж>б;6;;;Sour - Fruited;6186902;;8f248155-fe80-11ef-8224-000c29bc6f5e
WS Brew "M?nchen" (Lager) алк. 4.5% / ВС Мюнхен , пэт кег 20л;100;00-00018506;M?NCHEN (пэт кег 20л);WS Brew;Товар;;306;4640229751107;пэт кег 20л;365;M?nchen;M?nchen;WS Brew "M?nchen" (Lager) алк. 4.5% / ВС Мюнхен , пэт кег 20л;;Алкогольная продукция>White Stonе>WS Brew кег;4,50;12;;Lager;5060416;;10905b7f-03d0-11f0-8227-000c29bc6f5e
Sabotage "Лунная Нефть" (Double Imperial Stout ),алк. 8% / САБОТАЖ Лунная Нефть, ж/б 0,45;28;00-00022235;ЛУННАЯ НЕФТЬ (ж/б 0,45л);Sabotage Brewery;Товар;;353;4620235853590;кор. 20х0,45л ж/б;365;Лунная Нефть;Лунная Нефть;Sabotage "Лунная Нефть" (Double Imperial Stout ),алк. 8% / САБОТАЖ Лунная Нефть, ж/б 0,45;;Алкогольная продукция>Sabotage Brewery>Sabotage ж>б;8;25;;Double Imperial Stout;4032060;;d4577364-4471-11f1-9bbc-000c296fac54
Selfmade "Sunscity Groove" (American Pale Ale) алк. 5% / СБ АРА 1, ж/б 0,45л;10;00-00022252;SUNSCITY GROOVE (ж/б 0,45л);Selfmade;Товар;;306;4640235994468;кор. 12х0,45л ж/б;363;Sunscity Groove;Sunscity Groove;Selfmade "Sunscity Groove" (American Pale Ale) алк. 5% / СБ АРА 1, ж/б 0,45л;;Алкогольная продукция>Selfmade>Selfmade ж>б;5;35;;American Pale Ale;6689742;;2cf0a449-488d-11f1-9bbc-000c296fac54
Mister Bee "Cherry Banana" (Mead) алк. 5% / Мистер БИ, пэт кег 30л;60;00-00022282;MISTER BEE CHERRY BANANA (пэт кег 30л);Cider House;Товар;;217;4680140431665;пэт кег 30л;540;Mister Bee Cherry Banana;Mister Bee Cherry Banana;Mister Bee "Cherry Banana" (Mead) алк. 5% / Мистер БИ, пэт кег 30л;;Алкогольная продукция>Cider House>Mister Bee кег;5;;;Mead;6339212;;19403335-4e0b-11f1-9bbe-000c296fac54
Леонид Леврана "Праздничный Пет Нат" (Dry Cider) алк. 5,5% /Праздничный петнат, бут. 0,75л;3;00-00022317;ПРАЗДНИЧНЫЙ ПЕТ НАТ (бут. 0,75л);Сидродельня Леонида Леврана;Товар;;894;4603728537474;кор. 06х0,75л ст. бут.;720;Праздничный Пет Нат;Праздничный Пет Нат;Леонид Леврана "Праздничный Пет Нат" (Dry Cider) алк. 5,5% /Праздничный петнат, бут. 0,75л;;Алкогольная продукция>Сидродельня Леонида Леврана>Леврана бут;5,50;;;Dry Cider;6537478;;339acfc3-4f6b-11f1-9bbe-000c296fac54
Chibis "Кислотный заряд Motueka" (Sour IPA), алк. 6,2% / Кислотный заряд мотуэка, ж/б 0,45л;16;00-00022484;КИСЛОТНЫЙ ЗАРЯД MOTUEKA (ж/б 0,45л);CHIBIS Brewery;Товар;;343;4640233774154;кор. 06х0,45л ж/б;365;Кислотный заряд Motueka;Кислотный заряд Motueka;Chibis "Кислотный заряд Motueka" (Sour IPA), алк. 6,2% / Кислотный заряд мотуэка, ж/б 0,45л;;Алкогольная продукция>CHIBIS Brewery>CHIBIS Brewery стекло > жб;6,20;;;Sour IPA;6691762;;50e90949-5fe7-11f1-9bbe-000c296fac54
Chibis "Кислотный заряд Motueka" (Sour IPA), алк. 6,2% / Кислотный заряд мотуэка, ж/б 0,45л;16;00-00022484;КИСЛОТНЫЙ ЗАРЯД MOTUEKA (ж/б 0,45л);CHIBIS Brewery;Товар;;343;4640233774239;кор. 06х0,45л ж/б;365;Кислотный заряд Motueka;Кислотный заряд Motueka;Chibis "Кислотный заряд Motueka" (Sour IPA), алк. 6,2% / Кислотный заряд мотуэка, ж/б 0,45л;;Алкогольная продукция>CHIBIS Brewery>CHIBIS Brewery стекло > жб;6,20;;;Sour IPA;6691762;;50e90949-5fe7-11f1-9bbe-000c296fac54
Rewort Brewery "Ля Томатина Итальянская" (Tomato Gose), алк. 6,5% / ТОМАТНОЕ 10, ж/б 0,45л;981;00-00022499;ЛЯ ТОМАТИНА ИТАЛЬЯНСКАЯ (ж/б 0,45л);Rewort;Товар;;275;4630522441133;кор. 12х0,45л ж/б;365;Ля Томатина Итальянская;Ля Томатина Итальянская;Rewort Brewery "Ля Томатина Итальянская" (Tomato Gose), алк. 6,5% / ТОМАТНОЕ 10, ж/б 0,45л;Новинка!;Алкогольная продукция>SVOI (Сергиев Посад)>Rewort ж>б;6,50;21;;Tomato Gose;6576174;;70a1b861-60db-11f1-9bbe-000c296fac54
Rewort Brewery "Ля Томатина Итальянская" (Tomato Gose), алк. 6,5% / ТОМАТНОЕ 10, ж/б 0,45л;981;00-00022499;ЛЯ ТОМАТИНА ИТАЛЬЯНСКАЯ (ж/б 0,45л);Rewort;Товар;;275;4670161159938;кор. 12х0,45л ж/б;365;Ля Томатина Итальянская;Ля Томатина Итальянская;Rewort Brewery "Ля Томатина Итальянская" (Tomato Gose), алк. 6,5% / ТОМАТНОЕ 10, ж/б 0,45л;Новинка!;Алкогольная продукция>SVOI (Сергиев Посад)>Rewort ж>б;6,50;21;;Tomato Gose;6576174;;70a1b861-60db-11f1-9bbe-000c296fac54
Nuclear Brewery "Очень горьк опыт DIPA на хмел Pacifica"(IPA)алк 8%/Очень Горький Опыт 3,ж/б 0,45л;54;00-00022532;ОЧЕНЬ ГОРЬК ОПЫТ DIPA НА ХМЕЛ PACIFICA (ж/б 0,45л);Nuclear Brewery;Товар;;327;4620313031971;кор. 12х0,45л ж/б;365;Очень горьк опыт DIPA на хмел Pacifica;Очень горьк опыт DIPA на хмел Pacifica;Nuclear Brewery "Очень горьк опыт DIPA на хмел Pacifica"(IPA)алк 8%/Очень Горький Опыт 3,ж/б 0,45л;;Алкогольная продукция>Nuclear Brewery;8;;;Double IPA;6663434;;c84ef815-63d8-11f1-9bbe-000c296fac54
Лимонад Aloha Дыня (Lemonade) / АЛОХА 3, бут. 0,33л;79;00-00020884;ЛИМОНАД ALOHA ДЫНЯ (бут. 0,33л);Aloha;Товар;;175;4670161154759;кор. 12х0,33л ст. бут.;365;Лимонад Дыня;Лимонад Aloha Дыня;Лимонад Aloha Дыня (Lemonade) / АЛОХА 3, бут. 0,33л;Новинка!;Алкогольная продукция>SVOI (Сергиев Посад)>Aloha;;;;Lemonade;;;5e740d0d-ae7e-11f0-9bb1-000c296fac54
Лимонад Aloha Дыня (Lemonade) / АЛОХА 3, бут. 0,33л;79;00-00020884;ЛИМОНАД ALOHA ДЫНЯ (бут. 0,33л);Aloha;Товар;;175;4670161159310;кор. 12х0,33л ст. бут.;365;Лимонад Дыня;Лимонад Aloha Дыня;Лимонад Aloha Дыня (Lemonade) / АЛОХА 3, бут. 0,33л;Новинка!;Алкогольная продукция>SVOI (Сергиев Посад)>Aloha;;;;Lemonade;;;5e740d0d-ae7e-11f0-9bb1-000c296fac54
Rewort Brewery "Caramel Delight" (Porter) алк. 6,9% / КАРАМЕЛЬ ДЕЛАЙТ, пэт кег 20л/шт;29;00-00020911;CARAMEL DELIGHT (пэт кег 20л/шт);Rewort;Товар;;0;4670161159945;пэт кег 20л/шт;365;Caramel Delight;Caramel Delight;Rewort Brewery "Caramel Delight" (Porter) алк. 6,9% / КАРАМЕЛЬ ДЕЛАЙТ, пэт кег 20л/шт;;Алкогольная продукция>SVOI (Сергиев Посад)>Rewort кег пэт;6,90;27;;Porter;4718422;;3a79daa0-afe7-11f0-9bb1-000c296fac54
Chibis "Hell Man: Kimchi" (Tomato Gose), алк. 4,5% / Хэл мэн: Кимчи Гозе, ж/б 0,45л;48;00-00020998;HELL MAN: KIMCHI (ж/б 0,45л);CHIBIS Brewery;Товар;;329;4640233773096;кор. 06х0,45л ж/б;365;Hell Man: Kimchi;Hell Man: Kimchi;Chibis "Hell Man: Kimchi" (Tomato Gose), алк. 4,5% / Хэл мэн: Кимчи Гозе, ж/б 0,45л;;Алкогольная продукция>CHIBIS Brewery>CHIBIS Brewery стекло > жб;4,50;;;Tomato Gose;4794290;;63106ded-b4d5-11f0-9bb2-000c296fac54
Chibis "Hell Man: Kimchi" (Tomato Gose), алк. 4,5% / Хэл мэн: Кимчи Гозе, ж/б 0,45л;48;00-00020998;HELL MAN: KIMCHI (ж/б 0,45л);CHIBIS Brewery;Товар;;329;4640233773126;кор. 06х0,45л ж/б;365;Hell Man: Kimchi;Hell Man: Kimchi;Chibis "Hell Man: Kimchi" (Tomato Gose), алк. 4,5% / Хэл мэн: Кимчи Гозе, ж/б 0,45л;;Алкогольная продукция>CHIBIS Brewery>CHIBIS Brewery стекло > жб;4,50;;;Tomato Gose;4794290;;63106ded-b4d5-11f0-9bb2-000c296fac54
MeadNight "Мёд манго и лайм" (Mead) алк.6% /МН Мёд манго и лайм, ж/б 0,45л;12;00-00021063;МЁД МАНГО И ЛАЙМ (ж/б 0,45л);MeadNight;Товар;;304;4627130346196;кор. 12х0,45л ж/б;360;Мёд манго и лайм;Мёд манго и лайм;MeadNight "Мёд манго и лайм" (Mead) алк.6% /МН Мёд манго и лайм, ж/б 0,45л;;Алкогольная продукция>MeadNight>MeadNight жб;6;;;Mead;5952434;;5ba5bae9-bbc9-11f0-9bb2-000c296fac54
Rewort Brewery "Утренник" (Sour - Other Gose) алк. 5% / ГОЗЕ 41, ж/б 0,45л;106;00-00021477;УТРЕННИК (ж/б 0,45л);Rewort;Товар;;254;4630522440716;кор. 12х0,45л ж/б;365;Утренник;Утренник;Rewort Brewery "Утренник" (Sour - Other Gose) алк. 5% / ГОЗЕ 41, ж/б 0,45л;;Алкогольная продукция>SVOI (Сергиев Посад)>Rewort ж>б;5;10;17;Sour Gose;6489401;20;e38ad05d-df02-11f0-9bb5-000c296fac54
Rewort Brewery "Утренник" (Sour - Other Gose) алк. 5% / ГОЗЕ 41, ж/б 0,45л;106;00-00021477;УТРЕННИК (ж/б 0,45л);Rewort;Товар;;254;4670161159433;кор. 12х0,45л ж/б;365;Утренник;Утренник;Rewort Brewery "Утренник" (Sour - Other Gose) алк. 5% / ГОЗЕ 41, ж/б 0,45л;;Алкогольная продукция>SVOI (Сергиев Посад)>Rewort ж>б;5;10;17;Sour Gose;6489401;20;e38ad05d-df02-11f0-9bb5-000c296fac54
Леонид Леврана "Органический Традиционны" (Cider) алк. 5,5% /Органический, бут. 0,33л;35;00-00021512;ОРГАНИЧЕСКИЙ ТРАДИЦИОННЫЙ (бут. 0,33л);Сидродельня Леонида Леврана;Товар;;385;4603728537368;кор. 12х0,33л ст. бут.;720;Органический Традиционный;Органический Традиционный;Леонид Леврана "Органический Традиционны" (Cider) алк. 5,5% /Органический, бут. 0,33л;;Алкогольная продукция>Сидродельня Леонида Леврана>Леврана бут;5,50;;;Cider;6377255;;ec2f058f-e187-11f0-9bb5-000c296fac54
4 Brewers "Уголь" (Smoked Lager) алк. 6,5% / Фестивальное 2, ж/б 0,45л;46;00-00021542;УГОЛЬ (ж/б 0,45л);4 Brewers;Товар;;275;4680820152002;кор. 12х0,45л ж/б;365;Уголь;Уголь;4 Brewers "Уголь" (Smoked Lager) алк. 6,5% / Фестивальное 2, ж/б 0,45л;;Алкогольная продукция>4 Brewers>4 Brewers ж>б;6,50;20;;Smoked Lager;5364175;;795a81de-f12d-11f0-9bb6-000c296fac54
4 Brewers "Уголь" (Smoked Lager) алк. 6,5% / Фестивальное 2, ж/б 0,45л;46;00-00021542;УГОЛЬ (ж/б 0,45л);4 Brewers;Товар;;275;4680820152040;кор. 12х0,45л ж/б;365;Уголь;Уголь;4 Brewers "Уголь" (Smoked Lager) алк. 6,5% / Фестивальное 2, ж/б 0,45л;;Алкогольная продукция>4 Brewers>4 Brewers ж>б;6,50;20;;Smoked Lager;5364175;;795a81de-f12d-11f0-9bb6-000c296fac54
GANZA Brewery "С иголочки" (Sour Ale) алк.6% / Ганза смузи 16, ж/б 0,45 л;22;00-00021636;С ИГОЛОЧКИ (ж/б 0,45);GANZA Brewery;Товар;;342;4670163075717;кор. 12х0,45л ж/б;360;С иголочки;С иголочки;GANZA Brewery "С иголочки" (Sour Ale) алк.6% / Ганза смузи 16, ж/б 0,45 л;;Алкогольная продукция>GANZA Brewery>GANZA Brewery ж>б;6;;;Sour Ale;6542410;;41dfed4d-fa8e-11f0-9bb8-000c296fac54
Rewort Brewery "Крылья Отваги" (Sour Ale) алк. 6,5% / КРЫЛЬЯ ОТВАГИ, ж/б 0,45л;558;00-00019440;КРЫЛЬЯ ОТВАГИ(ж/б 0,45л);Rewort;Товар;;269;4670161154612;кор. 12х0,45л ж/б;365;Крылья Отваги;Крылья Отваги;Rewort Brewery "Крылья Отваги" (Sour Ale) алк. 6,5% / КРЫЛЬЯ ОТВАГИ, ж/б 0,45л;;Алкогольная продукция>SVOI (Сергиев Посад)>Rewort ж>б;6,50;10;17;Sour Ale With Raspberry & Passion Fruit;2844398;25;70c464e1-4219-11f0-9bac-000c296fac54
Rewort Brewery "Крылья Отваги" (Sour Ale) алк. 6,5% / КРЫЛЬЯ ОТВАГИ, ж/б 0,45л;558;00-00019440;КРЫЛЬЯ ОТВАГИ(ж/б 0,45л);Rewort;Товар;;269;4670161155435;кор. 12х0,45л ж/б;365;Крылья Отваги;Крылья Отваги;Rewort Brewery "Крылья Отваги" (Sour Ale) алк. 6,5% / КРЫЛЬЯ ОТВАГИ, ж/б 0,45л;;Алкогольная продукция>SVOI (Сергиев Посад)>Rewort ж>б;6,50;10;17;Sour Ale With Raspberry & Passion Fruit;2844398;25;70c464e1-4219-11f0-9bac-000c296fac54
Заповедник "Umeboshi" (Dry Fruit Cider) алк. 6% / Умебощи, бут. 0,33л;18;00-00019496;UMEBOSHI (бут. 0,33л);Заповедник;Товар;;301;4603759677910;кор. 20х0,33л ст. бут.;730;Umeboshi;Umeboshi;Заповедник "Umeboshi" (Dry Fruit Cider) алк. 6% / Умебощи, бут. 0,33л;;Алкогольная продукция>Заповедник>Заповедник бут;6;;;Dry Fruit Cider;4890861;;a2843cd3-45df-11f0-9bac-000c296fac54
Brewlok "Rusalka / Русалка" (Fruited Sour) алк. 5% / Русалка, ж/б 0,45л;27;00-00019543;RUSALKA / РУСАЛКА (ж/б 0,45л);Brewlok;Товар;;301;4640106808078;кор. 12х0,45л ж/б;366;Rusalka / Русалка;Rusalka / Русалка;Brewlok "Rusalka / Русалка" (Fruited Sour) алк. 5% / Русалка, ж/б 0,45л;;Алкогольная продукция>Brewlok (Воронеж)>Brewlok ж>б;5;10;;Fruited Sour Ale;2027746;;1b27a014-4a99-11f0-9bac-000c296fac54
MeadNight "Фейхуашная комета" (Mead) алк.6% /МН Фейхаушная комета, ж/б 0,45л;6;00-00019641;ФЕЙХУАШНАЯ КОМЕТА (ж/б 0,45л);MeadNight;Товар;;299;4627130346226;кор. 12х0,45л ж/б;360;Фейхуашная комета;Фейхуашная комета;MeadNight "Фейхуашная комета" (Mead) алк.6% /МН Фейхаушная комета, ж/б 0,45л;;Алкогольная продукция>MeadNight>MeadNight жб;6;;;Mead;5309518;;c680240d-4dac-11f0-9bac-000c296fac54
White Phoenix "White Phoenix Грейпфрут-Маракуйя" (mead), алк. 5,6%/Грейпфрут-маракуйя, бут 0,45л;12;00-00009424;WHITE PHOENIX ГРЕЙПФРУТ-МАРАКУЙЯ (бут 0,45л);White Phoenix;Товар;;175;4630178430284;кор. 12х0,45л ст бут.;730;White Phoenix Грейпфрут-Маракуйя;White Phoenix Грейпфрут-Маракуйя;White Phoenix "White Phoenix Грейпфрут-Маракуйя" (mead), алк. 5,6%/Грейпфрут-маракуйя, бут 0,45л;;Архив>CIDER HOUSE>White Phoenix бут;4,70;;;Mead;4428138;;c81d05f4-00ff-11ed-80e3-000c29d24b62
White Phoenix "White Phoenix Грейпфрут-Маракуйя" (mead), алк. 5,6%/Грейпфрут-маракуйя, бут 0,45л;12;00-00009424;WHITE PHOENIX ГРЕЙПФРУТ-МАРАКУЙЯ (бут 0,45л);White Phoenix;Товар;;175;4630178431311;кор. 12х0,45л ст бут.;730;White Phoenix Грейпфрут-Маракуйя;White Phoenix Грейпфрут-Маракуйя;White Phoenix "White Phoenix Грейпфрут-Маракуйя" (mead), алк. 5,6%/Грейпфрут-маракуйя, бут 0,45л;;Архив>CIDER HOUSE>White Phoenix бут;4,70;;;Mead;4428138;;c81d05f4-00ff-11ed-80e3-000c29d24b62
Plan B "Завтрак Папуаса" (Milk Stout) алк. 7,5%/ Завтрак Папуаса, пэт кег 20л;100;00-00003138;ЗАВТРАК ПАПУАСА (пэт кег 20л);Plan B;Товар;;462;4650139080501;пэт кег 20л;180;Завтрак Папуаса;Завтрак Папуаса;Plan B "Завтрак Папуаса" (Milk Stout) алк. 7,5%/ Завтрак Папуаса, пэт кег 20л;;Алкогольная продукция>Plan B Brewery>Plan B Brewery кег;7,50;20;21;Milk Stout;2169923;;251a0860-6d88-11ea-80ed-000c29e252b5
Salden's "Violent Twins" (DIPA)  алк, 8,5% /Вайлент Твинс Дабл ИПА , пэт кег 30л;30;00-00003893;VIOLENT TWINS DOUBLE IPA (пэт кег 30л);Salden's;Товар;Сухое охмеление с мозаикой, амарило, центениал, цитра, вариор.;411;4620085783115;пэт кег 30л;180;Violent Twins;Violent Twins;Salden's "Violent Twins" (DIPA)  алк, 8,5% /Вайлент Твинс Дабл ИПА , пэт кег 30л;;Алкогольная продукция>Saldens>Saldens кеги;8,50;140;;Double IPA;851529;;a002127f-f7ef-11ea-80ef-000c29e252b5
2 л бцв. 34 гр ПЭТ бутылка (упаковка 40 шт) НАКРУЧЕНЫЙ КОЛП;760;00-00011015;2 л бцв. 34 гр ПЭТ бутылка (упаковка 40 шт) НАКРУЧ;ПБ;Товар;2 л бцв. 34 гр ПЭТ бутылка (упаковка 40 шт) НАКРУЧЕНЫЙ КОЛП;90;;;0;2 л бцв. 34 гр ПЭТ бутылка (упаковка 40 шт) НАКРУЧЕНЫЙ КОЛП;2 л бцв. 34 гр ПЭТ бутылка (упаковка 40 шт) НАКРУЧЕНЫЙ КОЛП;2 л бцв. 34 гр ПЭТ бутылка (упаковка 40 шт) НАКРУЧЕНЫЙ КОЛП;;Сопутствующие товары>ПЭТ ТАРА ПАКЕТЫ>ПЭТ;;;;;;;7b6301b6-85d4-11ed-80fb-000c29d24b62
Zavod "Beertram" (Non-alco berliner weisse) / Завод фри бир, ж/б 0,45л;6;00-00018541;BEERTRAM (ж/б  0,45л);Zavod Brewery;Товар;;285;;кор. 20х0,45л ж/б;360;Beertram;Beertram;Zavod "Beertram" (Non-alco berliner weisse) / Завод фри бир, ж/б 0,45л;;Алкогольная продукция>Zavod Brewery>Zavod Brewery Б>А;;;;Non-alco berliner weisse;;;7e6a704b-0491-11f0-8227-000c29bc6f5e
Plan B "Rise Of The Zombies" (APA) алк. 6,3% / Райс оф зэ Зомбис, ж/б 0,45л;36;00-00018602;RISE OF THE ZOMBIES (ж/б 0,45л);Plan B;Товар;;296;4650139080983;кор. 12х0,45л ж/б;180;Rise Of The Zombies;Rise Of The Zombies;Plan B "Rise Of The Zombies" (APA) алк. 6,3% / Райс оф зэ Зомбис, ж/б 0,45л;;Алкогольная продукция>Plan B Brewery>Plan B ж>б;6,30;50;16;APA;1443184;;0bede280-062d-11f0-8228-000c29bc6f5e
Ортодокс “Богородское” (Lager) алк. 4,3% / БОГОРОДСКОЕ, ж/б 0,45л;369;00-00018673;БОГОРОДСКОЕ (ж/б 0,45л);ОРТОДОКС;Товар;;212;4670161154131;кор. 12х0,45л ж/б;365;Богородское;Богородское;Ортодокс “Богородское” (Lager) алк. 4,3% / БОГОРОДСКОЕ, ж/б 0,45л;;Алкогольная продукция>SVOI (Сергиев Посад)>Ортодокс ж>б;4,30;10;11;Lager;4534987;;e1a6b4e4-0ec6-11f0-822d-000c29bc6f5e
Ортодокс “Богородское” (Lager) алк. 4,3% / БОГОРОДСКОЕ, ж/б 0,45л;369;00-00018673;БОГОРОДСКОЕ (ж/б 0,45л);ОРТОДОКС;Товар;;212;4670161155534;кор. 12х0,45л ж/б;365;Богородское;Богородское;Ортодокс “Богородское” (Lager) алк. 4,3% / БОГОРОДСКОЕ, ж/б 0,45л;;Алкогольная продукция>SVOI (Сергиев Посад)>Ортодокс ж>б;4,30;10;11;Lager;4534987;;e1a6b4e4-0ec6-11f0-822d-000c29bc6f5e
Chibis "летубыть Citra & El Dorado" (Session IPA) алк.4,5% / Лету быть: цитра, эльдорадо, ж/б 0,45л;6;00-00018743;ЛЕТУБЫТЬ CITRA & EL DORADO (ж/б 0,45л);CHIBIS Brewery;Товар;;301;4640233771702;кор. 06х0,45л ж/б;365;летубыть Citra & El Dorado;летубыть Citra & El Dorado;Chibis "летубыть Citra & El Dorado" (Session IPA) алк.4,5% / Лету быть: цитра, эльдорадо, ж/б 0,45л;;Алкогольная продукция>CHIBIS Brewery>CHIBIS Brewery стекло > жб;4,50;;;Session IPA;6204364;;8acfd47a-145a-11f0-822e-000c29bc6f5e
Chibis "летубыть Citra & El Dorado" (Session IPA) алк.4,5% / Лету быть: цитра, эльдорадо, ж/б 0,45л;6;00-00018743;ЛЕТУБЫТЬ CITRA & EL DORADO (ж/б 0,45л);CHIBIS Brewery;Товар;;301;4640233774093;кор. 06х0,45л ж/б;365;летубыть Citra & El Dorado;летубыть Citra & El Dorado;Chibis "летубыть Citra & El Dorado" (Session IPA) алк.4,5% / Лету быть: цитра, эльдорадо, ж/б 0,45л;;Алкогольная продукция>CHIBIS Brewery>CHIBIS Brewery стекло > жб;4,50;;;Session IPA;6204364;;8acfd47a-145a-11f0-822e-000c29bc6f5e
Rewort Brewery & Bernin "Тропический шейк" (Milkshake IPA) алк.6,5%/ МИЛКШЕЙК 70,ж/б 0,45л;199;00-00022156;ТРОПИЧЕСКИЙ ШЕЙК (ж/б 0,45л);Rewort;Товар;;264;4630522441638;кор. 12х0,45л ж/б;365;Тропический шейк;Тропический шейк;Rewort Brewery & Bernin "Тропический шейк" (Milkshake IPA) алк.6,5%/ МИЛКШЕЙК 70,ж/б 0,45л;Новинка!;Алкогольная продукция>SVOI (Сергиев Посад)>Rewort ж>б;6,50;21,80;30;Milkshake IPA;6622267;25;8485a326-3cb3-11f1-9bbc-000c296fac54
Rewort Brewery & Bernin "Тропический шейк" (Milkshake IPA) алк.6,5%/ МИЛКШЕЙК 70,ж/б 0,45л;199;00-00022156;ТРОПИЧЕСКИЙ ШЕЙК (ж/б 0,45л);Rewort;Товар;;264;4670161159822;кор. 12х0,45л ж/б;365;Тропический шейк;Тропический шейк;Rewort Brewery & Bernin "Тропический шейк" (Milkshake IPA) алк.6,5%/ МИЛКШЕЙК 70,ж/б 0,45л;Новинка!;Алкогольная продукция>SVOI (Сергиев Посад)>Rewort ж>б;6,50;21,80;30;Milkshake IPA;6622267;25;8485a326-3cb3-11f1-9bbc-000c296fac54
Selfmade "Hellraiser" (West Coast IPA) алк. 6,5% / СБ ИПА 9, ж/б 0,45л;21;00-00022173;HELLRAISER (ж/б 0,45л);Selfmade;Товар;;338;4640235994420;кор. 12х0,45л ж/б;363;Hellraiser;Hellraiser;Selfmade "Hellraiser" (West Coast IPA) алк. 6,5% / СБ ИПА 9, ж/б 0,45л;Новинка!;Алкогольная продукция>Selfmade>Selfmade ж>б;6,50;66;;West Coast IPA;6675129;;c46da465-3d79-11f1-9bbc-000c296fac54
Brewlok "PartyHop: Simcoe" (Double IPA), алк. 6.9%. / Эль 63, ж/б 0,45л;46;00-00022198;PARTYHOP: SIMCOE (ж/б 0,45л);Brewlok;Товар;;306;4640437583118;кор. 12х0,45л ж/б;366;PartyHop: Simcoe;PartyHop: Simcoe;Brewlok "PartyHop: Simcoe" (Double IPA), алк. 6.9%. / Эль 63, ж/б 0,45л;;Алкогольная продукция>Brewlok (Воронеж)>Brewlok ж>б;6,90;;;Double IPA;6673729;;cdfda8bb-3faf-11f1-9bbc-000c296fac54
Rewort Brewery "Крылья Отваги" (Sour Ale) алк. 6,5% / КРЫЛЬЯ ОТВАГИ, пэт кег 20л/шт;30;00-00022225;КРЫЛЬЯ ОТВАГИ (пэт кег 20л/шт);Rewort;Товар;;0;4670161159013;пэт кег 20л/шт;365;Крылья Отваги;Крылья Отваги;Rewort Brewery "Крылья Отваги" (Sour Ale) алк. 6,5% / КРЫЛЬЯ ОТВАГИ, пэт кег 20л/шт;;Алкогольная продукция>SVOI (Сергиев Посад)>Rewort кег пэт;6,50;10;17;Sour Ale With Raspberry & Passion Fruit;2844398;25;554f4a76-43cf-11f1-9bbc-000c296fac54
Brewmen "АПА" (Pale Ale) алк. 5.5% / Брюмен ипа 10, ж/б 0,45л;11;00-00022348;АПА  (ж/б 0,45л);Brewmen;Товар;;289;4620402495509;кор. 20х0,45л ж/б;360;АПА;АПА;Brewmen "АПА" (Pale Ale) алк. 5.5% / Брюмен ипа 10, ж/б 0,45л;;Алкогольная продукция>Brewmen>Brewmen ж>б, бут;5,50;40;;American Pale Ale;6688882;;71eaf6be-542f-11f1-9bbe-000c296fac54
GANZA Brewery "Harvester!" (Sour - Fruited) алк.6% / Ганза саур эль 22, ж/б 0,45 л;52;00-00022364;HARVESTER (ж/б 0,45);GANZA Brewery;Товар;;329;4670163076059;кор. 12х0,45л ж/б;360;Harvester;Harvester;GANZA Brewery "Harvester!" (Sour - Fruited) алк.6% / Ганза саур эль 22, ж/б 0,45 л;;Алкогольная продукция>GANZA Brewery>GANZA Brewery ж>б;6;;;Sour - Fruited;6716745;;57c6b3d8-54fa-11f1-9bbe-000c296fac54
Black Cat "Флаффик смузи: гуава, клуб, смор" (Sour Smoothie), алк. 5.5% /БЛЭК КЭТ САУР 1.02,ж/б0,45л;60;00-00022390;ФЛАФФИК СМУЗИ: ГУАВА, КЛУБ, СМОР (ж/б 0,45л);Black Cat;Товар;;348;4650300022552;кор. 12х0,45л ж/б;360;Флаффик смузи: гуава, клуб, смор;Флаффик смузи: гуава, клуб, смор;Black Cat "Флаффик смузи: гуава, клуб, смор" (Sour Smoothie), алк. 5.5% /БЛЭК КЭТ САУР 1.02,ж/б0,45л;;Алкогольная продукция>Black Cat Brewery>Black Cat Brewery стекло > жб;5,50;;;Sour  Smoothie;6716779;;3b416696-5803-11f1-9bbe-000c296fac54
Ортодокс “Фестивальное” (Vienna Lager) алк. 4,5% /"ФЕСТИВАЛЬНОЕ", ж/б 0,45л;22;00-00022404;ФЕСТИВАЛЬНОЕ (ж/б 0,45л);ОРТОДОКС;Товар;;217;4670161155787;кор. 12х0,5л ж/б;365;Фестивальное;Фестивальное;Ортодокс “Фестивальное” (Vienna Lager) алк. 4,5% /"ФЕСТИВАЛЬНОЕ", ж/б 0,45л;;Алкогольная продукция>SVOI (Сергиев Посад)>Ортодокс ж>б;4,50;20;12,50;Vienna Lager;5704407;;6a8c0aea-58f4-11f1-9bbe-000c296fac54
Ортодокс “Фестивальное” (Vienna Lager) алк. 4,5% /"ФЕСТИВАЛЬНОЕ", ж/б 0,45л;22;00-00022404;ФЕСТИВАЛЬНОЕ (ж/б 0,45л);ОРТОДОКС;Товар;;217;4670161159228;кор. 12х0,5л ж/б;365;Фестивальное;Фестивальное;Ортодокс “Фестивальное” (Vienna Lager) алк. 4,5% /"ФЕСТИВАЛЬНОЕ", ж/б 0,45л;;Алкогольная продукция>SVOI (Сергиев Посад)>Ортодокс ж>б;4,50;20;12,50;Vienna Lager;5704407;;6a8c0aea-58f4-11f1-9bbe-000c296fac54
Lapochka  "Тургояк" (Lemonade) /Лапочка Тургояк, ж/б.0,33л;88;00-00022430;ТУРГОЯК (ж/б 0,33л);Lapochka;Товар;;196;4640205266892;кор. 20х0,33л ж/б;360;Тургояк;Тургояк;Lapochka  "Тургояк" (Lemonade) /Лапочка Тургояк, ж/б.0,33л;;Алкогольная продукция>Ostrovica (Аша)>Lapochka;;;;Lemonade;;;bed6984a-5a5d-11f1-9bbe-000c296fac54
Lapochka  "Тургояк" (Lemonade) /Лапочка Тургояк, ж/б.0,33л;88;00-00022430;ТУРГОЯК (ж/б 0,33л);Lapochka;Товар;;196;4640205266915;кор. 20х0,33л ж/б;360;Тургояк;Тургояк;Lapochka  "Тургояк" (Lemonade) /Лапочка Тургояк, ж/б.0,33л;;Алкогольная продукция>Ostrovica (Аша)>Lapochka;;;;Lemonade;;;bed6984a-5a5d-11f1-9bbe-000c296fac54
Red Button "Hoppy Sour Kitchen" (IPA - Sour), алк.12%, /Охмеленная кислая кухня, жб 0,45л;35;00-00022442;HOPPY SOUR KITCHEN (жб 0,45л);Red Button;Товар;;380;4670190942419;кор. 20х0,45л ж/б;360;Hoppy Sour Kitchen;Hoppy Sour Kitchen;Red Button "Hoppy Sour Kitchen" (IPA - Sour), алк.12%, /Охмеленная кислая кухня, жб 0,45л;;Алкогольная продукция>Red Button>Red Button ж>б > стекло;12;;;Sour IPA;6680814;;857357ed-5b42-11f1-9bbe-000c296fac54
Brewlok "PartyHop: Mosaic" (Double IPA) алк. 6.9% / Эль 57, ж/б 0,45л;45;00-00022455;PARTYHOP: MOSAIC (ж/б 0,45л);Brewlok;Товар;;306;4640437583323;кор. 12х0,45л ж/б;366;PartyHop: Mosaic;PartyHop: Mosaic;Brewlok "PartyHop: Mosaic" (Double IPA) алк. 6.9% / Эль 57, ж/б 0,45л;;Алкогольная продукция>Brewlok (Воронеж)>Brewlok ж>б;6,90;;;Double IPA;6700841;;fd6c2610-5d8a-11f1-9bbe-000c296fac54
Stamm Brewing "Fietser" (Witbier Blanche) алк 5% / Витбир / Witbier, ж/б 0,45л;17;00-00022475;FIETSER (ж/б 0,45л);Stamm Brewing;Товар;;254;4610297654204;кор. 12х0,45л ж/б;365;Fietser;Fietser;Stamm Brewing "Fietser" (Witbier Blanche) алк 5% / Витбир / Witbier, ж/б 0,45л;;Алкогольная продукция>Stamm Brewing>Stamm Brewing ж>б, бут;5;;;Witbier Blanche;6711279;;2bddb3a5-5f37-11f1-9bbe-000c296fac54
Stamm Brewing "Fietser" (Witbier Blanche) алк 5% / Витбир / Witbier, ж/б 0,45л;17;00-00022475;FIETSER (ж/б 0,45л);Stamm Brewing;Товар;;254;4610297654297;кор. 12х0,45л ж/б;365;Fietser;Fietser;Stamm Brewing "Fietser" (Witbier Blanche) алк 5% / Витбир / Witbier, ж/б 0,45л;;Алкогольная продукция>Stamm Brewing>Stamm Brewing ж>б, бут;5;;;Witbier Blanche;6711279;;2bddb3a5-5f37-11f1-9bbe-000c296fac54
GANZA Brewery "Механика вкуса" (West Coast IPA) алк.6.5% / Ганза ипа 26, ж/б 0,45 л;23;00-00022622;МЕХАНИКА ВКУСА (ж/б 0,45);GANZA Brewery;Товар;;334;4670163076066;кор. 12х0,45л ж/б;360;Механика вкуса;Механика вкуса;GANZA Brewery "Механика вкуса" (West Coast IPA) алк.6.5% / Ганза ипа 26, ж/б 0,45 л;;Алкогольная продукция>GANZA Brewery>GANZA Brewery ж>б;6,50;70;;West Coast IPA;6734893;;ff30a6f1-6bab-11f1-9bbe-000c296fac54
Big Village "ВЕЧНЫЙ ЦИКЛ" (Pastry Sour Ale) алк. 7% / Пастри Сауэр 2, пэт кег 20л;20;00-00022635;ВЕЧНЫЙ ЦИКЛ (пэт кег 20л);Big Village;Товар;;500;4620197365797;пэт кег 20л;240;ВЕЧНЫЙ ЦИКЛ;ВЕЧНЫЙ ЦИКЛ;Big Village "ВЕЧНЫЙ ЦИКЛ" (Pastry Sour Ale) алк. 7% / Пастри Сауэр 2, пэт кег 20л;;Алкогольная продукция>Big Village>Big Village кег;7;;;Pastry Sour Ale;6746291;;3ad75068-6bbf-11f1-9bbe-000c296fac54
White Stone "Индивидуальность / Ekuanot" (India Pale Ale) алк. 6,5% / ВС Сингл Хоп 5, ж/б 0,45 л;65;00-00022646;ИНДИВИДУАЛЬНОСТЬ / EKUANOT (ж/б 0,45 л);White Stone;Товар;;317;4640229753255;кор. 12х0,45л ж/б;365;Индивидуальность / Ekuanot;Индивидуальность / Ekuanot;White Stone "Индивидуальность / Ekuanot" (India Pale Ale) алк. 6,5% / ВС Сингл Хоп 5, ж/б 0,45 л;;Алкогольная продукция>White Stonе>White Stonе ж>б;6,50;70;;India Pale Ale;6731130;;05856f6f-6be4-11f1-9bbe-000c296fac54
White Stone "Индивидуальность / Ekuanot" (India Pale Ale) алк. 6,5% / ВС Сингл Хоп 5, ж/б 0,45 л;65;00-00022646;ИНДИВИДУАЛЬНОСТЬ / EKUANOT (ж/б 0,45 л);White Stone;Товар;;317;4640229753262;кор. 12х0,45л ж/б;365;Индивидуальность / Ekuanot;Индивидуальность / Ekuanot;White Stone "Индивидуальность / Ekuanot" (India Pale Ale) алк. 6,5% / ВС Сингл Хоп 5, ж/б 0,45 л;;Алкогольная продукция>White Stonе>White Stonе ж>б;6,50;70;;India Pale Ale;6731130;;05856f6f-6be4-11f1-9bbe-000c296fac54
Sabotage "Hop Zealant" (IPA), алк. 6% /САБОТАЖ Майти Хопс, ж/б 0,45;5;00-00021357;HOP ZEALANT (ж/б 0,45л);Sabotage Brewery;Товар;;363;4620235853057;кор. 20х0,45л ж/б;365;Hop Zealant;Hop Zealant;Sabotage "Hop Zealant" (IPA), алк. 6% /САБОТАЖ Майти Хопс, ж/б 0,45;;Алкогольная продукция>Sabotage Brewery>Sabotage ж>б;6;30;;IPA;6482056;;5d8b1d24-d5b9-11f0-9bb3-000c296fac54
Rewort Brewery “Audrey H.” (Sour Ale) алк. 5.5% /ОДРИ Х, ж/б 0,45л;1027;00-00021387;AUDREY H. (ж/б 0,45л);Rewort;Товар;;269;4670161154384;кор. 12х0,45л ж/б;365;Audrey H.;Audrey H.;Rewort Brewery “Audrey H.” (Sour Ale) алк. 5.5% /ОДРИ Х, ж/б 0,45л;;Алкогольная продукция>SVOI (Сергиев Посад)>Rewort ж>б;5,50;10;15;Sour Ale;5826554;;3b43a194-d725-11f0-9bb3-000c296fac54
Rewort Brewery “Audrey H.” (Sour Ale) алк. 5.5% /ОДРИ Х, ж/б 0,45л;1027;00-00021387;AUDREY H. (ж/б 0,45л);Rewort;Товар;;269;4670161155022;кор. 12х0,45л ж/б;365;Audrey H.;Audrey H.;Rewort Brewery “Audrey H.” (Sour Ale) алк. 5.5% /ОДРИ Х, ж/б 0,45л;;Алкогольная продукция>SVOI (Сергиев Посад)>Rewort ж>б;5,50;10;15;Sour Ale;5826554;;3b43a194-d725-11f0-9bb3-000c296fac54
MeadNight "Muscat Canelli&Сabernet Sauvigion Mead" (Mead) алк.6% / МН Медок 4, пэт кег 20л;20;00-00021422;MUSCAT CANELLI&СABERNET SAUVIGION MEAD(пэт кег 20);MeadNight;Товар;;380;4627130346387;пэт кег 20л;360;Muscat Canelli & Сabernet Sauvigion Mead;Muscat Canelli & Сabernet Sauvigion Mead;MeadNight "Muscat Canelli&Сabernet Sauvigion Mead" (Mead) алк.6% / МН Медок 4, пэт кег 20л;;Алкогольная продукция>MeadNight>MeadNight кег;6;;;Mead;6532838;;82a546ff-da55-11f0-9bb3-000c296fac54
Rewort Brewery "Маскарад" (Sour Ale) алк. 6% / САУР ЭЛЬ 21, ж/б 0,45л;645;00-00021459;МАСКАРАД (ж/б 0,45л);Rewort;Товар;;269;4630522440686;кор. 12х0,45л ж/б;365;Маскарад;Маскарад;Rewort Brewery "Маскарад" (Sour Ale) алк. 6% / САУР ЭЛЬ 21, ж/б 0,45л;Новинка!;Алкогольная продукция>SVOI (Сергиев Посад)>Rewort ж>б;6;;;Sour Ale;6489396;;79c8c2db-dc1d-11f0-9bb5-000c296fac54
Rewort Brewery "Маскарад" (Sour Ale) алк. 6% / САУР ЭЛЬ 21, ж/б 0,45л;645;00-00021459;МАСКАРАД (ж/б 0,45л);Rewort;Товар;;269;4670161159440;кор. 12х0,45л ж/б;365;Маскарад;Маскарад;Rewort Brewery "Маскарад" (Sour Ale) алк. 6% / САУР ЭЛЬ 21, ж/б 0,45л;Новинка!;Алкогольная продукция>SVOI (Сергиев Посад)>Rewort ж>б;6;;;Sour Ale;6489396;;79c8c2db-dc1d-11f0-9bb5-000c296fac54
Меда Сибири "Mead Sea-Buckthorn" (Mead) алк. 6,3% / Облепиха, ж/б 0,45л;54;00-00019177;MEAD SEA-BUCKTHORN (ж/б 0,45л);Меда Сибири;Товар;;299;4660387591537;кор. 12х0,45л ж/б;365;Mead Sea-Buckthorn;Mead Sea-Buckthorn;Меда Сибири "Mead Sea-Buckthorn" (Mead) алк. 6,3% / Облепиха, ж/б 0,45л;;Алкогольная продукция>Меда Сибири>Меда Сибири жб>бут;6,30;;;Mead - Melomel;4866078;;dbbcae23-30b4-11f0-9bac-000c296fac54
Меда Сибири "Mead Sea-Buckthorn" (Mead) алк. 6,3% / Облепиха, кег 30л;30;00-00019196;MEAD SEA-BUCKTHORN (кег 30л);Меда Сибири;Товар;;395;4660387590158;пэт кег 30л;360;Mead Sea-Buckthorn;Mead Sea-Buckthorn;Меда Сибири "Mead Sea-Buckthorn" (Mead) алк. 6,3% / Облепиха, кег 30л;Новинка!;Алкогольная продукция>Меда Сибири>Меда Сибири кег;6,30;;;Mead - Melomel;4866078;;0e96761e-30c6-11f0-9bac-000c296fac54
Chibis "Малина под кокосом" (Smoothie Sour Ale) алк. 6% / Малина под кокосом, ж/б 0,45л;53;00-00019297;МАЛИНА ПОД КОКОСОМ (ж/б 0,45л);CHIBIS Brewery;Товар;;356;4640233771917;кор. 06х0,45л ж/б;365;Малина под кокосом;Малина под кокосом;Chibis "Малина под кокосом" (Smoothie Sour Ale) алк. 6% / Малина под кокосом, ж/б 0,45л;;Алкогольная продукция>CHIBIS Brewery>CHIBIS Brewery стекло > жб;6;;;Smoothie Sour Ale;6084600;;7a39dffe-362f-11f0-9bac-000c296fac54
Chibis "Малина под кокосом" (Smoothie Sour Ale) алк. 6% / Малина под кокосом, ж/б 0,45л;53;00-00019297;МАЛИНА ПОД КОКОСОМ (ж/б 0,45л);CHIBIS Brewery;Товар;;356;4640233772600;кор. 06х0,45л ж/б;365;Малина под кокосом;Малина под кокосом;Chibis "Малина под кокосом" (Smoothie Sour Ale) алк. 6% / Малина под кокосом, ж/б 0,45л;;Алкогольная продукция>CHIBIS Brewery>CHIBIS Brewery стекло > жб;6;;;Smoothie Sour Ale;6084600;;7a39dffe-362f-11f0-9bac-000c296fac54
Brewlok "Kikimora" (Milk Stout),  алк.6,5% /  Кикимора, ж/б 0,45л;12;00-00019387;KIKIMORA (ж/б 0,45л);Brewlok;Товар;Классический молочный стаут с добавлением лактозы.;290;4640106807934;кор. 12х0,45л ж/б;366;Kikimora;Kikimora;Brewlok "Kikimora" (Milk Stout),  алк.6,5% /  Кикимора, ж/б 0,45л;;Алкогольная продукция>Brewlok (Воронеж)>Brewlok ж>б;6,50;30;16;Milk Stout;1924784;;08ead42d-3c75-11f0-9bac-000c296fac54
White Phoenix "White Phoenix Peach & Bananа"(Mead)алк. 5,6%/ Белый Феникс "Персик-банан",бут 0,45л;150;00-00011098;WHITE PHOENIX PEACH & BANANА (бут 0,45л);White Phoenix;Товар;;180;4680140431221;кор. 12х0,45л ст бут.;730;White Phoenix Персик & Банан;White Phoenix Персик & Банан;White Phoenix "White Phoenix Peach & Bananа"(Mead)алк. 5,6%/ Белый Феникс "Персик-банан",бут 0,45л;;Алкогольная продукция>Cider House>White Phoenix>White Phoenix ж\б бут;5,60;;;Cider;5158406;;fd01df72-931a-11ed-80fb-000c29d24b62
White Phoenix "White Phoenix Peach & Bananа"(Mead)алк. 5,6%/ Белый Феникс "Персик-банан",бут 0,45л;150;00-00011098;WHITE PHOENIX PEACH & BANANА (бут 0,45л);White Phoenix;Товар;;180;4680140432068;кор. 12х0,45л ст бут.;730;White Phoenix Персик & Банан;White Phoenix Персик & Банан;White Phoenix "White Phoenix Peach & Bananа"(Mead)алк. 5,6%/ Белый Феникс "Персик-банан",бут 0,45л;;Алкогольная продукция>Cider House>White Phoenix>White Phoenix ж\б бут;5,60;;;Cider;5158406;;fd01df72-931a-11ed-80fb-000c29d24b62
Stamm Brewing "American Pale Ale" (American Pale Ale) алк 4,7% / Американ Пэйл Эль, пэт кег 20л;60;00-00011618;AMERICAN PALE ALE (пэт кег 20л);Stamm Brewing;Товар;;380;4603731389008;пэт кег 20л;180;;American Pale Ale;Stamm Brewing "American Pale Ale" (American Pale Ale) алк 4,7% / Американ Пэйл Эль, пэт кег 20л;;Алкогольная продукция>Stamm Brewing>Stamm Brewing кег;4,70;25;13;American Pale Ale;427778;;5e8d4216-bf08-11ed-80fc-000c29d24b62
Rewort Brewery "Passion Mood" (Sour Ale With Passion Fruit) алк. 5,0% / Фрут соур Бир, пэт кег 20л/ш;9;00-00012404;PASSION MOOD (пэт кег 20л/шт);Rewort;Товар;Кислый эль с маракуйей;0;4670161150270;пэт кег 20л/шт;365;Passion Mood;Passion Mood;Rewort Brewery "Passion Mood" (Sour Ale With Passion Fruit) алк. 5,0% / Фрут соур Бир, пэт кег 20л/ш;;Алкогольная продукция>SVOI (Сергиев Посад)>Rewort кег пэт;5;10;14;Sour Ale With Passion Fruit;3414390;8;19168d13-0a8c-11ee-810b-000c29bc6f5e
GANZA Brewery "ПОЛОВИНКА Маракуйя, Лайм, Красный грейпфрут" (Lemonade) / ПОЛОВИНКА МИКС 2, ж/б 0,33л;4;00-00013515;ПОЛОВИНКА МАРАКУЙЯ,ЛАЙМ,КРАСНЫЙ ГРЕЙПФРУТ(ж/б0,33);GANZA Brewery;Товар;;193;4670163072730;кор. 12х0,33л ж/б;360;ПОЛОВИНКА Маракуйя, Лайм, Красный грейпфрут;ПОЛОВИНКА Маракуйя, Лайм, Красный грейпфрут;GANZA Brewery "ПОЛОВИНКА Маракуйя, Лайм, Красный грейпфрут" (Lemonade) / ПОЛОВИНКА МИКС 2, ж/б 0,33л;;Алкогольная продукция>GANZA Brewery>Ganza лимонады;;;;Lemonade;;;c96d831f-69cb-11ee-8119-000c29bc6f5e
Plan B "Rise Of The Zombies" (American Pale Ale) алк. 6,3% / Райс оф зэ Зомбис, пэт кег 20л;80;00-00005839;RISE OF THE ZOMBIES (пэт кег 20л);Plan B;Товар;;419;4650139080426;пэт кег 20л;180;Rise Of The Zombies;Rise Of The Zombies;Plan B "Rise Of The Zombies" (American Pale Ale) алк. 6,3% / Райс оф зэ Зомбис, пэт кег 20л;;Алкогольная продукция>Plan B Brewery>Plan B Brewery кег;6,30;50;16;APA;1443184;;a04c4b7c-e000-11eb-80cf-000c29d24b62
Сider House "Double Tree Черная Смородина" (Cider), алк. 5.6% / Дабл Три Черная смородина, бут 0,45л;138;00-00006152;CIDER HOUSE ЧЕРНАЯ СМОРОДИНА (бут 0,45л);Cider House;Товар;;180;4630178430543;кор. 12х0,45л ст бут.;730;Double Tree Черная Смородина;;Сider House "Double Tree Черная Смородина" (Cider), алк. 5.6% / Дабл Три Черная смородина, бут 0,45л;;Алкогольная продукция>Cider House>Double Tree бут;;;;;;;08400bce-001a-11ec-80d7-000c29d24b62
Сider House "Double Tree Черная Смородина" (Cider), алк. 5.6% / Дабл Три Черная смородина, бут 0,45л;138;00-00006152;CIDER HOUSE ЧЕРНАЯ СМОРОДИНА (бут 0,45л);Cider House;Товар;;180;4630178431205;кор. 12х0,45л ст бут.;730;Double Tree Черная Смородина;;Сider House "Double Tree Черная Смородина" (Cider), алк. 5.6% / Дабл Три Черная смородина, бут 0,45л;;Алкогольная продукция>Cider House>Double Tree бут;;;;;;;08400bce-001a-11ec-80d7-000c29d24b62
Chibis "3 Phase Switch" (IPA), алк. 10% / Трехфазный выключатель, пэт кег 20л;40;00-00008111;3 PHASE SWITCH (пэт кег 20л);CHIBIS Brewery;Товар;;560;4627156420351;пэт кег 20л;365;3 Phase Switch;3 Phase Switch;Chibis "3 Phase Switch" (IPA), алк. 10% / Трехфазный выключатель, пэт кег 20л;;Алкогольная продукция>CHIBIS Brewery>CHIBIS Brewery кег;10;80;;Triple IPA;4718520;;e9c6e7dd-a10b-11ec-80e1-000c29d24b62
Gravity Project "Rexberry" (Cider Semi-sweet) алк. 5% / Фирм стайл, бут. 0,45л;25;00-00022565;REXBERRY (бут. 0,45л);Gravity Project;Товар;;343;4603791714710;кор. 12х0,45л ст бут.;365;Rexberry;Rexberry;Gravity Project "Rexberry" (Cider Semi-sweet) алк. 5% / Фирм стайл, бут. 0,45л;;Алкогольная продукция>Gravity Project>Gravity Project стекло;5;;;Cider Semi-sweet;6488470;;84aef770-649c-11f1-9bbe-000c296fac54
Coma & Blur Brewery “Трип: Амстердам” (Sour - Smoothie / Pastry) алк. 5% / СМУЗИ 10, ж/б 0,45л;667;00-00022574;ТРИП: АМСТЕРДАМ (ж/б 0,45л);Coma Brewery;Товар;;306;4630522440020;кор. 12х0,45л ж/б;365;Трип: Амстердам;Трип: Амстердам;Coma & Blur Brewery “Трип: Амстердам” (Sour - Smoothie / Pastry) алк. 5% / СМУЗИ 10, ж/б 0,45л;Новинка!;Алкогольная продукция>SVOI (Сергиев Посад)>Coma Brewery>Coma Brewery ж>б;5;24;;Sour - Smoothie / Pastry;6718808;;d955f232-64b0-11f1-9bbe-000c296fac54
Coma & Blur Brewery “Трип: Амстердам” (Sour - Smoothie / Pastry) алк. 5% / СМУЗИ 10, ж/б 0,45л;667;00-00022574;ТРИП: АМСТЕРДАМ (ж/б 0,45л);Coma Brewery;Товар;;306;4630522442086;кор. 12х0,45л ж/б;365;Трип: Амстердам;Трип: Амстердам;Coma & Blur Brewery “Трип: Амстердам” (Sour - Smoothie / Pastry) алк. 5% / СМУЗИ 10, ж/б 0,45л;Новинка!;Алкогольная продукция>SVOI (Сергиев Посад)>Coma Brewery>Coma Brewery ж>б;5;24;;Sour - Smoothie / Pastry;6718808;;d955f232-64b0-11f1-9bbe-000c296fac54
Brewlok "Ноль Проблем" (Non-alco pale ale), алк. 0.5%  / Алкофри 15, ж/б 0,45л;30;00-00022595;НОЛЬ ПРОБЛЕМ (ж/б 0,45л);Brewlok;Товар;;254;4640437583224;кор. 12х0,45л ж/б;270;Ноль Проблем;Ноль Проблем;Brewlok "Ноль Проблем" (Non-alco pale ale), алк. 0.5%  / Алкофри 15, ж/б 0,45л;;Алкогольная продукция>Brewlok (Воронеж)>Brewlok б>а;0,50;;;Non-alco Pale Ale;6673718;;40843bce-68a6-11f1-9bbe-000c296fac54
Salden's "Tomato Gose Michelada Ed." (Gose) алк, 5%/Салденс Специальный Томатный Гозе, жб. 0,45л;25;00-00021805;TOMATO GOSE MICHELADA ED. (жб. 0,45л);Salden's;Товар;;296;4620085785324;кор. 20х0,45л ж/б;180;Tomato Gose Michelada Ed.;Tomato Gose Michelada Ed.;Salden's "Tomato Gose Michelada Ed." (Gose) алк, 5%/Салденс Специальный Томатный Гозе, жб. 0,45л;;Алкогольная продукция>Saldens>Salden's ж>б;5;;;Tomato Gose;;;09c93a32-1224-11f1-9bba-000c296fac54
HopHead "Асызбал из алычи" (Gose) алк. 6% / Хопхэд гозе 16, ж/б 0,45л;14;00-00021829;АСЫЗБАЛ ИЗ АЛЫЧИ (ж/б 0,45л);HopHead;Товар;;329;4620402494687;кор. 20х0,45л ж/б;360;Асызбал из алычи;Асызбал из алычи;HopHead "Асызбал из алычи" (Gose) алк. 6% / Хопхэд гозе 16, ж/б 0,45л;Новинка!;Алкогольная продукция>HopHead>HopHead ж>б;6;1;;Gose;6574676;;9ddd1cd9-1316-11f1-9bba-000c296fac54
Край Земли "Шорли Яблочный" (Lemonade) / Шорли Яблоко, бут. 0,33л;72;00-00021864;ШОРЛИ ЯБЛОЧНЫЙ (бут.0,33л);Край Земли;Товар;;215;4627192388233;кор. 12х0,33л ст. бут.;1095;Шорли Яблочный;Шорли Яблочный;Край Земли "Шорли Яблочный" (Lemonade) / Шорли Яблоко, бут. 0,33л;;Алкогольная продукция>Край Земли>Край Земли бут б>а;;;;Lemonade;;;76976957-1881-11f1-9bbb-000c296fac54
4 Brewers "Ruby Garden" (Fruit Beer) алк. 7% /Саур эль 49, ж/б 0,45л;43;00-00021874;RUBY GARDEN (ж/б 0,45л);4 Brewers;Товар;;301;4680820153245;кор. 06х0,45л ж/б;270;Ruby Garden;Ruby Garden;4 Brewers "Ruby Garden" (Fruit Beer) алк. 7% /Саур эль 49, ж/б 0,45л;;Алкогольная продукция>4 Brewers>4 Brewers ж>б;7;;;Fruit Beer;6620378;;ea83d1ad-1921-11f1-9bbb-000c296fac54
4 Brewers "Ruby Garden" (Fruit Beer) алк. 7% /Саур эль 49, ж/б 0,45л;43;00-00021874;RUBY GARDEN (ж/б 0,45л);4 Brewers;Товар;;301;4680820153283;кор. 06х0,45л ж/б;270;Ruby Garden;Ruby Garden;4 Brewers "Ruby Garden" (Fruit Beer) алк. 7% /Саур эль 49, ж/б 0,45л;;Алкогольная продукция>4 Brewers>4 Brewers ж>б;7;;;Fruit Beer;6620378;;ea83d1ad-1921-11f1-9bbb-000c296fac54
0,5 л бцв.19 гр. ПЭТ бутылка (упак. 100 шт.) НАКРУЧЕННЫЙ КОЛП;1900;00-00019680;0,5 л БЦВ. 19 ГР. ПЭТ БУТЫЛКА(уп.100 шт)НАКРУЧЕН;ПБ;Товар;;87;;;0;0,5 л бцв.19 гр. ПЭТ бутылка (упак. 100 шт.)НАКРУЧЕННЫЙ КОЛП;0,5 л бцв.19 гр. ПЭТ бутылка (упак. 100 шт.)НАКРУЧЕННЫЙ КОЛП;0,5 л бцв.19 гр. ПЭТ бутылка (упак. 100 шт.) НАКРУЧЕННЫЙ КОЛП;;Сопутствующие товары>ПЭТ ТАРА ПАКЕТЫ>ПЭТ;;;;;;;1c62600c-518d-11f0-9bac-000c296fac54
Ясная Поляна "Сидр полусухой с Лавандой '24" (Cider Semi-dry) алк. 4,5% / Ясная Поляна бут. 0,33л;8;00-00019754;СИДР ПОЛУСУХОЙ С ЛАВАНДОЙ '24 (бут. 0,33л);Ясная Поляна;Товар;;317;4670188811123;кор. 12х0,33л ст. бут.;730;Сидр полусухой с Лавандой '24;Сидр полусухой с Лавандой '24;Ясная Поляна "Сидр полусухой с Лавандой '24" (Cider Semi-dry) алк. 4,5% / Ясная Поляна бут. 0,33л;;Алкогольная продукция>Ясная Поляна>Ясная Поляна бут;4,50;;;Cider Semi-dry;6172807;;32db5fce-55aa-11f0-9bac-000c296fac54
Ясная Поляна "Сидр полусухой с Лавандой '24" (Cider Semi-dry) алк. 4,5% / Ясная Поляна бут. 0,33л;8;00-00019754;СИДР ПОЛУСУХОЙ С ЛАВАНДОЙ '24 (бут. 0,33л);Ясная Поляна;Товар;;317;4670188814476;кор. 12х0,33л ст. бут.;730;Сидр полусухой с Лавандой '24;Сидр полусухой с Лавандой '24;Ясная Поляна "Сидр полусухой с Лавандой '24" (Cider Semi-dry) алк. 4,5% / Ясная Поляна бут. 0,33л;;Алкогольная продукция>Ясная Поляна>Ясная Поляна бут;4,50;;;Cider Semi-dry;6172807;;32db5fce-55aa-11f0-9bac-000c296fac54
Бокал для пива «Хайбол (Банка Coma (кассета))», 0,47л, (Франция);60;00-00019768;БОКАЛ ХАЙБОЛ КАССЕТА COMA 0,47л.;Coma Brewery;Товар;Бокал для пива «Хайбол (Банка Coma (кассета))», 0,47л, (Франция);422;;Упаковка 6 шт.;0;Бокал Хайбол Кассета Coma 0,47л.;Бокал Хайбол Кассета Coma 0,47л.;Бокал для пива «Хайбол (Банка Coma (кассета))», 0,47л, (Франция);Новинка!;Сопутствующие товары>СВОИ>Сувенирные бокалы;;;;;;;966549e3-564d-11f0-9bac-000c296fac54
Леонид Леврана "Псковский Терруар (2023)" (Cider Semi-dry) алк. 5,5% / ПСКОВСКИЙ ТЕРРУАР, кег 20л;20;00-00019825;ПСКОВСКИЙ ТЕРРУАР (2023) (кег 20л);Сидродельня Леонида Леврана;Товар;;453;4603728537146;пэт кег 20л;365;Псковский Терруар (2023);Псковский Терруар (2023);Леонид Леврана "Псковский Терруар (2023)" (Cider Semi-dry) алк. 5,5% / ПСКОВСКИЙ ТЕРРУАР, кег 20л;;Алкогольная продукция>Сидродельня Леонида Леврана>Леврана кег;5,50;;;Cider Semi-dry;5986172;;ec509238-57ec-11f0-9bac-000c296fac54
Сider House "Double Tree Apple Cider Semi-Dry" (Сider) алк. 5,9% / Дабл Три, пэт кег 30л;240;00-00014486;DOUBLE TREE APPLE CIDER SEMI-DRY (пэт кег 30л);Cider House;Товар;;212;4680140431337;пэт кег 30л;540;Double Tree Apple Cider Semi-Dry;Double Tree Apple Cider Semi-Dry;Сider House "Double Tree Apple Cider Semi-Dry" (Сider) алк. 5,9% / Дабл Три, пэт кег 30л;;Алкогольная продукция>Cider House>Double Tree кег;5,90;;;Cider;4806964;;04c31a30-b9ca-11ee-815f-000c29bc6f5e
Ортодокс “ИПА Эльдорадо” (IPA) алк. 6,5% / ИПА 28, пэт кег 20л/шт;38;00-00014784;ИПА ЭЛЬДОРАДО (пэт кег 20л/шт);ОРТОДОКС;Товар;;0;4670161151055;пэт кег 20л/шт;365;ИПА Эльдорадо;ИПА Эльдорадо;Ортодокс “ИПА Эльдорадо” (IPA) алк. 6,5% / ИПА 28, пэт кег 20л/шт;;Алкогольная продукция>SVOI (Сергиев Посад)>Ортодокс кег пэт;6,50;50;16,50;IPA - American;5534519;;839b0709-d9ee-11ee-816c-000c29bc6f5e
Zavod "Salgam" (Gose) алк. 4,5% / Шалгам, ж/б 0,45л;19;00-00015848;SALGAM (ж/б 0,45л);Zavod Brewery;Товар;;343;4607967292729;кор. 20х0,45л ж/б;360;Salgam;Salgam;Zavod "Salgam" (Gose) алк. 4,5% / Шалгам, ж/б 0,45л;;Алкогольная продукция>Zavod Brewery>Zavod Brewery ж>б;4,50;;;Gose;5882212;;320bdabe-32fa-11ef-819c-000c29bc6f5e
Magic Mess "Понедельник" (Lager) алк.5% / Мэджик Месс Понедельник, пэт кег 30л;30;00-00016266;ПОНЕДЕЛЬНИК (пэт кег 30л);Magic Mess;Товар;;275;4660508890808;пэт кег 30л;365;Понедельник;Понедельник;Magic Mess "Понедельник" (Lager) алк.5% / Мэджик Месс Понедельник, пэт кег 30л;;Алкогольная продукция>Magic Mess>Magic Mess кег;5;;;Lager;5866714;;7320f0a0-5491-11ef-81bc-000c29bc6f5e
Selfmade "Paladin Cat" (Sour - Fruited) алк. 5,5% / СБ Юзернэйм, ж/б 0,45л;9;00-00022776;PALADIN CAT (ж/б 0,45л);Selfmade;Товар;;322;4640235994918;кор. 12х0,45л ж/б;363;Paladin Cat;Paladin Cat;Selfmade "Paladin Cat" (Sour - Fruited) алк. 5,5% / СБ Юзернэйм, ж/б 0,45л;;Алкогольная продукция>Selfmade>Selfmade ж>б;5,50;8;;Sour - Fruited;6753763;;3866e4c0-748c-11f1-9bbe-000c296fac54
Red Button "Wanderlust" (Barleywine), алк. 18%, / Имперский Пьюр, ж/б 0,33л;70;00-00022785;WANDERLUST (жб 0,33л);Red Button;Товар;;548;4670190942464;кор. 20х0,33л ж/б;720;Wanderlust;Wanderlust;Red Button "Wanderlust" (Barleywine), алк. 18%, / Имперский Пьюр, ж/б 0,33л;;Алкогольная продукция>Red Button>Red Button ж>б > стекло;18;;;Barleywine;6764232;;569ca8f9-754d-11f1-9bbe-000c296fac54
Chibis "Малиновый Код" (Fruit Beer), алк. 6,5% / Фрутбир Малина Мята, ж/б 0,45л;34;00-00022794;МАЛИНОВЫЙ КОД (ж/б 0,45л);CHIBIS Brewery;Товар;;327;4640233774390;кор. 06х0,45л ж/б;365;Малиновый Код;Малиновый Код;Chibis "Малиновый Код" (Fruit Beer), алк. 6,5% / Фрутбир Малина Мята, ж/б 0,45л;;Алкогольная продукция>CHIBIS Brewery>CHIBIS Brewery стекло > жб;6,50;;;Fruit Beer;6755760;;3c4b0f18-75e0-11f1-9bc0-000c296fac54
Chibis "Малиновый Код" (Fruit Beer), алк. 6,5% / Фрутбир Малина Мята, ж/б 0,45л;34;00-00022794;МАЛИНОВЫЙ КОД (ж/б 0,45л);CHIBIS Brewery;Товар;;327;4640233774512;кор. 06х0,45л ж/б;365;Малиновый Код;Малиновый Код;Chibis "Малиновый Код" (Fruit Beer), алк. 6,5% / Фрутбир Малина Мята, ж/б 0,45л;;Алкогольная продукция>CHIBIS Brewery>CHIBIS Brewery стекло > жб;6,50;;;Fruit Beer;6755760;;3c4b0f18-75e0-11f1-9bc0-000c296fac54
Big Village "ОРИЕНТИР" (American Pale Ale) алк. 5,5% / Американ Пейл Эль 3, ж/б 0,45л;15;00-00022805;ОРИЕНТИР (ж/б 0,45л);Big Village;Товар;;301;4620197365810;кор. 12х0,45л ж/б;240;ОРИЕНТИР;ОРИЕНТИР;Big Village "ОРИЕНТИР" (American Pale Ale) алк. 5,5% / Американ Пейл Эль 3, ж/б 0,45л;;Алкогольная продукция>Big Village>Big Village ж>б;5,50;40;;American Pale Ale;6764197;;7bd7c89c-7908-11f1-9bc1-000c296fac54
Big Village "ОРИЕНТИР" (American Pale Ale) алк. 5,5% / Американ Пейл Эль 3, ж/б 0,45л;15;00-00022805;ОРИЕНТИР (ж/б 0,45л);Big Village;Товар;;301;4620197365827;кор. 12х0,45л ж/б;240;ОРИЕНТИР;ОРИЕНТИР;Big Village "ОРИЕНТИР" (American Pale Ale) алк. 5,5% / Американ Пейл Эль 3, ж/б 0,45л;;Алкогольная продукция>Big Village>Big Village ж>б;5,50;40;;American Pale Ale;6764197;;7bd7c89c-7908-11f1-9bc1-000c296fac54
Black Cat "Dark Direction" (Porter), алк. 9.2% /ИМПЕРСКИЙ ПОРТЕР 01.26, пэт кег 20л;20;00-00021686;DARK DIRECTION (пэт кег 20л);Black Cat;Товар;;615;4650300022071;пэт кег 20л;360;Dark Direction;Dark Direction;Black Cat "Dark Direction" (Porter), алк. 9.2% /ИМПЕРСКИЙ ПОРТЕР 01.26, пэт кег 20л;;Алкогольная продукция>Black Cat Brewery>Black Cat Brewery кег;9,20;;;Porter;6566982;;c70aef48-01a5-11f1-9bba-000c296fac54
Rewort Brewery "Silent Enigma" (Pilsner - New Zealand) алк. 5,5% / САЙЛЕНТ ЭНИГМА, ж/б 0,45л;728;00-00021743;SILENT ENIGMA (ж/б 0,45л);Rewort;Товар;;243;4630522441355;кор. 12х0,45л ж/б;365;Silent Enigma;Silent Enigma;Rewort Brewery "Silent Enigma" (Pilsner - New Zealand) алк. 5,5% / САЙЛЕНТ ЭНИГМА, ж/б 0,45л;Новинка!;Алкогольная продукция>SVOI (Сергиев Посад)>Rewort ж>б;5,50;35;14;Pilsner - New Zealand;6584140;12;74013e3f-0bd1-11f1-9bba-000c296fac54
Rewort Brewery "Silent Enigma" (Pilsner - New Zealand) алк. 5,5% / САЙЛЕНТ ЭНИГМА, ж/б 0,45л;728;00-00021743;SILENT ENIGMA (ж/б 0,45л);Rewort;Товар;;243;4670161159570;кор. 12х0,45л ж/б;365;Silent Enigma;Silent Enigma;Rewort Brewery "Silent Enigma" (Pilsner - New Zealand) алк. 5,5% / САЙЛЕНТ ЭНИГМА, ж/б 0,45л;Новинка!;Алкогольная продукция>SVOI (Сергиев Посад)>Rewort ж>б;5,50;35;14;Pilsner - New Zealand;6584140;12;74013e3f-0bd1-11f1-9bba-000c296fac54
Big Pot "Serotonin: Strawberry & Guava (Smoothie Sour Ale) алк.6,5%/ БИГПОТ САУР 3,ж/б 0,45л;60;00-00021764;SEROTONIN: STRAWBERRY & GUAVA (ж/б 0,45л);Big Pot;Товар;;338;4620402491679;кор. 12х0,45л ж/б;360;SEROTONIN GUAVA & RASPBERRY;Serotonin: Strawberry & Guava;Big Pot "Serotonin: Strawberry & Guava (Smoothie Sour Ale) алк.6,5%/ БИГПОТ САУР 3,ж/б 0,45л;;Алкогольная продукция>Big Pot>Big Pot ж>б;6,50;;;Smoothie Sour Ale;4621146;;80c63305-0e2a-11f1-9bba-000c296fac54
Rewort Brewery "Примавера" (IPA - Milkshake) алк. 5,5% / МИЛКШЕЙК 69, ж/б 0,45л;812;00-00021790;ПРИМАВЕРА (ж/б 0,45л);Rewort;Товар;;296;4630522441485;кор. 12х0,45л ж/б;365;Примавера;Примавера;Rewort Brewery "Примавера" (IPA - Milkshake) алк. 5,5% / МИЛКШЕЙК 69, ж/б 0,45л;Новинка!;Алкогольная продукция>SVOI (Сергиев Посад)>Rewort ж>б;5,50;45;19,30;IPA - Milkshake;6603957;40;871c7a2d-117c-11f1-9bba-000c296fac54
Rewort Brewery "Примавера" (IPA - Milkshake) алк. 5,5% / МИЛКШЕЙК 69, ж/б 0,45л;812;00-00021790;ПРИМАВЕРА (ж/б 0,45л);Rewort;Товар;;296;4670161159693;кор. 12х0,45л ж/б;365;Примавера;Примавера;Rewort Brewery "Примавера" (IPA - Milkshake) алк. 5,5% / МИЛКШЕЙК 69, ж/б 0,45л;Новинка!;Алкогольная продукция>SVOI (Сергиев Посад)>Rewort ж>б;5,50;45;19,30;IPA - Milkshake;6603957;40;871c7a2d-117c-11f1-9bba-000c296fac54
Plague Brew "Umbanda" (Mead), алк. 10% / Напиток Специальный 2, ст. бут. 0,25л;26;00-00019886;UMBANDA (ст. бут. 0,25л);Plague Brew;Товар;;771;;кор. 20х0,25л ст. бут.;1825;Umbanda;Umbanda;Plague Brew "Umbanda" (Mead), алк. 10% / Напиток Специальный 2, ст. бут. 0,25л;;Алкогольная продукция>Plague Brew>Plague Brew ж>б бут;10;;;Mead - Melomel;6149224;;43079fa2-5bd7-11f0-9baf-000c296fac54
WS Brew "No Name" (Lager) алк. 4% / ВС Лагер 3, пэт кег 20л;60;00-00019964;NO NAME (пэт кег 20л);WS Brew;Товар;;290;4640229751619;пэт кег 20л;365;No Name;No Name;WS Brew "No Name" (Lager) алк. 4% / ВС Лагер 3, пэт кег 20л;;Алкогольная продукция>White Stonе>WS Brew кег;4;;;Lager;5227410;;57895ae4-6211-11f0-9baf-000c296fac54
Rewort & Overdose Brewery "Peanut Stout" (Stout - Milk), алк. 6,9%/ СТАУТ С ВЫПЕЧКОЙ 1 , ж/б 0,45л;12;00-00020008;PEANUT STOUT (ж/б 0,45л);Rewort;Товар;;264;4670161154308;кор. 12х0,45л ж/б;365;Peanut Stout;Peanut Stout;Rewort & Overdose Brewery "Peanut Stout" (Stout - Milk), алк. 6,9%/ СТАУТ С ВЫПЕЧКОЙ 1 , ж/б 0,45л;Новинка!;Алкогольная продукция>SVOI (Сергиев Посад)>Rewort ж>б;6,90;15;19;Milk Sweet Stout;6315601;65;dff69743-6312-11f0-9baf-000c296fac54
Rewort & Overdose Brewery "Peanut Stout" (Stout - Milk), алк. 6,9%/ СТАУТ С ВЫПЕЧКОЙ 1 , ж/б 0,45л;12;00-00020008;PEANUT STOUT (ж/б 0,45л);Rewort;Товар;;264;4670161158665;кор. 12х0,45л ж/б;365;Peanut Stout;Peanut Stout;Rewort & Overdose Brewery "Peanut Stout" (Stout - Milk), алк. 6,9%/ СТАУТ С ВЫПЕЧКОЙ 1 , ж/б 0,45л;Новинка!;Алкогольная продукция>SVOI (Сергиев Посад)>Rewort ж>б;6,90;15;19;Milk Sweet Stout;6315601;65;dff69743-6312-11f0-9baf-000c296fac54
Ортодокс “Посадское” (Lager) алк. 4,4% / ПОСАДСКОЕ, ж/б 0,45л;154;00-00020052;ПОСАДСКОЕ (ж/б 0,45л);ОРТОДОКС;Товар;;212;4670161154872;кор. 12х0,45л ж/б;365;Посадское;Посадское;Ортодокс “Посадское” (Lager) алк. 4,4% / ПОСАДСКОЕ, ж/б 0,45л;;Алкогольная продукция>SVOI (Сергиев Посад)>Ортодокс ж>б;4,40;25;13;Lager;4534989;;84ad5eb8-67ae-11f0-9baf-000c296fac54
Ортодокс “Посадское” (Lager) алк. 4,4% / ПОСАДСКОЕ, ж/б 0,45л;154;00-00020052;ПОСАДСКОЕ (ж/б 0,45л);ОРТОДОКС;Товар;;212;4670161155763;кор. 12х0,45л ж/б;365;Посадское;Посадское;Ортодокс “Посадское” (Lager) алк. 4,4% / ПОСАДСКОЕ, ж/б 0,45л;;Алкогольная продукция>SVOI (Сергиев Посад)>Ортодокс ж>б;4,40;25;13;Lager;4534989;;84ad5eb8-67ae-11f0-9baf-000c296fac54
Red Button "GINGERNADE" (Lemonade) / Джинджернад, ж/б 0,33л;34;00-00016735;GINGERNADE (ж/б 0,33л);Red Button;Товар;;206;4670190941795;кор. 20х0,33л ж/б;360;GINGERNADE;GINGERNADE;Red Button "GINGERNADE" (Lemonade) / Джинджернад, ж/б 0,33л;;Алкогольная продукция>Red Button>Red Button Б>А;0,50;;;Lemonade;;;599d5eb5-74d3-11ef-81f3-000c29bc6f5e
Chibis "ТА IPA которую мы брали вчера" (American IPA) алк. 6.5% / Та ИПА 1, ж/б 0,45л;23;00-00017172;ТА IPA КОТОРУЮ МЫ БРАЛИ ВЧЕРА (ж/б 0,45л);CHIBIS Brewery;Товар;;318;4640233771689;кор. 06х0,45л ж/б;365;ТА IPA которую мы брали вчера;ТА IPA которую мы брали вчера;Chibis "ТА IPA которую мы брали вчера" (American IPA) алк. 6.5% / Та ИПА 1, ж/б 0,45л;Новинка!;Алкогольная продукция>CHIBIS Brewery>CHIBIS Brewery стекло > жб;6,50;;;American IPA;5838723;;662ed609-9ce6-11ef-8210-000c29bc6f5e
Chibis "ТА IPA которую мы брали вчера" (American IPA) алк. 6.5% / Та ИПА 1, ж/б 0,45л;23;00-00017172;ТА IPA КОТОРУЮ МЫ БРАЛИ ВЧЕРА (ж/б 0,45л);CHIBIS Brewery;Товар;;318;4640233772945;кор. 06х0,45л ж/б;365;ТА IPA которую мы брали вчера;ТА IPA которую мы брали вчера;Chibis "ТА IPA которую мы брали вчера" (American IPA) алк. 6.5% / Та ИПА 1, ж/б 0,45л;Новинка!;Алкогольная продукция>CHIBIS Brewery>CHIBIS Brewery стекло > жб;6,50;;;American IPA;5838723;;662ed609-9ce6-11ef-8210-000c29bc6f5e
Токсовская Сидрерия "Heart of Gose (ex. Gose Point)" (Cider) алк.4,5% / Пандора, бут.0,33л;24;00-00017529;HEART OF GOSE (EX. GOSE POINT) (бут. 0,33л);On the Bones;Товар;;303;4627159252768;кор. 12х0,33л ст. бут.;1095;Heart of Gose (ex. Gose Point);Heart of Gose (ex. Gose Point);Токсовская Сидрерия "Heart of Gose (ex. Gose Point)" (Cider) алк.4,5% / Пандора, бут.0,33л;;Алкогольная продукция>On the Bones>On the Bones стекло;4,50;;;Cider;6029497;;e1daa65b-b6fe-11ef-8213-000c29bc6f5e
Big Village "ТРЕТИЙ ГЛАЗ" (New Zealand Pilsner) алк. 5,5% / НЗ Пилснер, ж/б 0,45л;9;00-00022806;ТРЕТИЙ ГЛАЗ (ж/б 0,45л);Big Village;Товар;;294;4620197365858;кор. 12х0,45л ж/б;240;ТРЕТИЙ ГЛАЗ;ТРЕТИЙ ГЛАЗ;Big Village "ТРЕТИЙ ГЛАЗ" (New Zealand Pilsner) алк. 5,5% / НЗ Пилснер, ж/б 0,45л;Новинка!;Алкогольная продукция>Big Village>Big Village ж>б;5,50;30;;New Zealand Pilsner;6764204;;8e4d0998-790b-11f1-9bc1-000c296fac54
Big Village "ТРЕТИЙ ГЛАЗ" (New Zealand Pilsner) алк. 5,5% / НЗ Пилснер, ж/б 0,45л;9;00-00022806;ТРЕТИЙ ГЛАЗ (ж/б 0,45л);Big Village;Товар;;294;4620197365865;кор. 12х0,45л ж/б;240;ТРЕТИЙ ГЛАЗ;ТРЕТИЙ ГЛАЗ;Big Village "ТРЕТИЙ ГЛАЗ" (New Zealand Pilsner) алк. 5,5% / НЗ Пилснер, ж/б 0,45л;Новинка!;Алкогольная продукция>Big Village>Big Village ж>б;5,50;30;;New Zealand Pilsner;6764204;;8e4d0998-790b-11f1-9bc1-000c296fac54
White Stone "Оплачено" (Double IPA) алк. 8,1% / ВС ДИПА 9, пэт кег 20л;60;00-00022835;ОПЛАЧЕНО (пэт кег 20л);White Stone;Товар;;427;4640229753309;пэт кег 20л;365;Оплачено;Оплачено;White Stone "Оплачено" (Double IPA) алк. 8,1% / ВС ДИПА 9, пэт кег 20л;Новинка!;Алкогольная продукция>White Stonе>White Stonе кег;8,10;90;;Double IPA;6756086;;651b850c-7abe-11f1-9bc1-000c296fac54
4 Brewers "Тренер не узнает" (Non-Alcoholic - Gose) алк. 0.5% / Гозе 4, ж/б 0,45л;48;00-00022848;ТРЕНЕР НЕ УЗНАЕТ (ж/б 0,45л);4 Brewers;Товар;;264;4680820157526;кор. 12х0,45л ж/б;180;Тренер не узнает;Тренер не узнает;4 Brewers "Тренер не узнает" (Non-Alcoholic - Gose) алк. 0.5% / Гозе 4, ж/б 0,45л;;Алкогольная продукция>4 Brewers>4 Brewers б>а;0,50;;;Non-Alcoholic Gose;6781004;;8c1ef675-7b8a-11f1-9bc1-000c296fac54
4 Brewers "Тренер не узнает" (Non-Alcoholic - Gose) алк. 0.5% / Гозе 4, ж/б 0,45л;48;00-00022848;ТРЕНЕР НЕ УЗНАЕТ (ж/б 0,45л);4 Brewers;Товар;;264;4680820157564;кор. 12х0,45л ж/б;180;Тренер не узнает;Тренер не узнает;4 Brewers "Тренер не узнает" (Non-Alcoholic - Gose) алк. 0.5% / Гозе 4, ж/б 0,45л;;Алкогольная продукция>4 Brewers>4 Brewers б>а;0,50;;;Non-Alcoholic Gose;6781004;;8c1ef675-7b8a-11f1-9bc1-000c296fac54
Zagovor Brewery "Unison" (Fruited) алк. 6%, / Унисон ж/б 0,45л;44;00-00022862;UNISON (ж/б  0,45л);Zagovor Brewery;Товар;;364;4670223014731;кор. 20х0,45л ж/б;365;Unison;Unison;Zagovor Brewery "Unison" (Fruited) алк. 6%, / Унисон ж/б 0,45л;;Алкогольная продукция>Zagovor Brewery>Zagovor Brewery ж>б;6;;;Fruited;5211738;;cba92b8a-8018-11f1-9bc3-000c296fac54
HopHead "Маракуйя Дипа" (Imperial IPA) алк. 8% / Хопхэд дабл ипа 1, пэт кег 20л;40;00-00022656;МАРАКУЙЯ DIPA (пэт кег 20л);HopHead;Товар;;424;4620402497343;пэт кег 20л;360;Маракуйя Дипа;Маракуйя Дипа;HopHead "Маракуйя Дипа" (Imperial IPA) алк. 8% / Хопхэд дабл ипа 1, пэт кег 20л;;Алкогольная продукция>HopHead>HopHead кег;8;70;;DIPA;1221912;;fe8ad621-6ef4-11f1-9bbe-000c296fac54
Big Pot "Easy Hop" (Session IPA) алк.4,5% / Бигпот ИПА 3, ж/б 0,45л;20;00-00022718;EASY HOP (ж/б 0,45л);Big Pot;Товар;;353;4620402497176;кор. 12х0,45л ж/б;360;Easy Hop;Easy Hop;Big Pot "Easy Hop" (Session IPA) алк.4,5% / Бигпот ИПА 3, ж/б 0,45л;Новинка!;Алкогольная продукция>Big Pot>Big Pot ж>б;4,50;;;Session IPA;6751644;;dc9d145d-6fc4-11f1-9bbe-000c296fac54
Big Pot "Rose" (Smoothie) алк. 7% / БИГПОТ СМУЗИ 21, пэт кег 20л;20;00-00022733;ROSE (пэт кег 20л);Big Pot;Товар;;548;4620402497442;пэт кег 20л;360;Rose;Rose;Big Pot "Rose" (Smoothie) алк. 7% / БИГПОТ СМУЗИ 21, пэт кег 20л;Новинка!;Алкогольная продукция>Big Pot>Big Pot кеги;7;;;Smoothie;6751642;;e703ad4f-6fc9-11f1-9bbe-000c296fac54
Мантра "Психоделика" (American IPA) алк 6% /Пиво светлое 7 ,ж/б 0,45л;83;00-00022751;ПСИХОДЕЛИКА (ж/б 0,45л);Мантра;Товар;;340;4620478130618;кор. 20х0,45л ж/б;365;Психоделика;Психоделика;Мантра "Психоделика" (American IPA) алк 6% /Пиво светлое 7 ,ж/б 0,45л;;Алкогольная продукция>Мантра>Мантра ж>б;6;30;;IPA - American;6653627;;0793e9f0-73ab-11f1-9bbe-000c296fac54
Blur Meadery “Классическая серия: Мёд с апельсином“ (Mead) алк. 5,0% / БЛЮР 10, пэт кег 20л/шт;23;00-00021904;МЁД С АПЕЛЬСИНОМ (пэт кег 20л/шт);BLUR;Товар;;0;4630522441775;пэт кег 20л/шт;365;Классическая серия: Мёд с апельсином;Классическая серия: Мёд с апельсином;Blur Meadery “Классическая серия: Мёд с апельсином“ (Mead) алк. 5,0% / БЛЮР 10, пэт кег 20л/шт;;Алкогольная продукция>SVOI (Сергиев Посад)>Blur Meadery кег пэт;5;;;Mead;6576237;;ff5a5295-1d35-11f1-9bbb-000c296fac54
Big Village "СКВОРЕЧНИК" (Lager - Pale) алк. 4,5% / Лагер, ж/б 0,45л;36;00-00021936;СКВОРЕЧНИК (ж/б 0,45л);Big Village;Товар;;241;4609642279483;кор. 12х0,45л ж/б;240;СКВОРЕЧНИК;СКВОРЕЧНИК;Big Village "СКВОРЕЧНИК" (Lager - Pale) алк. 4,5% / Лагер, ж/б 0,45л;;Алкогольная продукция>Big Village>Big Village ж>б;4,50;20;;Lager - Pale;6607593;;7c8fbadf-21db-11f1-9bbc-000c296fac54
Big Village "СКВОРЕЧНИК" (Lager - Pale) алк. 4,5% / Лагер, ж/б 0,45л;36;00-00021936;СКВОРЕЧНИК (ж/б 0,45л);Big Village;Товар;;241;4609642279490;кор. 12х0,45л ж/б;240;СКВОРЕЧНИК;СКВОРЕЧНИК;Big Village "СКВОРЕЧНИК" (Lager - Pale) алк. 4,5% / Лагер, ж/б 0,45л;;Алкогольная продукция>Big Village>Big Village ж>б;4,50;20;;Lager - Pale;6607593;;7c8fbadf-21db-11f1-9bbc-000c296fac54
Red Rocket "Weizen" (Hefeweizen), алк. 4,5% / РЕД РОКЕТ ВАЙЦЕН, ж/б 0,45л;40;00-00021962;WEIZEN (ж/б 0,45л);Red Rocket;Товар;;236;4640229932353;кор. 20х0,45л ж/б;360;Weizen;Weizen;Red Rocket "Weizen" (Hefeweizen), алк. 4,5% / РЕД РОКЕТ ВАЙЦЕН, ж/б 0,45л;;Алкогольная продукция>Red Rocket Brewery>Red Rocket ж>б;4,50;;;Hefeweizen;4800623;;28fd11fc-2429-11f1-9bbc-000c296fac54
White Stone "Экземпляр №4 / Dolcita" (New England IPA) алк. 6,4% / ВС НЕИПА Сингл 4, ж/б 0,45л;8;00-00021990;ЭКЗЕМПЛЯР №4 / DOLCITA (ж/б 0,45л);White Stone;Товар;;353;4640229752708;кор. 12х0,45л ж/б;365;Экземпляр №4 / Dolcita;Экземпляр №4 / Dolcita;White Stone "Экземпляр №4 / Dolcita" (New England IPA) алк. 6,4% / ВС НЕИПА Сингл 4, ж/б 0,45л;;Алкогольная продукция>White Stonе>White Stonе ж>б;6,40;30;;New England IPA;6609531;;44e4651b-243b-11f1-9bbc-000c296fac54
White Stone "Экземпляр №4 / Dolcita" (New England IPA) алк. 6,4% / ВС НЕИПА Сингл 4, ж/б 0,45л;8;00-00021990;ЭКЗЕМПЛЯР №4 / DOLCITA (ж/б 0,45л);White Stone;Товар;;353;4640229752715;кор. 12х0,45л ж/б;365;Экземпляр №4 / Dolcita;Экземпляр №4 / Dolcita;White Stone "Экземпляр №4 / Dolcita" (New England IPA) алк. 6,4% / ВС НЕИПА Сингл 4, ж/б 0,45л;;Алкогольная продукция>White Stonе>White Stonе ж>б;6,40;30;;New England IPA;6609531;;44e4651b-243b-11f1-9bbc-000c296fac54
Brewlok "Хой" (American Pale Ale), алк. 5.2% / Эль 21, ж/б 0,45л;3;00-00020105;ХОЙ (ж/б 0,45л);Brewlok;Товар;;286;4640437580285;кор. 12х0,45л ж/б;366;Хой;Хой;Brewlok "Хой" (American Pale Ale), алк. 5.2% / Эль 21, ж/б 0,45л;;Алкогольная продукция>Brewlok (Воронеж)>Brewlok ж>б;5,20;;;American Pale Ale;5167732;;45229476-6c80-11f0-9baf-000c296fac54
Rewort Brewery "Snoop D." (West Coast IPA) алк. 6,7% / СНУП Д., ж/б 0,45л;487;00-00020321;SNOOP D. (ж/б 0,45л);Rewort;Товар;;296;4670161154445;кор. 12х0,45л ж/б;365;Snoop D.;Snoop D.;Rewort Brewery "Snoop D." (West Coast IPA) алк. 6,7% / СНУП Д., ж/б 0,45л;;Алкогольная продукция>SVOI (Сергиев Посад)>Rewort ж>б;6,70;;;West Coast IPA;5141370;;ff49d897-78ea-11f0-9bb0-000c296fac54
Rewort Brewery "Snoop D." (West Coast IPA) алк. 6,7% / СНУП Д., ж/б 0,45л;487;00-00020321;SNOOP D. (ж/б 0,45л);Rewort;Товар;;296;4670161155404;кор. 12х0,45л ж/б;365;Snoop D.;Snoop D.;Rewort Brewery "Snoop D." (West Coast IPA) алк. 6,7% / СНУП Д., ж/б 0,45л;;Алкогольная продукция>SVOI (Сергиев Посад)>Rewort ж>б;6,70;;;West Coast IPA;5141370;;ff49d897-78ea-11f0-9bb0-000c296fac54
Край Земли "Полусладкий" (Semi Sweet Cider) алк. 5,5% / КРАЙ ЗЕМЛИ, бут. 0,33л;78;00-00020340;ПОЛУСЛАДКИЙ (бут.0,33л);Край Земли;Товар;;325;4627192388585;кор. 12х0,33л ст. бут.;1095;Полусладкий;Полусладкий;Край Земли "Полусладкий" (Semi Sweet Cider) алк. 5,5% / КРАЙ ЗЕМЛИ, бут. 0,33л;;Алкогольная продукция>Край Земли>Край земли бут;5,50;;;Semi Sweet Cider;5716090;;3db4c4bd-79a9-11f0-9bb0-000c296fac54
Ортодокс “Стаут” (Stout) алк. 4,5% / Стаут, ж/б 0,45л;156;00-00020393;СТАУТ (ж/б 0,45л);ОРТОДОКС;Товар;;227;4670161155770;кор. 12х0,45л ж/б;365;Стаут;Стаут;Ортодокс “Стаут” (Stout) алк. 4,5% / Стаут, ж/б 0,45л;;Алкогольная продукция>SVOI (Сергиев Посад)>Ортодокс ж>б;4,50;15;13;Stout;2380544;;7c637488-7dbf-11f0-9bb0-000c296fac54
Ортодокс “Стаут” (Stout) алк. 4,5% / Стаут, ж/б 0,45л;156;00-00020393;СТАУТ (ж/б 0,45л);ОРТОДОКС;Товар;;227;4670161159600;кор. 12х0,45л ж/б;365;Стаут;Стаут;Ортодокс “Стаут” (Stout) алк. 4,5% / Стаут, ж/б 0,45л;;Алкогольная продукция>SVOI (Сергиев Посад)>Ортодокс ж>б;4,50;15;13;Stout;2380544;;7c637488-7dbf-11f0-9bb0-000c296fac54
Selfmade "Tomato Method" (Tomato Gose) алк. 5,6% / СБ Томато Метод, ж/б 0,45л;30;00-00017813;TOMATO METHOD (ж/б 0,45л);Selfmade;Товар;;290;4640235994154;кор. 12х0,45л ж/б;363;Tomato Method;Tomato Method;Selfmade "Tomato Method" (Tomato Gose) алк. 5,6% / СБ Томато Метод, ж/б 0,45л;;Алкогольная продукция>Selfmade>Selfmade ж>б;5,60;20;;Tomato Gose;3703753;;70c2464d-d17e-11ef-821a-000c29bc6f5e
Zagovor Brewery "Hop Division" (American IPA) алк. 6,5%, / Хоп Дивижн, ж/б 0,45л;70;00-00017880;HOP DIVISION (ж/б 0,45л);Zagovor Brewery;Товар;;327;4670223011945;кор. 20х0,45л ж/б;365;Hop Division;Hop Division;Zagovor Brewery "Hop Division" (American IPA) алк. 6,5%, / Хоп Дивижн, ж/б 0,45л;;Алкогольная продукция>Zagovor Brewery>Zagovor Brewery ж>б;6,50;77;16,20;West Coast IPA;1460473;;7eed9bb0-d7ec-11ef-821e-000c29bc6f5e
Ostrovica "Holy DIPA" (Double IPA), алк. 8,2% / Островица Холи ДИПЭ, ж/б 0,45л;85;00-00017927;HOLY DIPA (ж/б 0,45л);Ostrovica Brewery;Товар;;289;4640205264867;кор. 20х0,45л ж/б;360;Holy DIPA;Holy DIPA;Ostrovica "Holy DIPA" (Double IPA), алк. 8,2% / Островица Холи ДИПЭ, ж/б 0,45л;;Алкогольная продукция>Ostrovica (Аша)>Ostrovica ж>б;8,20;100;19;Double IPA;1962051;;07cad33e-da51-11ef-821f-000c29bc6f5e
Ostrovica "Holy DIPA" (Double IPA), алк. 8,2% / Островица Холи ДИПЭ, ж/б 0,45л;85;00-00017927;HOLY DIPA (ж/б 0,45л);Ostrovica Brewery;Товар;;289;4640205264898;кор. 20х0,45л ж/б;360;Holy DIPA;Holy DIPA;Ostrovica "Holy DIPA" (Double IPA), алк. 8,2% / Островица Холи ДИПЭ, ж/б 0,45л;;Алкогольная продукция>Ostrovica (Аша)>Ostrovica ж>б;8,20;100;19;Double IPA;1962051;;07cad33e-da51-11ef-821f-000c29bc6f5e
4 Brewers "Зависимость" (Gose) алк. 5% / Зависимость, ж/б 0,45л;78;00-00018057;ЗАВИСИМОСТЬ (ж/б 0,45л);4 Brewers;Товар;;306;4680583606712;кор. 12х0,45л ж/б;360;Зависимость;Зависимость;4 Brewers "Зависимость" (Gose) алк. 5% / Зависимость, ж/б 0,45л;;Алкогольная продукция>4 Brewers>4 Brewers ж>б;5;;;Gose;2913906;;1af802d0-e2f6-11ef-8221-000c29bc6f5e
4 Brewers "Зависимость" (Gose) алк. 5% / Зависимость, ж/б 0,45л;78;00-00018057;ЗАВИСИМОСТЬ (ж/б 0,45л);4 Brewers;Товар;;306;4680583608372;кор. 12х0,45л ж/б;360;Зависимость;Зависимость;4 Brewers "Зависимость" (Gose) алк. 5% / Зависимость, ж/б 0,45л;;Алкогольная продукция>4 Brewers>4 Brewers ж>б;5;;;Gose;2913906;;1af802d0-e2f6-11ef-8221-000c29bc6f5e
HopHead "Томатный суп с пельменями" (Gose) алк 6% / Хопхэд гозе 25, ж/б 0,45л;27;00-00022890;ТОМАТНЫЙ СУП С ПЕЛЬМЕНЯМИ (ж/б 0,45л);HopHead;Товар;;350;4620402496414;кор. 20х0,45л ж/б;360;Томатный суп с пельменями;Томатный суп с пельменями;HopHead "Томатный суп с пельменями" (Gose) алк 6% / Хопхэд гозе 25, ж/б 0,45л;;Алкогольная продукция>HopHead>HopHead ж>б;6;1;;Gose;6742312;;142a5600-804c-11f1-9bc3-000c296fac54
Brewlok "PartyHop: Citra" (Double IPA) алк. 6.9% / Эль 88, пэт кег 20л;20;00-00022933;PARTYHOP: CITRA (пэт кег 20л);Brewlok;Товар;;527;4640437583590;пэт кег 20л;366;PartyHop: Citra;PartyHop: Citra;Brewlok "PartyHop: Citra" (Double IPA) алк. 6.9% / Эль 88, пэт кег 20л;;Алкогольная продукция>Brewlok (Воронеж)>Brewlok кег;6,90;;;Double IPA;6763312;;fbd88d08-810c-11f1-9bc3-000c296fac54
Леонид Леврана "Пуаре" (Dry Cider) алк. 5,5% / ЛЕОНИД ЛЕВРАНА, пэт кег 20л;40;00-00022949;ПУАРЕ (пэт кег 20л);Сидродельня Леонида Леврана;Товар;;558;4603728537986;пэт кег 20л;365;Пуаре;Пуаре;Леонид Леврана "Пуаре" (Dry Cider) алк. 5,5% / ЛЕОНИД ЛЕВРАНА, пэт кег 20л;;Алкогольная продукция>Сидродельня Леонида Леврана>Леврана кег;5,50;;;Dry Pear Cider;6223399;;c412f419-8415-11f1-9bc3-000c296fac54
Selfmade "Spiral Code" (Pilsner) алк. 5,3% /СБ ИПА 8, ж/б 0,45л;9;00-00022020;SPIRAL CODE (ж/б 0,45л);Selfmade;Товар;;296;4640235994284;кор. 12х0,45л ж/б;363;Spiral Code;Spiral Code;Selfmade "Spiral Code" (Pilsner) алк. 5,3% /СБ ИПА 8, ж/б 0,45л;;Алкогольная продукция>Selfmade>Selfmade ж>б;5,30;35;;Pilsner;6646320;;089977ea-2915-11f1-9bbc-000c296fac54
Magic Mess "Понедельник Galaxy" (India Pale Lager) алк.5% /Мэджик Месс Лагер 2, ж/б 0,45л;34;00-00022069;ПОНЕДЕЛЬНИК GALAXY (ж/б 0,45л);Magic Mess;Товар;;306;4660508890969;кор. 12х0,45л ж/б;365;Понедельник Galaxy;Понедельник Galaxy;Magic Mess "Понедельник Galaxy" (India Pale Lager) алк.5% /Мэджик Месс Лагер 2, ж/б 0,45л;;Алкогольная продукция>Magic Mess>Magic Mess ж>б;5;;;India Pale Lager;6573866;;84fbd373-2cdb-11f1-9bbc-000c296fac54
Selfmade "Imaginary Places" (New England Hazy IPA) алк. 6% / СБ НЕИПА 10, ж/б 0,45л;7;00-00022090;IMAGINARY PLACES (ж/б 0,45л);Selfmade;Товар;;353;4640235994321;кор. 12х0,45л ж/б;363;Imaginary Places;Imaginary Places;Selfmade "Imaginary Places" (New England Hazy IPA) алк. 6% / СБ НЕИПА 10, ж/б 0,45л;;Алкогольная продукция>Selfmade>Selfmade ж>б;6;47;;New England Hazy IPA;6662458;;0284ec46-325a-11f1-9bbc-000c296fac54
Stamm Brewing "Spring Secret" (New England Hazy IPA) алк 7% / НЕИПА 9, ж/б 0,45л;7;00-00022136;SPRING SECRET (ж/б 0,45л);Stamm Brewing;Товар;;374;4610297653962;кор. 12х0,45л ж/б;365;Spring Secret;Spring Secret;Stamm Brewing "Spring Secret" (New England Hazy IPA) алк 7% / НЕИПА 9, ж/б 0,45л;;Алкогольная продукция>Stamm Brewing>Stamm Brewing ж>б, бут;7;;;New England Hazy IPA;6664242;;f41c1257-38b9-11f1-9bbc-000c296fac54
Stamm Brewing "Spring Secret" (New England Hazy IPA) алк 7% / НЕИПА 9, ж/б 0,45л;7;00-00022136;SPRING SECRET (ж/б 0,45л);Stamm Brewing;Товар;;374;4610297654105;кор. 12х0,45л ж/б;365;Spring Secret;Spring Secret;Stamm Brewing "Spring Secret" (New England Hazy IPA) алк 7% / НЕИПА 9, ж/б 0,45л;;Алкогольная продукция>Stamm Brewing>Stamm Brewing ж>б, бут;7;;;New England Hazy IPA;6664242;;f41c1257-38b9-11f1-9bbc-000c296fac54
Ортодокс “Марцен” (Lager) алк. 5,5% / МАРЦЕН, пэт кег 20л/шт;27;00-00020408;МАРЦЕН (пэт кег 20л/шт);ОРТОДОКС;Товар;;0;4670161157545;пэт кег 20л/шт;365;Марцен;Марцен;Ортодокс “Марцен” (Lager) алк. 5,5% / МАРЦЕН, пэт кег 20л/шт;;Алкогольная продукция>SVOI (Сергиев Посад)>Ортодокс кег пэт;5,50;21;14,50;Lager;5577302;;c42a43e7-7f23-11f0-9bb0-000c296fac54
Coma Brewery & Смысловые Галлюцинации "Розовые очки" (Sour Ale) алк. 6,1% / РОЗОВЫЕ ОЧКИ, ж/б 0,45л;1509;00-00020498;РОЗОВЫЕ ОЧКИ (ж/б 0,45л);Coma Brewery;Товар;;306;4670161157026;кор. 12х0,45л ж/б;365;Розовые очки;Розовые очки;Coma Brewery & Смысловые Галлюцинации "Розовые очки" (Sour Ale) алк. 6,1% / РОЗОВЫЕ ОЧКИ, ж/б 0,45л;Новинка!;Алкогольная продукция>SVOI (Сергиев Посад)>Coma Brewery>Coma Brewery ж>б;6,10;;;Pink Guava, Strawberry And Mango Extra Fruited Sour Ale;5320968;;3acacbab-888f-11f0-9bb0-000c296fac54
Plague Brew "HopLag Cryo Pop" (India Pale Lager) алк. 5,5% / Светлый Контракт 3, ж/б 0,45л;34;00-00020549;HOPLAG CRYO POP (ж/б 0,45л);Plague Brew;Товар;;324;4660512527295;кор. 06х0,45л ж/б;365;HopLag Cryo Pop;HopLag Cryo Pop;Plague Brew "HopLag Cryo Pop" (India Pale Lager) алк. 5,5% / Светлый Контракт 3, ж/б 0,45л;;Алкогольная продукция>Plague Brew>Plague Brew ж>б бут;5,50;;;India Pale Lager;6325939;;f4d40830-8a5c-11f0-9bb0-000c296fac54
TBP "Горько" (IPA) алк. 6% / Теория большого пива 3, ж/б 0,45л;478;00-00020586;ГОРЬКО (ж/б 0,45л);TBP;Товар;;322;4670161158870;кор. 12х0,45л ж/б;365;Горько;Горько;TBP "Горько" (IPA) алк. 6% / Теория большого пива 3, ж/б 0,45л;Новинка!;Алкогольная продукция>Ostrovica (Аша)>ТВР ж>б;6;;;IPA - American;6409107;;75b55a74-8f12-11f0-9bb0-000c296fac54
Zagovor Brewery "Planespotting Spot" (West Coast Pale Ale) алк. 5,5%/Плэйнспоттинг спот, ж/б  0,45л;50;00-00018117;PLANESPOTTING SPOT (ж/б 0,45л);Zagovor Brewery;Товар;;317;4670223012232;кор. 20х0,45л ж/б;365;Planespotting Spot;Planespotting Spot;Zagovor Brewery "Planespotting Spot" (West Coast Pale Ale) алк. 5,5%/Плэйнспоттинг спот, ж/б  0,45л;;Алкогольная продукция>Zagovor Brewery>Zagovor Brewery ж>б;5,50;55;;West Coast Pale Ale;6151172;;3427671a-e850-11ef-8221-000c29bc6f5e
Salden's "Grapefruit DIPA" (DIPA) алк, 7% / Грейпфрут Дабл Ипа, жб. 0,45л;9;00-00018166;GRAPEFRUIT DIPA (жб. 0,45л);Salden's;Товар;Двойной ИПА с цедрой грейпфрута.;296;4620085786116;кор. 20х0,45л ж/б;180;Grapefruit DIPA;Grapefruit DIPA;Salden's "Grapefruit DIPA" (DIPA) алк, 7% / Грейпфрут Дабл Ипа, жб. 0,45л;;Алкогольная продукция>Saldens>Salden's ж>б;7;120;18,50;Grapefruit DIPA;1806003;;d4cea6b2-e950-11ef-8221-000c29bc6f5e
Rewort Brewery "Crystal Method" (Dry Hopped Gose) алк. 5,7% / Кристал Метод , ж/б 0,45л;490;00-00018269;CRYSTAL METHOD (ж/б 0,45л);Rewort;Товар;Классический гозе - кристаллы соли и кориандра, "Denali" на сухом охмелении/;254;4670161154698;кор. 12х0,45л ж/б;365;Crystal Method;Crystal Method;Rewort Brewery "Crystal Method" (Dry Hopped Gose) алк. 5,7% / Кристал Метод , ж/б 0,45л;;Алкогольная продукция>SVOI (Сергиев Посад)>Rewort ж>б;5,70;35;16;Gose With Dry Hop;2899396;10;435ef52a-f40b-11ef-8222-000c29bc6f5e
Rewort Brewery "Crystal Method" (Dry Hopped Gose) алк. 5,7% / Кристал Метод , ж/б 0,45л;490;00-00018269;CRYSTAL METHOD (ж/б 0,45л);Rewort;Товар;Классический гозе - кристаллы соли и кориандра, "Denali" на сухом охмелении/;254;4670161155015;кор. 12х0,45л ж/б;365;Crystal Method;Crystal Method;Rewort Brewery "Crystal Method" (Dry Hopped Gose) алк. 5,7% / Кристал Метод , ж/б 0,45л;;Алкогольная продукция>SVOI (Сергиев Посад)>Rewort ж>б;5,70;35;16;Gose With Dry Hop;2899396;10;435ef52a-f40b-11ef-8222-000c29bc6f5e
White Stone "На районе" (India Pale Ale) алк. 6% / ВС ИПА 3, ж/б 0,45л;53;00-00022977;НА РАЙОНЕ (ж/б 0,45л);White Stone;Товар;;327;4640229753385;кор. 12х0,45л ж/б;365;На районе;На районе;White Stone "На районе" (India Pale Ale) алк. 6% / ВС ИПА 3, ж/б 0,45л;;Алкогольная продукция>White Stonе>White Stonе ж>б;6;73;;India Pale Ale;6781056;;967c2b26-85a6-11f1-9bc3-000c296fac54
White Stone "На районе" (India Pale Ale) алк. 6% / ВС ИПА 3, ж/б 0,45л;53;00-00022977;НА РАЙОНЕ (ж/б 0,45л);White Stone;Товар;;327;4640229753392;кор. 12х0,45л ж/б;365;На районе;На районе;White Stone "На районе" (India Pale Ale) алк. 6% / ВС ИПА 3, ж/б 0,45л;;Алкогольная продукция>White Stonе>White Stonе ж>б;6;73;;India Pale Ale;6781056;;967c2b26-85a6-11f1-9bc3-000c296fac54
Black Cat "ЯСНО КРАСНО" (Fruit Beer), алк. 6.9% / ЯСНО КРАСНО, ж/б 0,45л;76;00-00022987;ЯСНО КРАСНО (ж/б 0,45л);Black Cat;Товар;;327;4650300022880;кор. 12х0,45л ж/б;360;ЯСНО КРАСНО;ЯСНО КРАСНО;Black Cat "ЯСНО КРАСНО" (Fruit Beer), алк. 6.9% / ЯСНО КРАСНО, ж/б 0,45л;;Алкогольная продукция>Black Cat Brewery>Black Cat Brewery стекло > жб;6,90;;;Fruit Beer;6793401;;4aecf672-865d-11f1-9bc3-000c296fac54
Меда Сибири "Медовый Твист: Малина\кизил\можжевельник" (Mead) алк. 6% / Меломель №5, ж/б 0,45л;79;00-00022998;МЕДОВЫЙ ТВИСТ: МАЛИНА\КИЗИЛ\МОЖЖЕВЕЛЬН (ж/б 0,45л);Меда Сибири;Товар;;317;4660387591698;кор. 12х0,45л ж/б;365;Медовый Твист: Малина\кизил\можжевельник;Медовый Твист: Малина\кизил\можжевельник;Меда Сибири "Медовый Твист: Малина\кизил\можжевельник" (Mead) алк. 6% / Меломель №5, ж/б 0,45л;;Алкогольная продукция>Меда Сибири>Меда Сибири жб>бут;6;;;Mead - Melomel;6672726;;2ea28bc6-8a55-11f1-9bc3-000c296fac54
Red Rocket "SIEGE" (IPA - Farmhouse) алк. 6.5% /РЕД РОКЕТ КОРВЕН ж/б 0,45л;35;00-00023008;SIEGE (ж/б 0,45л);Red Rocket;Товар;;341;4640229932773;кор. 20х0,45л ж/б;360;SIEGE;SIEGE;Red Rocket "SIEGE" (IPA - Farmhouse) алк. 6.5% /РЕД РОКЕТ КОРВЕН ж/б 0,45л;;Алкогольная продукция>Red Rocket Brewery>Red Rocket ж>б;6,50;;;IPA - Farmhouse;6781321;;c2eaf582-8b40-11f1-9bc3-000c296fac54
Zavod "Hazelcore" (Milk Stout) алк.6% / Темное, ж/б  0,45л;10;00-00021123;HAZELCORE (ж/б 0,45л);Zavod Brewery;Товар;;317;4630250301204;кор. 20х0,45л ж/б;360;Hazelcore;Hazelcore;Zavod "Hazelcore" (Milk Stout) алк.6% / Темное, ж/б  0,45л;;Алкогольная продукция>Zavod Brewery>Zavod Brewery ж>б;6;20;;Milk Stout;6469941;;0d3b8030-c142-11f0-9bb2-000c296fac54
Zavod "Hazelcore" (Milk Stout) алк.6% / Темное, ж/б  0,45л;10;00-00021123;HAZELCORE (ж/б 0,45л);Zavod Brewery;Товар;;317;4630250301211;кор. 20х0,45л ж/б;360;Hazelcore;Hazelcore;Zavod "Hazelcore" (Milk Stout) алк.6% / Темное, ж/б  0,45л;;Алкогольная продукция>Zavod Brewery>Zavod Brewery ж>б;6;20;;Milk Stout;6469941;;0d3b8030-c142-11f0-9bb2-000c296fac54
Mister Bee "Classic" (Mead) алк. 5% / Мистер БИ, бут 0,45л;24;00-00021210;MISTER BEE CLASSIC (бут 0,45л);Cider House;Товар;;185;4680140431528;кор. 12х0,45л ст бут.;730;Mister Bee Classic;Mister Bee Classic;Mister Bee "Classic" (Mead) алк. 5% / Мистер БИ, бут 0,45л;;Алкогольная продукция>Cider House>Mister Bee бут;5;;;Mead;6348197;;d27e5bf8-c9cc-11f0-9bb2-000c296fac54
Mister Bee "Classic" (Mead) алк. 5% / Мистер БИ, бут 0,45л;24;00-00021210;MISTER BEE CLASSIC (бут 0,45л);Cider House;Товар;;185;4680140432174;кор. 12х0,45л ст бут.;730;Mister Bee Classic;Mister Bee Classic;Mister Bee "Classic" (Mead) алк. 5% / Мистер БИ, бут 0,45л;;Алкогольная продукция>Cider House>Mister Bee бут;5;;;Mead;6348197;;d27e5bf8-c9cc-11f0-9bb2-000c296fac54
Chibis "Alicante" (IPA) алк.5,6% / Аликанте, ж/б 0,45л;33;00-00021247;ALICANTE (ж/б 0,45л);CHIBIS Brewery;Товар;;306;4640233773171;кор. 06х0,45л ж/б;365;Alicante;Alicante;Chibis "Alicante" (IPA) алк.5,6% / Аликанте, ж/б 0,45л;;Алкогольная продукция>CHIBIS Brewery>CHIBIS Brewery стекло > жб;5,60;;;IPA;6500121;;2cfba086-cb9b-11f0-9bb2-000c296fac54
Chibis "Alicante" (IPA) алк.5,6% / Аликанте, ж/б 0,45л;33;00-00021247;ALICANTE (ж/б 0,45л);CHIBIS Brewery;Товар;;306;4640233773232;кор. 06х0,45л ж/б;365;Alicante;Alicante;Chibis "Alicante" (IPA) алк.5,6% / Аликанте, ж/б 0,45л;;Алкогольная продукция>CHIBIS Brewery>CHIBIS Brewery стекло > жб;5,60;;;IPA;6500121;;2cfba086-cb9b-11f0-9bb2-000c296fac54
Rewort Brewery "Новогодний огонёк" (Stout - Imperial) алк. 7,0% / ДАБЛ СТАУТ 5, ж/б 0,45л;1778;00-00021301;НОВОГОДНИЙ ОГОНЁК (ж/б 0,45л);Rewort;Товар;;264;4630522440549;кор. 12х0,45л ж/б;365;Новогодний огонёк;Новогодний огонёк;Rewort Brewery "Новогодний огонёк" (Stout - Imperial) алк. 7,0% / ДАБЛ СТАУТ 5, ж/б 0,45л;Новинка!;Алкогольная продукция>SVOI (Сергиев Посад)>Rewort ж>б;7;20;21;Double Stout;6488334;80;257f47ac-d051-11f0-9bb2-000c296fac54
Rewort Brewery "Новогодний огонёк" (Stout - Imperial) алк. 7,0% / ДАБЛ СТАУТ 5, ж/б 0,45л;1778;00-00021301;НОВОГОДНИЙ ОГОНЁК (ж/б 0,45л);Rewort;Товар;;264;4670161159365;кор. 12х0,45л ж/б;365;Новогодний огонёк;Новогодний огонёк;Rewort Brewery "Новогодний огонёк" (Stout - Imperial) алк. 7,0% / ДАБЛ СТАУТ 5, ж/б 0,45л;Новинка!;Алкогольная продукция>SVOI (Сергиев Посад)>Rewort ж>б;7;20;21;Double Stout;6488334;80;257f47ac-d051-11f0-9bb2-000c296fac54
Chibis "Карамбуляж" (DIPA), алк. 8,5% / Карамбуляж Дабл ИПА, ж/б 0,45л;24;00-00018747;КАРАМБУЛЯЖ (ж/б 0,45л);CHIBIS Brewery;Товар;;329;4640233771351;кор. 06х0,45л ж/б;365;Карамбуляж;Карамбуляж;Chibis "Карамбуляж" (DIPA), алк. 8,5% / Карамбуляж Дабл ИПА, ж/б 0,45л;;Алкогольная продукция>CHIBIS Brewery>CHIBIS Brewery стекло > жб;8,50;70;19;Double IPA;2301279;;f122c640-145c-11f0-822e-000c29bc6f5e
Chibis "Карамбуляж" (DIPA), алк. 8,5% / Карамбуляж Дабл ИПА, ж/б 0,45л;24;00-00018747;КАРАМБУЛЯЖ (ж/б 0,45л);CHIBIS Brewery;Товар;;329;4640233772464;кор. 06х0,45л ж/б;365;Карамбуляж;Карамбуляж;Chibis "Карамбуляж" (DIPA), алк. 8,5% / Карамбуляж Дабл ИПА, ж/б 0,45л;;Алкогольная продукция>CHIBIS Brewery>CHIBIS Brewery стекло > жб;8,50;70;19;Double IPA;2301279;;f122c640-145c-11f0-822e-000c29bc6f5e
Paradox “Chateau Rouge" (Fruit Beer) алк. 6,5% / Парадокс Ягодный 1, жб. 0,45л;12;00-00018822;CHATEAU ROUGE (жб. 0,45л);Paradox Brewery;Товар;;324;4610359540445;кор. 12х0,45л ж/б;365;Chateau Rouge;Chateau Rouge;Paradox “Chateau Rouge" (Fruit Beer) алк. 6,5% / Парадокс Ягодный 1, жб. 0,45л;;Алкогольная продукция>Paradox Brewery>Paradox Brewery стекло, ж>б;6,50;12;;Fruit Beer;6108787;;5ac79321-19c8-11f0-9ba9-000c296fac54
Salden's "Tomato Gose Mexican Ed." (Gose) алк, 5% / Томатный Гозе Мексика , жб. 0,45л;25;00-00018938;TOMATO GOSE MEXICAN ED.(жб. 0,45л);Salden's;Товар;;296;4620085785416;кор. 20х0,45л ж/б;180;Tomato Gose Mexican Edition;Tomato Gose Mexican Edition;Salden's "Tomato Gose Mexican Ed." (Gose) алк, 5% / Томатный Гозе Мексика , жб. 0,45л;;Алкогольная продукция>Saldens>Salden's ж>б;5;;;Gose;4507931;;de56ef0a-1f68-11f0-9baa-000c296fac54
Zagovor Brewery "Recovery Pils" (New Zealand Pilsner) алк. 4,5%/ Рекавери Пилс, ж/б 0,45л;18;00-00019043;RECOVERY PILS (ж/б 0,45л);Zagovor Brewery;Товар;;280;4670223012775;кор. 20х0,45л ж/б;365;Recovery Pils;Recovery Pils;Zagovor Brewery "Recovery Pils" (New Zealand Pilsner) алк. 4,5%/ Рекавери Пилс, ж/б 0,45л;;Алкогольная продукция>Zagovor Brewery>Zagovor Brewery ж>б;4,50;30;;New Zealand Pilsner;5955289;;a8131108-24f6-11f0-9bab-000c296fac54
Ability “Cloud City Myths” (New England IPA) алк. 7% / Абилити 18, пэт кег 20л/шт;17;00-00020649;CLOUD CITY MYTHS (пэт кег 20л/шт);Ability;Товар;;0;4670161159549;пэт кег 20л/шт;365;Cloud City Myths;Cloud City Myths;Ability “Cloud City Myths” (New England IPA) алк. 7% / Абилити 18, пэт кег 20л/шт;;Алкогольная продукция>SVOI (Сергиев Посад)>Ability кег;7;;;New England IPA;6447037;;d608e2b6-97c1-11f0-9bb0-000c296fac54
White Stone "Экземпляр №1/Nectaron" (NE IPA) алк. 6,4% / ВС НЕИПА Сингл 1, ж/б 0,45л;41;00-00020696;ЭКЗЕМПЛЯР №1/NECTARON (ж/б 0,45л);White Stone;Товар;;354;4640229751794;кор. 12х0,45л ж/б;365;Экземпляр №1 / Nectaron;Экземпляр №1 / Nectaron;White Stone "Экземпляр №1/Nectaron" (NE IPA) алк. 6,4% / ВС НЕИПА Сингл 1, ж/б 0,45л;;Алкогольная продукция>White Stonе>White Stonе ж>б;6,40;30;;NE IPA;6390277;;f9faa8e2-9ad5-11f0-9bb0-000c296fac54
White Stone "Экземпляр №1/Nectaron" (NE IPA) алк. 6,4% / ВС НЕИПА Сингл 1, ж/б 0,45л;41;00-00020696;ЭКЗЕМПЛЯР №1/NECTARON (ж/б 0,45л);White Stone;Товар;;354;4640229752739;кор. 12х0,45л ж/б;365;Экземпляр №1 / Nectaron;Экземпляр №1 / Nectaron;White Stone "Экземпляр №1/Nectaron" (NE IPA) алк. 6,4% / ВС НЕИПА Сингл 1, ж/б 0,45л;;Алкогольная продукция>White Stonе>White Stonе ж>б;6,40;30;;NE IPA;6390277;;f9faa8e2-9ad5-11f0-9bb0-000c296fac54
HopHead "Cherry Head" (Fruited Sour Ale) алк 7% / Хопхэд эль "Чери хэд, ж/б 0,45л;30;00-00020775;CHERRY HEAD (ж/б 0,45л);HopHead;Товар;;340;4620402492393;кор. 20х0,45л ж/б;360;Cherry Head;Cherry Head;HopHead "Cherry Head" (Fruited Sour Ale) алк 7% / Хопхэд эль "Чери хэд, ж/б 0,45л;;Алкогольная продукция>HopHead>HopHead ж>б;7;2;;Fruited Sour Ale;6089585;;94d09c0d-a29e-11f0-9bb0-000c296fac54
Сider House "Double Tree Golden Apple Special Edition Dry"(Dry Cider)алк.5,6% / Дабл Три , бут 0,45л;66;00-00020845;DOUBLE TREE GOLDEN APPLE SPECIAL EDITIO(бут 0,45л);Cider House;Товар;;180;4680140431467;кор. 12х0,45л ст бут.;730;Double Tree Golden Apple Special Edition Dry;Double Tree Golden Apple Special Edition Dry;Сider House "Double Tree Golden Apple Special Edition Dry"(Dry Cider)алк.5,6% / Дабл Три , бут 0,45л;;Алкогольная продукция>Cider House>Double Tree бут;5,60;;;Dry Cider;6357753;;0e137883-a9bc-11f0-9bb1-000c296fac54
Сider House "Double Tree Golden Apple Special Edition Dry"(Dry Cider)алк.5,6% / Дабл Три , бут 0,45л;66;00-00020845;DOUBLE TREE GOLDEN APPLE SPECIAL EDITIO(бут 0,45л);Cider House;Товар;;180;4680140431849;кор. 12х0,45л ст бут.;730;Double Tree Golden Apple Special Edition Dry;Double Tree Golden Apple Special Edition Dry;Сider House "Double Tree Golden Apple Special Edition Dry"(Dry Cider)алк.5,6% / Дабл Три , бут 0,45л;;Алкогольная продукция>Cider House>Double Tree бут;5,60;;;Dry Cider;6357753;;0e137883-a9bc-11f0-9bb1-000c296fac54
Salden's "Tomato Gose Chili Extra Hot Ed." (Gose) алк, 5,0% / Томатный Гозе С.О., жб. 0,45л;22;00-00018385;TOMATO GOSE CHILI EXTRA HOT ED. (жб. 0,45л);Salden's;Товар;;296;4620085786048;кор. 20х0,45л ж/б;180;Tomato Gose Chili Extra Hot Ed.;Tomato Gose Chili Extra Hot Ed.;Salden's "Tomato Gose Chili Extra Hot Ed." (Gose) алк, 5,0% / Томатный Гозе С.О., жб. 0,45л;;Алкогольная продукция>Saldens>Salden's ж>б;5;;15;Gose;2579285;;cd9c30e3-fa7b-11ef-8224-000c29bc6f5e
Rewort Brewery "Hugo C.(Colors of Venezuela)" (Milkshake IPA) алк.6,9%/Колорс Оф Венесуэла,ж/б 0,45л;1469;00-00018430;HUGO C. (COLORS OF VENEZUELA) (ж/б 0,45л);Rewort;Товар;;275;4670161154438;кор. 12х0,45л ж/б;365;Hugo C. (Colors Of Venezuela);Hugo C. (Colors Of Venezuela);Rewort Brewery "Hugo C.(Colors of Venezuela)" (Milkshake IPA) алк.6,9%/Колорс Оф Венесуэла,ж/б 0,45л;;Алкогольная продукция>SVOI (Сергиев Посад)>Rewort ж>б;6,90;40;18;Milkshake IPA;2575300;18;3d7d3b70-fb4f-11ef-8224-000c29bc6f5e
Rewort Brewery "Hugo C.(Colors of Venezuela)" (Milkshake IPA) алк.6,9%/Колорс Оф Венесуэла,ж/б 0,45л;1469;00-00018430;HUGO C. (COLORS OF VENEZUELA) (ж/б 0,45л);Rewort;Товар;;275;4670161155008;кор. 12х0,45л ж/б;365;Hugo C. (Colors Of Venezuela);Hugo C. (Colors Of Venezuela);Rewort Brewery "Hugo C.(Colors of Venezuela)" (Milkshake IPA) алк.6,9%/Колорс Оф Венесуэла,ж/б 0,45л;;Алкогольная продукция>SVOI (Сергиев Посад)>Rewort ж>б;6,90;40;18;Milkshake IPA;2575300;18;3d7d3b70-fb4f-11ef-8224-000c29bc6f5e
Rewort Brewery “Cowabunga” (Tomato Gose) алк. 6% / Ковабунга, ж/б 0,45л;159;00-00018464;COWABUNGA (ж/б 0,45л);Rewort;Товар;;248;4670161157002;кор. 12х0,45л ж/б;365;Cowabunga;Cowabunga;Rewort Brewery “Cowabunga” (Tomato Gose) алк. 6% / Ковабунга, ж/б 0,45л;Новинка!;Алкогольная продукция>SVOI (Сергиев Посад)>Rewort ж>б;6;;20;Tomato Gose;6143081;40;2b07a5c4-fe84-11ef-8224-000c29bc6f5e
Rewort Brewery “Cowabunga” (Tomato Gose) алк. 6% / Ковабунга, ж/б 0,45л;159;00-00018464;COWABUNGA (ж/б 0,45л);Rewort;Товар;;248;4670161157330;кор. 12х0,45л ж/б;365;Cowabunga;Cowabunga;Rewort Brewery “Cowabunga” (Tomato Gose) алк. 6% / Ковабунга, ж/б 0,45л;Новинка!;Алкогольная продукция>SVOI (Сергиев Посад)>Rewort ж>б;6;;20;Tomato Gose;6143081;40;2b07a5c4-fe84-11ef-8224-000c29bc6f5e
WS Brew "Юность" (Kellerbier) алк. 4.5% / ВС Юность, пэт кег 20л;40;00-00018508;ЮНОСТЬ (пэт кег 20л);WS Brew;Товар;;306;4640229751138;пэт кег 20л;365;Юность;Юность;WS Brew "Юность" (Kellerbier) алк. 4.5% / ВС Юность, пэт кег 20л;;Алкогольная продукция>White Stonе>WS Brew кег;4,50;12;;Kellerbier;5029992;;ce8cc6c6-03d0-11f0-8227-000c29bc6f5e
Sabotage "Tommates" (Gose),алк. 6% / САБОТАЖ Том-мэйтс, ж/б 0,45;25;00-00022238;TOMMATES (ж/б 0,45л);Sabotage Brewery;Товар;;353;4620235853675;кор. 20х0,45л ж/б;365;Tommates;Tommates;Sabotage "Tommates" (Gose),алк. 6% / САБОТАЖ Том-мэйтс, ж/б 0,45;;Алкогольная продукция>Sabotage Brewery>Sabotage ж>б;6;;;Gose;5543658;;189d25d2-4784-11f1-9bbc-000c296fac54
Selfmade "Shroomdalf Allspice & Bay Leaf" (Gose) алк. 5% / СБ Шрумдальф 3, ж/б 0,45л;17;00-00022253;SHROOMDALF ALLSPICE & BAY LEAF (ж/б 0,45л);Selfmade;Товар;;307;4640235994536;кор. 12х0,45л ж/б;363;Shroomdalf Allspice & Bay Leaf;Shroomdalf Allspice & Bay Leaf;Selfmade "Shroomdalf Allspice & Bay Leaf" (Gose) алк. 5% / СБ Шрумдальф 3, ж/б 0,45л;;Алкогольная продукция>Selfmade>Selfmade ж>б;5;8;;Gose;5650385;;86d39480-488e-11f1-9bbc-000c296fac54
Mister Bee "Plum" (Mead) алк. 5% / Мистер БИ, пэт кег 30л;90;00-00022283;MISTER BEE PLUM (пэт кег 30л);Cider House;Товар;;217;4680140431696;пэт кег 30л;540;Mister Bee Plum;Mister Bee Plum;Mister Bee "Plum" (Mead) алк. 5% / Мистер БИ, пэт кег 30л;;Алкогольная продукция>Cider House>Mister Bee кег;5;;;Mead;6349222;;422e3e15-4e0b-11f1-9bbe-000c296fac54
Plan B "Steppe Strider" (American IPA) алк. 8% / План Б светлое-7, ж/б 0,45л;39;00-00022322;STEPPE STRIDER (ж/б 0,45л);Plan B;Товар;;322;4650139081096;кор. 12х0,45л ж/б;180;Steppe Strider;Steppe Strider;Plan B "Steppe Strider" (American IPA) алк. 8% / План Б светлое-7, ж/б 0,45л;;Алкогольная продукция>Plan B Brewery>Plan B ж>б;8;80;;American IPA;6709617;;4b102be9-4f85-11f1-9bbe-000c296fac54
Chibis "Кислотный заряд Nelson Sauvin" (Sour IPA), алк. 6,2% / Кислотный заряд нельсон, ж/б 0,45л;34;00-00022485;КИСЛОТНЫЙ ЗАРЯД NELSON SAUVIN (ж/б 0,45л);CHIBIS Brewery;Товар;;343;4640233774147;кор. 06х0,45л ж/б;365;Кислотный заряд Nelson Sauvin;Кислотный заряд Nelson Sauvin;Chibis "Кислотный заряд Nelson Sauvin" (Sour IPA), алк. 6,2% / Кислотный заряд нельсон, ж/б 0,45л;;Алкогольная продукция>CHIBIS Brewery>CHIBIS Brewery стекло > жб;6,20;;;Sour IPA;6691772;;69bd96d9-5fe7-11f1-9bbe-000c296fac54
Chibis "Кислотный заряд Nelson Sauvin" (Sour IPA), алк. 6,2% / Кислотный заряд нельсон, ж/б 0,45л;34;00-00022485;КИСЛОТНЫЙ ЗАРЯД NELSON SAUVIN (ж/б 0,45л);CHIBIS Brewery;Товар;;343;4640233774215;кор. 06х0,45л ж/б;365;Кислотный заряд Nelson Sauvin;Кислотный заряд Nelson Sauvin;Chibis "Кислотный заряд Nelson Sauvin" (Sour IPA), алк. 6,2% / Кислотный заряд нельсон, ж/б 0,45л;;Алкогольная продукция>CHIBIS Brewery>CHIBIS Brewery стекло > жб;6,20;;;Sour IPA;6691772;;69bd96d9-5fe7-11f1-9bbe-000c296fac54
Rewort Brewery "Ля Томатина Острая" (Tomato Gose), алк. 6,5% / ТОМАТНОЕ 7, ж/б 0,45л;845;00-00022502;ЛЯ ТОМАТИНА ОСТРАЯ (ж/б 0,45л);Rewort;Товар;;275;4630522441102;кор. 12х0,45л ж/б;365;Ля Томатина Острая;Ля Томатина Острая;Rewort Brewery "Ля Томатина Острая" (Tomato Gose), алк. 6,5% / ТОМАТНОЕ 7, ж/б 0,45л;Новинка!;Алкогольная продукция>SVOI (Сергиев Посад)>Rewort ж>б;6,50;21;;Tomato Gose;6576170;;82a84056-60dd-11f1-9bbe-000c296fac54
Rewort Brewery "Ля Томатина Острая" (Tomato Gose), алк. 6,5% / ТОМАТНОЕ 7, ж/б 0,45л;845;00-00022502;ЛЯ ТОМАТИНА ОСТРАЯ (ж/б 0,45л);Rewort;Товар;;275;4670161159952;кор. 12х0,45л ж/б;365;Ля Томатина Острая;Ля Томатина Острая;Rewort Brewery "Ля Томатина Острая" (Tomato Gose), алк. 6,5% / ТОМАТНОЕ 7, ж/б 0,45л;Новинка!;Алкогольная продукция>SVOI (Сергиев Посад)>Rewort ж>б;6,50;21;;Tomato Gose;6576170;;82a84056-60dd-11f1-9bbe-000c296fac54
Nuclear Brewery "Совместн опыт: Саур с малин и шалф"(Sour Ale)алк4.5%/Совместный опыт 1,ж/б 0,45л;25;00-00022533;СОВМЕСТН ОПЫТ: САУР С МАЛИН И ШАЛФ (ж/б 0,45л);Nuclear Brewery;Товар;;317;4620313032381;кор. 12х0,45л ж/б;365;Совместн опыт: Саур с малин и шалф;Совместн опыт: Саур с малин и шалф;Nuclear Brewery "Совместн опыт: Саур с малин и шалф"(Sour Ale)алк4.5%/Совместный опыт 1,ж/б 0,45л;;Алкогольная продукция>Nuclear Brewery;4,50;;;Sour Ale;6717830;;51629f39-63d9-11f1-9bbe-000c296fac54
Лимонад Aloha Виноград Киви (Lemonade) / АЛОХА 4, бут. 0,33л;21;00-00020885;ЛИМОНАД ALOHA ВИНОГРАД КИВИ (бут. 0,33л);Aloha;Товар;;175;4670161154766;кор. 12х0,33л ст. бут.;365;Лимонад Виноград Киви;Лимонад Aloha Виноград Киви;Лимонад Aloha Виноград Киви (Lemonade) / АЛОХА 4, бут. 0,33л;Новинка!;Алкогольная продукция>SVOI (Сергиев Посад)>Aloha;;;;Lemonade;;;dae2df6c-ae7e-11f0-9bb1-000c296fac54
Лимонад Aloha Виноград Киви (Lemonade) / АЛОХА 4, бут. 0,33л;21;00-00020885;ЛИМОНАД ALOHA ВИНОГРАД КИВИ (бут. 0,33л);Aloha;Товар;;175;4670161159327;кор. 12х0,33л ст. бут.;365;Лимонад Виноград Киви;Лимонад Aloha Виноград Киви;Лимонад Aloha Виноград Киви (Lemonade) / АЛОХА 4, бут. 0,33л;Новинка!;Алкогольная продукция>SVOI (Сергиев Посад)>Aloha;;;;Lemonade;;;dae2df6c-ae7e-11f0-9bb1-000c296fac54
Rewort Brewery "Maple Brunch" (Double Porter) алк. 6,9% / МЭЙПЛ БРАНЧ, ж/б 0,45л;124;00-00020916;MAPLE BRUNCH (ж/б 0,45л);Rewort;Товар;Двойной портер с добавлением кленового сиропа. Темное пиво умеренной плотности с выраженными оттенками жженых солодов, сливочным вкусом и легкой горечью, сбалансированной сладкими нотами кленового сиропа.;264;4670161154377;кор. 12х0,45л ж/б;365;Maple Brunch;Maple Brunch;Rewort Brewery "Maple Brunch" (Double Porter) алк. 6,9% / МЭЙПЛ БРАНЧ, ж/б 0,45л;;Алкогольная продукция>SVOI (Сергиев Посад)>Rewort ж>б;6,90;33;20;Maple Syrup Infused Double Porter;3263563;137;3fbed982-afe9-11f0-9bb1-000c296fac54
Rewort Brewery "Maple Brunch" (Double Porter) алк. 6,9% / МЭЙПЛ БРАНЧ, ж/б 0,45л;124;00-00020916;MAPLE BRUNCH (ж/б 0,45л);Rewort;Товар;Двойной портер с добавлением кленового сиропа. Темное пиво умеренной плотности с выраженными оттенками жженых солодов, сливочным вкусом и легкой горечью, сбалансированной сладкими нотами кленового сиропа.;264;4670161155268;кор. 12х0,45л ж/б;365;Maple Brunch;Maple Brunch;Rewort Brewery "Maple Brunch" (Double Porter) алк. 6,9% / МЭЙПЛ БРАНЧ, ж/б 0,45л;;Алкогольная продукция>SVOI (Сергиев Посад)>Rewort ж>б;6,90;33;20;Maple Syrup Infused Double Porter;3263563;137;3fbed982-afe9-11f0-9bb1-000c296fac54
Rewort Brewery “Jack L.” (Double Stout) алк. 8,5% / ДЖЕК Л, ж/б 0,45л;175;00-00021003;JACK L. (ж/б 0,45л);Rewort;Товар;;264;4670161154605;кор. 12х0,45л ж/б;365;Jack L.;Jack L.;Rewort Brewery “Jack L.” (Double Stout) алк. 8,5% / ДЖЕК Л, ж/б 0,45л;;Алкогольная продукция>SVOI (Сергиев Посад)>Rewort ж>б;8,50;25;18,50;Double Stout;5855030;;f1cbb049-b58b-11f0-9bb2-000c296fac54
Rewort Brewery “Jack L.” (Double Stout) алк. 8,5% / ДЖЕК Л, ж/б 0,45л;175;00-00021003;JACK L. (ж/б 0,45л);Rewort;Товар;;264;4670161155183;кор. 12х0,45л ж/б;365;Jack L.;Jack L.;Rewort Brewery “Jack L.” (Double Stout) алк. 8,5% / ДЖЕК Л, ж/б 0,45л;;Алкогольная продукция>SVOI (Сергиев Посад)>Rewort ж>б;8,50;25;18,50;Double Stout;5855030;;f1cbb049-b58b-11f0-9bb2-000c296fac54
Plan B "Parhelion" (Double IPA) алк. 8% / Паргелион, ж/б 0,45л;61;00-00021083;PARHELION (ж/б 0,45л);Plan B;Товар;;322;4650139081263;кор. 12х0,45л ж/б;180;Parhelion;Parhelion;Plan B "Parhelion" (Double IPA) алк. 8% / Паргелион, ж/б 0,45л;;Алкогольная продукция>Plan B Brewery>Plan B ж>б;8;70;19;Double New England IPA;4299316;;63596239-beee-11f0-9bb2-000c296fac54
Rewort Brewery "Resurrection" (Non-Alcoholic - IPA) алк. 0,5% / ЗЕРО 2, ж/б 0,45л;1168;00-00021480;RESURRECTION (ж/б 0,45л);Rewort;Товар;;243;4630522440679;кор. 12х0,45л ж/б;365;Resurrection;Resurrection;Rewort Brewery "Resurrection" (Non-Alcoholic - IPA) алк. 0,5% / ЗЕРО 2, ж/б 0,45л;Новинка!;Алкогольная продукция>SVOI (Сергиев Посад)>Rewort б>а;0,50;20;7;Non Alco IPA;6489395;6;fc3232c9-df06-11f0-9bb5-000c296fac54
Rewort Brewery "Resurrection" (Non-Alcoholic - IPA) алк. 0,5% / ЗЕРО 2, ж/б 0,45л;1168;00-00021480;RESURRECTION (ж/б 0,45л);Rewort;Товар;;243;4670161159389;кор. 12х0,45л ж/б;365;Resurrection;Resurrection;Rewort Brewery "Resurrection" (Non-Alcoholic - IPA) алк. 0,5% / ЗЕРО 2, ж/б 0,45л;Новинка!;Алкогольная продукция>SVOI (Сергиев Посад)>Rewort б>а;0,50;20;7;Non Alco IPA;6489395;6;fc3232c9-df06-11f0-9bb5-000c296fac54
Rewort Brewery "Brick Lane" (Sour - Tomato / Vegetable Gose) алк. 6,3% / БРИК-ЛЭЙН, ж/б 0,45л;3250;00-00021520;BRICK LANE (ж/б 0,45л);Rewort;Товар;;275;4670161154681;кор. 12х0,45л ж/б;365;Brick Lane;Brick Lane;Rewort Brewery "Brick Lane" (Sour - Tomato / Vegetable Gose) алк. 6,3% / БРИК-ЛЭЙН, ж/б 0,45л;Новинка!;Алкогольная продукция>SVOI (Сергиев Посад)>Rewort ж>б;6;15;20;Gose;6552060;50;3f2059e7-e4b7-11f0-9bb5-000c296fac54
Rewort Brewery "Brick Lane" (Sour - Tomato / Vegetable Gose) алк. 6,3% / БРИК-ЛЭЙН, ж/б 0,45л;3250;00-00021520;BRICK LANE (ж/б 0,45л);Rewort;Товар;;275;4670161157811;кор. 12х0,45л ж/б;365;Brick Lane;Brick Lane;Rewort Brewery "Brick Lane" (Sour - Tomato / Vegetable Gose) алк. 6,3% / БРИК-ЛЭЙН, ж/б 0,45л;Новинка!;Алкогольная продукция>SVOI (Сергиев Посад)>Rewort ж>б;6;15;20;Gose;6552060;50;3f2059e7-e4b7-11f0-9bb5-000c296fac54
Zavod "Blackberry Blood" (Sour Ale) алк. 4,4% / Блекбери блад, ж/б  0,45л;35;00-00021554;BLACKBERRY BLOOD (ж/б  0,45л);Zavod Brewery;Товар;;353;4607967292712;кор. 20х0,45л ж/б;360;Blackberry Blood;Blackberry Blood;Zavod "Blackberry Blood" (Sour Ale) алк. 4,4% / Блекбери блад, ж/б  0,45л;;Алкогольная продукция>Zavod Brewery>Zavod Brewery ж>б;4,40;;;Sour Ale;4263864;;f558b5d8-f209-11f0-9bb6-000c296fac54
Salden's "Czech Desitka" (Lager) алк 4.5%/Салденс Деситка, пэт кег 30л;30;00-00021641;CZECH DESITKA (пэт кег 30л);Salden's;Товар;Amarillo, Columbus, Simcoe, Citra, Mosaic, Summit;296;4620085783306;пэт кег 30л;180;Czech Desitka;Czech Desitka;Salden's "Czech Desitka" (Lager) алк 4.5%/Салденс Деситка, пэт кег 30л;;Алкогольная продукция>Saldens>Saldens кеги;4,50;20;;Lager;4313949;;de1f3de1-fab7-11f0-9bb8-000c296fac54
Big Village "Distrust" (New England Pale Ale) алк. 6% / Дистраст, ж/б 0,45л;47;00-00019443;DISTRUST (ж/б 0,45л);Big Village;Товар;;321;4620197361027;кор. 12х0,45л ж/б;180;Distrust;Distrust;Big Village "Distrust" (New England Pale Ale) алк. 6% / Дистраст, ж/б 0,45л;Новинка!;Алкогольная продукция>Big Village>Big Village ж>б;6;25;15;New England Pale Ale;3750793;;5b51e80b-42a8-11f0-9bac-000c296fac54
Big Village "Distrust" (New England Pale Ale) алк. 6% / Дистраст, ж/б 0,45л;47;00-00019443;DISTRUST (ж/б 0,45л);Big Village;Товар;;321;4620197362994;кор. 12х0,45л ж/б;180;Distrust;Distrust;Big Village "Distrust" (New England Pale Ale) алк. 6% / Дистраст, ж/б 0,45л;Новинка!;Алкогольная продукция>Big Village>Big Village ж>б;6;25;15;New England Pale Ale;3750793;;5b51e80b-42a8-11f0-9bac-000c296fac54
Заповедник "Top Hat" (Hopped Cider) алк. 5,5% / Топ Хэт, кег 30л;30;00-00019502;TOP HAT (кег 30л);Заповедник;Товар;;490;4603759677590;пэт кег 30л;730;Top Hat;Top Hat;Заповедник "Top Hat" (Hopped Cider) алк. 5,5% / Топ Хэт, кег 30л;;Алкогольная продукция>Заповедник>Заповедник кег;5,50;;;Hopped Cider;4605815;;16627eaa-45e2-11f0-9bac-000c296fac54
Zavod "Cherry On Top" (Fruit Beer) алк. 6,9% / Вишенка на торте, ж/б 0,45л;18;00-00019548;CHERRY ON TOP (FRUIT BEER) (ж/б 0,45л);Zavod Brewery;Товар;;327;4607967292743;кор. 20х0,45л ж/б;360;Cherry On Top (Fruit Beer);Cherry On Top (Fruit Beer);Zavod "Cherry On Top" (Fruit Beer) алк. 6,9% / Вишенка на торте, ж/б 0,45л;;Алкогольная продукция>Zavod Brewery>Zavod Brewery ж>б;6,90;10;;Fruit Beer;4754055;;37d95696-4b45-11f0-9bac-000c296fac54
Stamm Brewing "4 In 1 Super Sour" (Fruited Sour) алк 7% / Империал Саур Эль, ж/б 0,45л;18;00-00019642;4 IN 1 SUPER SOUR (ж/б 0,45л);Stamm Brewing;Товар;;365;4610297650510;кор. 12х0,45л ж/б;365;4 in 1 Super Sour;4 in 1 Super Sour;Stamm Brewing "4 In 1 Super Sour" (Fruited Sour) алк 7% / Империал Саур Эль, ж/б 0,45л;;Алкогольная продукция>Stamm Brewing>Stamm Brewing ж>б, бут;7;;;Sour - Fruited;3640169;;ffd0ee6d-4db3-11f0-9bac-000c296fac54
Stamm Brewing "4 In 1 Super Sour" (Fruited Sour) алк 7% / Империал Саур Эль, ж/б 0,45л;18;00-00019642;4 IN 1 SUPER SOUR (ж/б 0,45л);Stamm Brewing;Товар;;365;4610297651456;кор. 12х0,45л ж/б;365;4 in 1 Super Sour;4 in 1 Super Sour;Stamm Brewing "4 In 1 Super Sour" (Fruited Sour) алк 7% / Империал Саур Эль, ж/б 0,45л;;Алкогольная продукция>Stamm Brewing>Stamm Brewing ж>б, бут;7;;;Sour - Fruited;3640169;;ffd0ee6d-4db3-11f0-9bac-000c296fac54
1,5 л бцв. 28 гр ПЭТ бутылка (упаковка 50 шт);1050;00-00009524;1,5 л бцв. 28 гр ПЭТ бутылка (упаковка 50 шт);ПБ;Товар;;88;;;0;1,5 л бцв. 28 гр ПЭТ бутылка (упаковка 60 шт);1,5 л бцв. 28 гр ПЭТ бутылка (упаковка 60 шт);1,5 л бцв. 28 гр ПЭТ бутылка (упаковка 50 шт);;Сопутствующие товары>ПЭТ ТАРА ПАКЕТЫ>ПЭТ;;;;;;;58c23f59-07f5-11ed-80e5-000c29d24b62
Ostrovica "Holy DIPA" (Double IPA), алк. 8,2% / Островица  Холи ДИПЭ, пэт кег 20л;120;00-00003210;HOLY DIPA (пэт кег 20л);Ostrovica Brewery;Товар;Двойной индийский эль. Светлый эль с ярким хмелевым ароматом и выраженной горечью.;423;4640205264881;пэт кег 20л;180;Holy DIPA;Holy DIPA;Ostrovica "Holy DIPA" (Double IPA), алк. 8,2% / Островица  Холи ДИПЭ, пэт кег 20л;;Алкогольная продукция>Ostrovica (Аша)>Ostrovica кег;8,20;100;19;Double IPA;1962051;;9e06e335-85fd-11ea-80ed-000c29e252b5
Plan B "Солнечный Ветер" (American Pale Ale) алк. 4,8% / Солнечный Ветер, пэт кег 20л;180;00-00004018;СОЛНЕЧНЫЙ ВЕТЕР (пэт кег 20л);Plan B;Товар;;411;4650139080402;пэт кег 20л;180;Солнечный Ветер;Солнечный Ветер;Plan B "Солнечный Ветер" (American Pale Ale) алк. 4,8% / Солнечный Ветер, пэт кег 20л;;Алкогольная продукция>Plan B Brewery>Plan B Brewery кег;4,80;35;13;American Pale Ale;1034461;;0d9788a7-047e-11eb-80ef-000c29e252b5
White Phoenix "White Phoenix Виноград-Мандарин"(Mead) алк.5,6%/Белый Ф.Виноград-мандарин, бут 0,45л;126;00-00011079;WHITE PHOENIX ВИНОГРАД-МАНДАРИН (бут 0,45л);White Phoenix;Товар;;180;4630178430208;кор. 12х0,45л ст бут.;730;White Phoenix Grape & Mandarin;White Phoenix Grape & Mandarin;White Phoenix "White Phoenix Виноград-Мандарин"(Mead) алк.5,6%/Белый Ф.Виноград-мандарин, бут 0,45л;;Алкогольная продукция>Cider House>White Phoenix>White Phoenix ж\б бут;5,60;;;Mead;4584274;;b29b8dea-9187-11ed-80fb-000c29d24b62
White Phoenix "White Phoenix Виноград-Мандарин"(Mead) алк.5,6%/Белый Ф.Виноград-мандарин, бут 0,45л;126;00-00011079;WHITE PHOENIX ВИНОГРАД-МАНДАРИН (бут 0,45л);White Phoenix;Товар;;180;4630178431274;кор. 12х0,45л ст бут.;730;White Phoenix Grape & Mandarin;White Phoenix Grape & Mandarin;White Phoenix "White Phoenix Виноград-Мандарин"(Mead) алк.5,6%/Белый Ф.Виноград-мандарин, бут 0,45л;;Алкогольная продукция>Cider House>White Phoenix>White Phoenix ж\б бут;5,60;;;Mead;4584274;;b29b8dea-9187-11ed-80fb-000c29d24b62
Salden's "Tomato gose Light Chili Edition" (Gose) алк, 5,0% / Т. Г. Средне Острый, жб. 0,45л;43;00-00018574;TOMATO GOSE LIGHT CHILI EDITION (жб. 0,45л);Salden's;Товар;Пиво с пряностями, травами и овощами.;296;4620085785072;кор. 20х0,45л ж/б;180;Tomato gose Light Chili Edition;Tomato gose Light Chili Edition;Salden's "Tomato gose Light Chili Edition" (Gose) алк, 5,0% / Т. Г. Средне Острый, жб. 0,45л;;Алкогольная продукция>Saldens>Salden's ж>б;5;15;;Tomato Gose;3122568;;c10b1612-0570-11f0-8228-000c29bc6f5e
Plan B "Завтрак Папуаса" (Milk Stout) алк. 7,5% / Завтрак Папуаса, ж/б  0,45л;48;00-00018603;ЗАВТРАК ПАПУАСА (ж/б 0,45л);Plan B;Товар;С маракуйей, манго и лаймом.;322;4650139081027;кор. 12х0,45л ж/б;180;Завтрак Папуаса;Завтрак Папуаса;Plan B "Завтрак Папуаса" (Milk Stout) алк. 7,5% / Завтрак Папуаса, ж/б  0,45л;;Алкогольная продукция>Plan B Brewery>Plan B ж>б;7,50;20;21;Milk Stout;2169923;;25f9b0cc-062d-11f0-8228-000c29bc6f5e
Salden's "Smoothie Milk Sour Ale Orange"(Smoothie)алк.5%/Смузи Молочный Кислый Эль Апельсин,жб.0,45л;20;00-00018679;SMOOTHIE MILK SOUR ALE ORANGE (ж/б 0,45л);Salden's;Товар;;296;4620085786758;кор. 20х0,45л ж/б;180;Smoothie Milk Sour Ale Orange;Smoothie Milk Sour Ale Orange;Salden's "Smoothie Milk Sour Ale Orange"(Smoothie)алк.5%/Смузи Молочный Кислый Эль Апельсин,жб.0,45л;;Алкогольная продукция>Saldens>Salden's ж>б;5;;;Smoothie;6143056;;9cd98513-0ece-11f0-822d-000c29bc6f5e
Rewort Brewery & Bernin “Мексиканский полдень” (Lager - Mexican) алк. 4.0% / ЛАГЕР 26, ж/б 0,45л;322;00-00022162;МЕКСИКАНСКИЙ ПОЛДЕНЬ (ж/б 0,45л);Rewort;Товар;;233;4630522441652;кор. 12х0,45л ж/б;365;Мексиканский полдень;Мексиканский полдень;Rewort Brewery & Bernin “Мексиканский полдень” (Lager - Mexican) алк. 4.0% / ЛАГЕР 26, ж/б 0,45л;Новинка!;Алкогольная продукция>SVOI (Сергиев Посад)>Rewort ж>б;4;10;15;Lager - Mexican;6622265;10;3540b34e-3cb8-11f1-9bbc-000c296fac54
Rewort Brewery & Bernin “Мексиканский полдень” (Lager - Mexican) алк. 4.0% / ЛАГЕР 26, ж/б 0,45л;322;00-00022162;МЕКСИКАНСКИЙ ПОЛДЕНЬ (ж/б 0,45л);Rewort;Товар;;233;4670161159846;кор. 12х0,45л ж/б;365;Мексиканский полдень;Мексиканский полдень;Rewort Brewery & Bernin “Мексиканский полдень” (Lager - Mexican) алк. 4.0% / ЛАГЕР 26, ж/б 0,45л;Новинка!;Алкогольная продукция>SVOI (Сергиев Посад)>Rewort ж>б;4;10;15;Lager - Mexican;6622265;10;3540b34e-3cb8-11f1-9bbc-000c296fac54
GANZA Brewery "Totem" (American IРА) алк.7% / Ганза ипа 25, ж/б 0,45 л;30;00-00022175;TOTEM (ж/б 0,45);GANZA Brewery;Товар;;336;4670163076004;кор. 12х0,45л ж/б;360;Totem;Totem;GANZA Brewery "Totem" (American IРА) алк.7% / Ганза ипа 25, ж/б 0,45 л;;Алкогольная продукция>GANZA Brewery>GANZA Brewery ж>б;7;50;;American IРА;6680726;;35f8820a-3d7c-11f1-9bbc-000c296fac54
White Stone "Экземпляр №5 / Krush" (New England Hazy IPA) алк.6,4% / ВС НЕИПА Сингл 5, ж/б 0,45л;40;00-00022199;ЭКЗЕМПЛЯР №5 / KRUSH (ж/б 0,45л);White Stone;Товар;;348;4640229752883;кор. 12х0,45л ж/б;365;Экземпляр №5 / Krush;Экземпляр №5 / Krush;White Stone "Экземпляр №5 / Krush" (New England Hazy IPA) алк.6,4% / ВС НЕИПА Сингл 5, ж/б 0,45л;;Алкогольная продукция>White Stonе>White Stonе ж>б;6,40;30;;New England Hazy IPA;6647328;;5b7ece27-3fb1-11f1-9bbc-000c296fac54
White Stone "Экземпляр №5 / Krush" (New England Hazy IPA) алк.6,4% / ВС НЕИПА Сингл 5, ж/б 0,45л;40;00-00022199;ЭКЗЕМПЛЯР №5 / KRUSH (ж/б 0,45л);White Stone;Товар;;348;4640229752890;кор. 12х0,45л ж/б;365;Экземпляр №5 / Krush;Экземпляр №5 / Krush;White Stone "Экземпляр №5 / Krush" (New England Hazy IPA) алк.6,4% / ВС НЕИПА Сингл 5, ж/б 0,45л;;Алкогольная продукция>White Stonе>White Stonе ж>б;6,40;30;;New England Hazy IPA;6647328;;5b7ece27-3fb1-11f1-9bbc-000c296fac54
Red Button "Islay Porter Beer" (Imperial Porter), алк. 16% / Имперский стаут кокорун, ж/б 0,33л;17;00-00022231;ISLAY PORTER BEER (жб 0,33л);Red Button;Товар;;516;4670190944802;кор. 20х0,33л ж/б;720;Islay Porter Beer;Islay Porter Beer;Red Button "Islay Porter Beer" (Imperial Porter), алк. 16% / Имперский стаут кокорун, ж/б 0,33л;;Алкогольная продукция>Red Button>Red Button ж>б > стекло;16;;;Imperial Porter;6680769;;b5c17f42-4461-11f1-9bbc-000c296fac54
Brewmen & Big Pot "Тает первым v.1" (Sour) алк. 7%/Брюмен смузи 4,ж/б 0,45л;108;00-00022351;ТАЕТ ПЕРВЫМ V.1  (ж/б 0,45л);Brewmen;Товар;;340;4620402495745;кор. 20х0,45л ж/б;360;Тает первым v.1;Тает первым v.1;Brewmen & Big Pot "Тает первым v.1" (Sour) алк. 7%/Брюмен смузи 4,ж/б 0,45л;;Алкогольная продукция>Brewmen>Brewmen ж>б, бут;7;;;Sour Ale;6707543;;fc4eb263-5440-11f1-9bbe-000c296fac54
Selfmade "Lunar Voice" (New England Hazy IPA) алк. 6% / СБ НЕИПА 12, ж/б 0,45л;20;00-00022368;LUNAR VOICE (ж/б 0,45л);Selfmade;Товар;;353;4640235994550;кор. 12х0,45л ж/б;363;Lunar Voice;Lunar Voice;Selfmade "Lunar Voice" (New England Hazy IPA) алк. 6% / СБ НЕИПА 12, ж/б 0,45л;Новинка!;Алкогольная продукция>Selfmade>Selfmade ж>б;6;44;;New England Hazy IPA;6700936;;386d4bd6-5508-11f1-9bbe-000c296fac54
Black Cat "Леденящий котел" (Cold IPA), алк. 6.9% /БК ИПА 01.26, ж/б 0,45л;24;00-00022391;ЛЕДЕНЯЩИЙ КОТЕЛ (ж/б 0,45л);Black Cat;Товар;;317;4650300022491;кор. 12х0,45л ж/б;360;Леденящий котел;Леденящий котел;Black Cat "Леденящий котел" (Cold IPA), алк. 6.9% /БК ИПА 01.26, ж/б 0,45л;;Алкогольная продукция>Black Cat Brewery>Black Cat Brewery стекло > жб;6,90;55;;Cold IPA;6716776;;af4c190e-5803-11f1-9bbe-000c296fac54
Ортодокс “Фестивальное” (Vienna Lager) алк. 4,5% /ФЕСТИВАЛЬНОЕ, пэт кег 20л/шт;2;00-00022406;ФЕСТИВАЛЬНОЕ (пэт кег 20л/шт);ОРТОДОКС;Товар;;0;4670161157538;пэт кег 20л/шт;365;Фестивальное;Фестивальное;Ортодокс “Фестивальное” (Vienna Lager) алк. 4,5% /ФЕСТИВАЛЬНОЕ, пэт кег 20л/шт;;Алкогольная продукция>SVOI (Сергиев Посад)>Ортодокс кег пэт;4,50;20;12,50;Vienna Lager;5704407;;e7a5aa9f-58f4-11f1-9bbe-000c296fac54
Plan B "Leslie Nelson 2 1/2" (Double New England IPA) алк. 8% / План Б светлое-9, ж/б 0,45л;17;00-00022431;LESLIE NELSON 2 1/2 (ж/б  0,45л);Plan B;Товар;;343;4650139081119;кор. 12х0,45л ж/б;180;Leslie Nelson 2 1/2;Leslie Nelson 2 1/2;Plan B "Leslie Nelson 2 1/2" (Double New England IPA) алк. 8% / План Б светлое-9, ж/б 0,45л;;Алкогольная продукция>Plan B Brewery>Plan B ж>б;8;40;;Double New England IPA;6728130;;714af85e-5a70-11f1-9bbe-000c296fac54
Red Button "CHERRYNADE" (lemonade), алк.% /Черринад ж/б 0,33л;9;00-00022443;CHERRYNADE (жб 0,33л);Red Button;Товар;;206;4670190944895;кор. 20х0,33л ж/б;360;CHERRYNADE;CHERRYNADE;Red Button "CHERRYNADE" (lemonade), алк.% /Черринад ж/б 0,33л;;Алкогольная продукция>Red Button>Red Button Б>А;;;;Lemonade;;;a76cd7a3-5b54-11f1-9bbe-000c296fac54
Red Rocket "ACES" (Lager - IPL) алк. 4.5% / РЕД РОКЕТ ПРЕМИУМ ЛАГЕР, пэт кег 30л/шт;2;00-00022457;ACES (пэт кег 30л/шт);Red Rocket;Товар;;15200;4640229932605;пэт кег 30л/шт;180;ACES;ACES;Red Rocket "ACES" (Lager - IPL) алк. 4.5% / РЕД РОКЕТ ПРЕМИУМ ЛАГЕР, пэт кег 30л/шт;;Алкогольная продукция>Red Rocket Brewery>Red Rocket кег;4,50;30;;Lager;6673638;;e11f07c8-5e4d-11f1-9bbe-000c296fac54
DIETA "Hoppy Together" (American IPA) алк.7% / Брюмен ипа 11, ж/б 0,45л;40;00-00022603;HOPPY TOGETHER (ж/б ,45л);DIETA;Товар;;343;4620402496223;кор. 20х0,45л ж/б;360;Hoppy Together;Hoppy Together;DIETA "Hoppy Together" (American IPA) алк.7% / Брюмен ипа 11, ж/б 0,45л;;Алкогольная продукция>DIETA>DIETA  ж>б;7;;;American IPA;6684047;;9345aea0-694d-11f1-9bbe-000c296fac54
GANZA Brewery "Мутные воды" (Triple New England IPA) алк. 9% / Ганза неипа 33, ж/б 0,45 л;27;00-00022623;МУТНЫЕ ВОДЫ (ж/б 0,45);GANZA Brewery;Товар;;392;4670163076127;кор. 12х0,45л ж/б;360;Мутные воды;Мутные воды;GANZA Brewery "Мутные воды" (Triple New England IPA) алк. 9% / Ганза неипа 33, ж/б 0,45 л;;Алкогольная продукция>GANZA Brewery>GANZA Brewery ж>б;9;30;;Triple New England IPA;6716847;;b574e99a-6bac-11f1-9bbe-000c296fac54
Big Village "СЕДАЦИЯ" (Sour IPA) алк. 7% / Дабл Милкшейк ИПА, ж/б 0,45л;46;00-00022638;СЕДАЦИЯ (ж/б 0,45л);Big Village;Товар;;360;4620197365643;кор. 12х0,45л ж/б;240;СЕДАЦИЯ;СЕДАЦИЯ;Big Village "СЕДАЦИЯ" (Sour IPA) алк. 7% / Дабл Милкшейк ИПА, ж/б 0,45л;Новинка!;Алкогольная продукция>Big Village>Big Village ж>б;7;20;;Sour IPA;6744135;;5a59fb92-6bc0-11f1-9bbe-000c296fac54
Big Village "СЕДАЦИЯ" (Sour IPA) алк. 7% / Дабл Милкшейк ИПА, ж/б 0,45л;46;00-00022638;СЕДАЦИЯ (ж/б 0,45л);Big Village;Товар;;360;4620197365650;кор. 12х0,45л ж/б;240;СЕДАЦИЯ;СЕДАЦИЯ;Big Village "СЕДАЦИЯ" (Sour IPA) алк. 7% / Дабл Милкшейк ИПА, ж/б 0,45л;Новинка!;Алкогольная продукция>Big Village>Big Village ж>б;7;20;;Sour IPA;6744135;;5a59fb92-6bc0-11f1-9bbe-000c296fac54
White Stone "На головах ходили" (Double IPA) алк. 8,2% / ВС ДИПА 8, ж/б 0,45л;103;00-00022647;НА ГОЛОВАХ ХОДИЛИ (ж/б 0,45л);White Stone;Товар;;338;4640229753101;кор. 12х0,45л ж/б;365;На головах ходили;На головах ходили;White Stone "На головах ходили" (Double IPA) алк. 8,2% / ВС ДИПА 8, ж/б 0,45л;;Алкогольная продукция>White Stonе>White Stonе ж>б;8,20;90;;Double IPA;6683145;;2d3cc069-6be4-11f1-9bbe-000c296fac54
White Stone "На головах ходили" (Double IPA) алк. 8,2% / ВС ДИПА 8, ж/б 0,45л;103;00-00022647;НА ГОЛОВАХ ХОДИЛИ (ж/б 0,45л);White Stone;Товар;;338;4640229753118;кор. 12х0,45л ж/б;365;На головах ходили;На головах ходили;White Stone "На головах ходили" (Double IPA) алк. 8,2% / ВС ДИПА 8, ж/б 0,45л;;Алкогольная продукция>White Stonе>White Stonе ж>б;8,20;90;;Double IPA;6683145;;2d3cc069-6be4-11f1-9bbe-000c296fac54
Sabotage "WINTER PLANET:CHERRY&VANILLA"(Imperial Pastry Sour),алк. 7%/ Винтер Плэнет Вишня, ж/б 0,45;17;00-00021358;WINTER PLANET: CHERRY&VANILLA (ж/б 0,45л);Sabotage Brewery;Товар;;353;4620235852975;кор. 20х0,45л ж/б;365;WINTER PLANET: CHERRY&VANILLA;WINTER PLANET: CHERRY & VANILLA;Sabotage "WINTER PLANET:CHERRY&VANILLA"(Imperial Pastry Sour),алк. 7%/ Винтер Плэнет Вишня, ж/б 0,45;;Алкогольная продукция>Sabotage Brewery>Sabotage ж>б;7;;18;Imperial Pastry Sour;4232685;;d00707bd-d5b9-11f0-9bb3-000c296fac54
Plan B "Baltic Beast" (Baltic Porter) алк. 8% / Балтик Бист, ж/б 0,45л;57;00-00021390;BALTIC BEAST (ж/б  0,45л);Plan B;Товар;;322;4650139081409;кор. 12х0,45л ж/б;360;Baltic Beast;Baltic Beast;Plan B "Baltic Beast" (Baltic Porter) алк. 8% / Балтик Бист, ж/б 0,45л;;Алкогольная продукция>Plan B Brewery>Plan B ж>б;8;;;Baltic Porter;6111424;;3d57debf-d737-11f0-9bb3-000c296fac54
MeadNight "MALBEC MEAD" (Mead) алк.6% / МН Медок 8, пэт кег 20л;20;00-00021426;MALBEC MEAD (пэт кег 20л);MeadNight;Товар;;386;4627130346400;пэт кег 20л;360;MALBEC MEAD;MALBEC MEAD;MeadNight "MALBEC MEAD" (Mead) алк.6% / МН Медок 8, пэт кег 20л;;Алкогольная продукция>MeadNight>MeadNight кег;6;;;Mead;6532836;;296906d2-da56-11f0-9bb3-000c296fac54
Rewort Brewery "Регулировка фокуса" (Tomato Gose) алк. 10% / ТОМАТНОЕ 5, ж/б 0,45л;426;00-00021462;РЕГУЛИРОВКА ФОКУСА (ж/б 0,45л);Rewort;Товар;;275;4630522440556;кор. 12х0,45л ж/б;365;Регулировка фокуса;Регулировка фокуса;Rewort Brewery "Регулировка фокуса" (Tomato Gose) алк. 10% / ТОМАТНОЕ 5, ж/б 0,45л;Новинка!;Алкогольная продукция>SVOI (Сергиев Посад)>Rewort ж>б;10;;;Tomato Gose;6488312;;f94a5d1c-dc1d-11f0-9bb5-000c296fac54
Rewort Brewery "Регулировка фокуса" (Tomato Gose) алк. 10% / ТОМАТНОЕ 5, ж/б 0,45л;426;00-00021462;РЕГУЛИРОВКА ФОКУСА (ж/б 0,45л);Rewort;Товар;;275;4670161159419;кор. 12х0,45л ж/б;365;Регулировка фокуса;Регулировка фокуса;Rewort Brewery "Регулировка фокуса" (Tomato Gose) алк. 10% / ТОМАТНОЕ 5, ж/б 0,45л;Новинка!;Алкогольная продукция>SVOI (Сергиев Посад)>Rewort ж>б;10;;;Tomato Gose;6488312;;f94a5d1c-dc1d-11f0-9bb5-000c296fac54
Меда Сибири "Apricot Mead" (Mead) алк. 6% / Абрикос, ж/б 0,45л;54;00-00019178;APRICOT MEAD (ж/б 0,45л);Меда Сибири;Товар;;309;4660387591339;кор. 12х0,45л ж/б;365;Apricot Mead;Apricot Mead;Меда Сибири "Apricot Mead" (Mead) алк. 6% / Абрикос, ж/б 0,45л;;Алкогольная продукция>Меда Сибири>Меда Сибири жб>бут;6;;;Mead - Melomel;5882173;;1a26ba84-30b6-11f0-9bac-000c296fac54
Ostrovica "Dry Stout" (Dry Stout) алк. 5,5% / островица ТН1, ж/б. 0,45л;3;00-00019208;DRY STOUT (ж/б 0,45л);Ostrovica Brewery;Товар;;276;4640205265178;кор. 20х0,45л ж/б;360;Dry Stout;Dry Stout;Ostrovica "Dry Stout" (Dry Stout) алк. 5,5% / островица ТН1, ж/б. 0,45л;;Алкогольная продукция>Ostrovica (Аша)>Ostrovica ж>б;;;;Dry Stout;6199912;;3a4b766d-3162-11f0-9bac-000c296fac54
Ostrovica "Dry Stout" (Dry Stout) алк. 5,5% / островица ТН1, ж/б. 0,45л;3;00-00019208;DRY STOUT (ж/б 0,45л);Ostrovica Brewery;Товар;;276;4640205265185;кор. 20х0,45л ж/б;360;Dry Stout;Dry Stout;Ostrovica "Dry Stout" (Dry Stout) алк. 5,5% / островица ТН1, ж/б. 0,45л;;Алкогольная продукция>Ostrovica (Аша)>Ostrovica ж>б;;;;Dry Stout;6199912;;3a4b766d-3162-11f0-9bac-000c296fac54
Rewort Brewery "SveTley" (Micro IPA) алк. 3,0% / СВЕТЛОЕ 10, ж/б 0,45л;228;00-00019308;SVETLEY (ж/б 0,45л);Rewort;Товар;;264;4670161157873;кор. 12х0,45л ж/б;365;SveTley;SveTley;Rewort Brewery "SveTley" (Micro IPA) алк. 3,0% / СВЕТЛОЕ 10, ж/б 0,45л;;Алкогольная продукция>SVOI (Сергиев Посад)>Rewort ж>б;3;50;9;Micro IPA;6239243;9;b2342ae9-36ef-11f0-9bac-000c296fac54
Rewort Brewery "SveTley" (Micro IPA) алк. 3,0% / СВЕТЛОЕ 10, ж/б 0,45л;228;00-00019308;SVETLEY (ж/б 0,45л);Rewort;Товар;;264;4670161159488;кор. 12х0,45л ж/б;365;SveTley;SveTley;Rewort Brewery "SveTley" (Micro IPA) алк. 3,0% / СВЕТЛОЕ 10, ж/б 0,45л;;Алкогольная продукция>SVOI (Сергиев Посад)>Rewort ж>б;3;50;9;Micro IPA;6239243;9;b2342ae9-36ef-11f0-9bac-000c296fac54
Brewlok "Leshy" (IPA) алк. 6,2%, / Леший, ж/б 0,45л;27;00-00019389;LESHY (ж/б 0,45л);Brewlok;Товар;Умеренно сухой с классической хмелевой двойкой: Amarillo и Citra;301;4640106807866;кор. 12х0,45л ж/б;366;Leshy;Leshy;Brewlok "Leshy" (IPA) алк. 6,2%, / Леший, ж/б 0,45л;;Алкогольная продукция>Brewlok (Воронеж)>Brewlok ж>б;6,20;60;16;India Pale Ale;2260907;;35767188-3c75-11f0-9bac-000c296fac54
Lapochka "PEAR + GINGER+CBD" (Lemonade) /Лапочка ВитаминМикс 3, ж/б.0,33л;168;00-00011178;LAPOCHKA "PEAR + GINGER+CBD" (ж/б 0,33л);Lapochka;Товар;;192;4640205260135;кор. 20х0,33л ж/б;360;LAPOCHKA "PEAR + GINGER+CBD";LAPOCHKA "PEAR + GINGER+CBD";Lapochka "PEAR + GINGER+CBD" (Lemonade) /Лапочка ВитаминМикс 3, ж/б.0,33л;;Алкогольная продукция>Ostrovica (Аша)>Lapochka;;;;Lemonade;;;877707d2-9bdf-11ed-80fb-000c29d24b62
Lapochka "PEAR + GINGER+CBD" (Lemonade) /Лапочка ВитаминМикс 3, ж/б.0,33л;168;00-00011178;LAPOCHKA "PEAR + GINGER+CBD" (ж/б 0,33л);Lapochka;Товар;;192;4640205260159;кор. 20х0,33л ж/б;360;LAPOCHKA "PEAR + GINGER+CBD";LAPOCHKA "PEAR + GINGER+CBD";Lapochka "PEAR + GINGER+CBD" (Lemonade) /Лапочка ВитаминМикс 3, ж/б.0,33л;;Алкогольная продукция>Ostrovica (Аша)>Lapochka;;;;Lemonade;;;877707d2-9bdf-11ed-80fb-000c29d24b62
Brewlok "Leshy" (IPA) алк. 6,2%, / Леший, пэт кег 20л/шт;5;00-00011644;LESHY (пэт кег 20л/шт);Brewlok;Товар;Умеренно сухой с классической хмелевой двойкой: Amarillo и Citra;6774;4640106804803;пэт кег 20л/шт;366;Leshy;Leshy;Brewlok "Leshy" (IPA) алк. 6,2%, / Леший, пэт кег 20л/шт;;Алкогольная продукция>Brewlok (Воронеж)>Brewlok кег;6,20;60;16;India Pale Ale;2260907;;b09660d4-c194-11ed-80fd-000c29d24b62
Rewort Brewery "Muammar G.”  (DIPA) алк. 8,6%, / Муаммар Г., пэт кег 20л/шт;25;00-00012479;MUAMMAR G. (пэт кег 20л/шт);Rewort;Товар;;0;4670161150256;пэт кег 20л/шт;365;Muammar G.;Muammar G.;Rewort Brewery "Muammar G.”  (DIPA) алк. 8,6%, / Муаммар Г., пэт кег 20л/шт;;Алкогольная продукция>SVOI (Сергиев Посад)>Rewort кег пэт;8,60;70;20,50;Double IPA;2436729;17;5d24f261-14ca-11ee-810c-000c29bc6f5e
GANZA Brewery "ПОЛОВИНКА Гуава, Манго, Ананас" (Lemonade) / ПОЛОВИНКА МИКС 3, ж/б 0,33л;28;00-00013516;ПОЛОВИНКА ГУАВА, МАНГО, АНАНАС (ж/б 0,33 л);GANZA Brewery;Товар;;193;4670163072969;кор. 12х0,33л ж/б;360;ПОЛОВИНКА Гуава, Манго, Ананас;ПОЛОВИНКА Гуава, Манго, Ананас;GANZA Brewery "ПОЛОВИНКА Гуава, Манго, Ананас" (Lemonade) / ПОЛОВИНКА МИКС 3, ж/б 0,33л;;Алкогольная продукция>GANZA Brewery>Ganza лимонады;;;;Lemonade;;;3c6f1ff1-69cc-11ee-8119-000c29bc6f5e
Brewlok "Baba Yaga" (Milk Stout), алк. 6%, / Баба Яга, пэт кег 20л;20;00-00006013;BABA YAGA (пэт кег 20л);Brewlok;Товар;Стаут с добавлением лактозы и кофе.;390;4640106807927;пэт кег 20л;366;Baba Yaga;Baba Yaga;Brewlok "Baba Yaga" (Milk Stout), алк. 6%, / Баба Яга, пэт кег 20л;;Алкогольная продукция>Brewlok (Воронеж)>Brewlok кег;6;30;16;Milk Stout;1673847;;0277cf79-f36b-11eb-80d5-000c29d24b62
Chibis "Карамбуляж" (DIPA), алк. 8,5% / Карамбуляж Дабл ИПА, пэт кег 20л;20;00-00006157;КАРАМБУЛЯЖ (пэт кег 20л);CHIBIS Brewery;Товар;;458;4627156420061;пэт кег 20л;365;Карамбуляж;Карамбуляж;Chibis "Карамбуляж" (DIPA), алк. 8,5% / Карамбуляж Дабл ИПА, пэт кег 20л;;Алкогольная продукция>CHIBIS Brewery>CHIBIS Brewery кег;8,50;70;19;Double IPA;2301279;;1d7d7d0b-0028-11ec-80d7-000c29d24b62
Zagovor Brewery "Foggy Notion" (New England IPA) алк. 6,8%, / Фоги Ноушн, пэт кег 20л;40;00-00008240;FOGGY NOTION (пэт кег 20л);Zagovor Brewery;Товар;;623;4670223013109;пэт кег 20л;365;Foggy Notion;Foggy Notion;Zagovor Brewery "Foggy Notion" (New England IPA) алк. 6,8%, / Фоги Ноушн, пэт кег 20л;;Алкогольная продукция>Zagovor Brewery>Zagovor Brewery кеги;6,80;50;;New England IPA;2135232;;013a21a9-aaa4-11ec-80e1-000c29d24b62
Gravity Project "Рассвет" (Cider) алк. 5% / Грейпфпут с розмарином полусладкий, бут. 0,45л;53;00-00022566;РАССВЕТ (бут. 0,45л);Gravity Project;Товар;Сидр с соком грейпфрута и розмарином.;329;4640422940469;кор. 12х0,45л ст бут.;365;Рассвет;Рассвет;Gravity Project "Рассвет" (Cider) алк. 5% / Грейпфпут с розмарином полусладкий, бут. 0,45л;;Алкогольная продукция>Gravity Project>Gravity Project стекло;5;;;Cider;2668168;;c8b01abb-649c-11f1-9bbe-000c296fac54
Coma & Rewort “Трип: Лондон” (Stout - Imperial / Doube) алк. 11,5% / ОТЛИЧНОЕ ИМПЕРСКОЕ 4, ж/б 0,45л;838;00-00022576;ТРИП: ЛОНДОН (ж/б 0,45л);Coma Brewery;Товар;;338;4630522440099;кор. 12х0,45л ж/б;720;Трип: Лондон;Трип: Лондон;Coma & Rewort “Трип: Лондон” (Stout - Imperial / Doube) алк. 11,5% / ОТЛИЧНОЕ ИМПЕРСКОЕ 4, ж/б 0,45л;Новинка!;Алкогольная продукция>SVOI (Сергиев Посад)>Coma Brewery>Coma Brewery ж>б;11,50;26;;Stout - Imperial / Double;6718797;;7bd6b47b-64b2-11f1-9bbe-000c296fac54
Coma & Rewort “Трип: Лондон” (Stout - Imperial / Doube) алк. 11,5% / ОТЛИЧНОЕ ИМПЕРСКОЕ 4, ж/б 0,45л;838;00-00022576;ТРИП: ЛОНДОН (ж/б 0,45л);Coma Brewery;Товар;;338;4630522442062;кор. 12х0,45л ж/б;720;Трип: Лондон;Трип: Лондон;Coma & Rewort “Трип: Лондон” (Stout - Imperial / Doube) алк. 11,5% / ОТЛИЧНОЕ ИМПЕРСКОЕ 4, ж/б 0,45л;Новинка!;Алкогольная продукция>SVOI (Сергиев Посад)>Coma Brewery>Coma Brewery ж>б;11,50;26;;Stout - Imperial / Double;6718797;;7bd6b47b-64b2-11f1-9bbe-000c296fac54
Brewlok "ЭНДШПИЛЬ 2" (Altbier - Doppelsticke) алк. 8,5%,/ Эндшпиль ж/б 0,45л;4;00-00022596;ЭНДШПИЛЬ 2 (ж/б 0,45л);Brewlok;Товар;;290;4640437583484;кор. 12х0,45л ж/б;366;ЭНДШПИЛЬ 2;ЭНДШПИЛЬ 2;Brewlok "ЭНДШПИЛЬ 2" (Altbier - Doppelsticke) алк. 8,5%,/ Эндшпиль ж/б 0,45л;;Алкогольная продукция>Brewlok (Воронеж)>Brewlok ж>б;8,50;;;Altbier;5267280;;758500fb-68aa-11f1-9bbe-000c296fac54
Plague Brew "Haze Control Galaxy&Mosaic"(Double New England IPA)алк. 8,5%/Чумной контракт 5,ж/б 0,45;5;00-00021807;HAZE CONTROL GALAXY&MOSAIC (ж/б 0,45л);Plague Brew;Товар;;420;4610563500297;кор. 12х0,45л ж/б;365;Haze Control Galaxy & Mosaic;Haze Control Galaxy & Mosaic;Plague Brew "Haze Control Galaxy&Mosaic"(Double New England IPA)алк. 8,5%/Чумной контракт 5,ж/б 0,45;;Алкогольная продукция>Plague Brew>Plague Brew ж>б бут;8,50;;;Double New England IPA;6365755;;61d7d132-1237-11f1-9bba-000c296fac54
4 Brewers "Memento Lager" (Lager) алк. 5% /Лагер 13, ж/б 0,45л;10;00-00021832;MEMENTO LAGER (ж/б 0,45л);4 Brewers;Товар;;327;4680820153146;кор. 12х0,45л ж/б;365;Memento Lager;Memento Lager;4 Brewers "Memento Lager" (Lager) алк. 5% /Лагер 13, ж/б 0,45л;;Алкогольная продукция>4 Brewers>4 Brewers ж>б;5;;;Lager;6612514;;a3ed1e40-13ab-11f1-9bba-000c296fac54
4 Brewers "Memento Lager" (Lager) алк. 5% /Лагер 13, ж/б 0,45л;10;00-00021832;MEMENTO LAGER (ж/б 0,45л);4 Brewers;Товар;;327;4680820153184;кор. 12х0,45л ж/б;365;Memento Lager;Memento Lager;4 Brewers "Memento Lager" (Lager) алк. 5% /Лагер 13, ж/б 0,45л;;Алкогольная продукция>4 Brewers>4 Brewers ж>б;5;;;Lager;6612514;;a3ed1e40-13ab-11f1-9bba-000c296fac54
Край Земли "Лимонад лаванда" (Lemonade) / ЛИМОНАД КРАЙ ЗЕМЛИ ЛАВАНДА, бут. 0,33л;47;00-00021865;ЛИМОНАД ЛАВАНДА (бут.0,33л);Край Земли;Товар;;215;;кор. 12х0,33л ст. бут.;1095;Лимонад лаванда;Лимонад лаванда;Край Земли "Лимонад лаванда" (Lemonade) / ЛИМОНАД КРАЙ ЗЕМЛИ ЛАВАНДА, бут. 0,33л;;Алкогольная продукция>Край Земли>Край Земли бут б>а;;;;Lemonade;;;ca00aeaa-1883-11f1-9bbb-000c296fac54
Заповедник "Blueberry Monday Vol.2" (Semi-dry Cider) алк. 6% / Блю Бэрри Мандэй, бут. 0,33л;40;00-00021883;BLUEBERRY MONDAY VOL.2 (бут. 0,33л);Заповедник;Товар;;296;4603759677385;кор. 20х0,33л ст. бут.;365;Blueberry Monday Vol.2;Blueberry Monday Vol.2;Заповедник "Blueberry Monday Vol.2" (Semi-dry Cider) алк. 6% / Блю Бэрри Мандэй, бут. 0,33л;;Алкогольная продукция>Заповедник>Заповедник бут;6;;;Cider Semi-dry;5580480;;8c56ae86-1957-11f1-9bbb-000c296fac54
Red Rocket "Dry Stout" (Stout ) алк. 4.2% / РЕД РОКЕТ ДРАЙ СТАУТ, 0,45л ж/б;30;00-00019693;DRY STOUT (0,45л ж/б);Red Rocket;Товар;;246;4640229932261;кор. 20х0,45л ж/б;360;Dry Stout;Dry Stout;Red Rocket "Dry Stout" (Stout ) алк. 4.2% / РЕД РОКЕТ ДРАЙ СТАУТ, 0,45л ж/б;;Алкогольная продукция>Red Rocket Brewery>Red Rocket ж>б;4,20;;;Stout;6046324;;7a32d6be-51c5-11f0-9bac-000c296fac54
Ясная Поляна "Сидр Сухой '24" (Cider Dry) алк. 4,8% / Ясная Поляна, пэт кег 20л;40;00-00019755;СИДР СУХОЙ '24 (пэт кег 20л);Ясная Поляна;Товар;;600;4670188816760;пэт кег 20л;730;Сидр Сухой '24;Сидр Сухой '24;Ясная Поляна "Сидр Сухой '24" (Cider Dry) алк. 4,8% / Ясная Поляна, пэт кег 20л;;Алкогольная продукция>Ясная Поляна>Ясная Поляна кег;4,80;;;Cider Dry;6091362;;65159575-55ab-11f0-9bac-000c296fac54
Бокал для пива «Хайбол (Банка Coma (best hops))», 0,47л, (Франция);72;00-00019769;БОКАЛ ХАЙБОЛ BEST HOPS COMA 0,47л.;Coma Brewery;Товар;Бокал для пива «Хайбол (Банка Coma (best hops))», 0,47л, (Франция);422;;Упаковка 6 шт.;0;Бокал Хайбол Best Hops Coma 0,47л.;Бокал Хайбол Best Hops Coma 0,47л.;Бокал для пива «Хайбол (Банка Coma (best hops))», 0,47л, (Франция);Новинка!;Сопутствующие товары>СВОИ>Сувенирные бокалы;;;;;;;f7e95302-564d-11f0-9bac-000c296fac54
Леонид Леврана "Пуаре" (Dry Cider) алк. 5,5% / ЛЕОНИД ЛЕВРАНА, бут. 0,75л;3;00-00019851;ПУАРЕ (бут. 0,75л);Сидродельня Леонида Леврана;Товар;;1604;4603728537443;кор. 06х0,75л ст. бут.;720;Пуаре;Пуаре;Леонид Леврана "Пуаре" (Dry Cider) алк. 5,5% / ЛЕОНИД ЛЕВРАНА, бут. 0,75л;;Алкогольная продукция>Сидродельня Леонида Леврана>Леврана бут;5,50;;;Dry Pear Cider;6223399;;6d73eb32-5b1e-11f0-9bae-000c296fac54
White Phoenix"White Phoenix Grapefruit&Passion.."(Mead)алк.5,6%/Белый Ф. Грейпфрут-маракуйя,бут0,45л;24;00-00014488;WHITE PHOENIX GRAPEFRUIT&PASSION FRUIT(бут 0,45л);White Phoenix;Товар;;180;4680140431191;кор. 12х0,45л ст бут.;730;White Phoenix Grapefruit & Passion Fruit;White Phoenix Grapefruit & Passion Fruit;White Phoenix"White Phoenix Grapefruit&Passion.."(Mead)алк.5,6%/Белый Ф. Грейпфрут-маракуйя,бут0,45л;;Алкогольная продукция>Cider House>White Phoenix>White Phoenix ж\б бут;4,70;;;Mead;4428138;;b7d46d80-b9cb-11ee-815f-000c29bc6f5e
White Phoenix"White Phoenix Grapefruit&Passion.."(Mead)алк.5,6%/Белый Ф. Грейпфрут-маракуйя,бут0,45л;24;00-00014488;WHITE PHOENIX GRAPEFRUIT&PASSION FRUIT(бут 0,45л);White Phoenix;Товар;;180;4680140432037;кор. 12х0,45л ст бут.;730;White Phoenix Grapefruit & Passion Fruit;White Phoenix Grapefruit & Passion Fruit;White Phoenix"White Phoenix Grapefruit&Passion.."(Mead)алк.5,6%/Белый Ф. Грейпфрут-маракуйя,бут0,45л;;Алкогольная продукция>Cider House>White Phoenix>White Phoenix ж\б бут;4,70;;;Mead;4428138;;b7d46d80-b9cb-11ee-815f-000c29bc6f5e
Ортодокс “ИПА Центенниал” (IPA) алк. 6,5% / ИПА 26, пэт кег 20л/шт;32;00-00014785;ИПА ЦЕНТЕННИАЛ (пэт кег 20л/шт);ОРТОДОКС;Товар;;0;4670161151048;пэт кег 20л/шт;365;ИПА Центенниал;ИПА Центенниал;Ортодокс “ИПА Центенниал” (IPA) алк. 6,5% / ИПА 26, пэт кег 20л/шт;;Алкогольная продукция>SVOI (Сергиев Посад)>Ортодокс кег пэт;6,50;50;16,50;IPA - American;5534515;;be2dee8c-d9ee-11ee-816c-000c29bc6f5e
Gravity Project "Russkiy Pierog" (Mead) алк. 5% / Гравити Сайзер 1, бут. 0,5л;136;00-00015875;RUSSKIY PIEROG (бут. 0,5л);Gravity Project;Товар;;343;4603791714628;кор. 12х0,5л ст. бут.;365;Russkiy Pierog;Russkiy Pierog;Gravity Project "Russkiy Pierog" (Mead) алк. 5% / Гравити Сайзер 1, бут. 0,5л;;Алкогольная продукция>Gravity Project>Gravity Project стекло;5;;;Mead;5877972;;9a5a1b5a-345d-11ef-819c-000c29bc6f5e
Lapochka "FIZZY RIESLING (Рислинг Баблс)" (Lemonade) / Лапочка Рислинг Баблс, ж/б.0,33л;252;00-00016300;РИСЛИНГ БАБЛС (FIZZY RIESLING)(ж/б 0,33л);Lapochka;Товар;;196;4640205260517;кор. 20х0,33л ж/б;360;Рислинг Баблс;Рислинг Баблс;Lapochka "FIZZY RIESLING (Рислинг Баблс)" (Lemonade) / Лапочка Рислинг Баблс, ж/б.0,33л;;Алкогольная продукция>Ostrovica (Аша)>Lapochka;;;;Lemonade;;;d9f0b8db-54b5-11ef-81bc-000c29bc6f5e
Lapochka "FIZZY RIESLING (Рислинг Баблс)" (Lemonade) / Лапочка Рислинг Баблс, ж/б.0,33л;252;00-00016300;РИСЛИНГ БАБЛС (FIZZY RIESLING)(ж/б 0,33л);Lapochka;Товар;;196;4640205260524;кор. 20х0,33л ж/б;360;Рислинг Баблс;Рислинг Баблс;Lapochka "FIZZY RIESLING (Рислинг Баблс)" (Lemonade) / Лапочка Рислинг Баблс, ж/б.0,33л;;Алкогольная продукция>Ostrovica (Аша)>Lapochka;;;;Lemonade;;;d9f0b8db-54b5-11ef-81bc-000c29bc6f5e
Salden's "Micro New England IPA  Amarillo" (NEIPA) алк, 4% / Оригинальный Нью Ингланд, ж/б 0,45л;19;00-00022778;MICRO NEW ENGLAND IPA  AMARILLO (ж/б 0,45л);Salden's;Товар;;248;4620085787656;кор. 20х0,45л ж/б;180;Micro New England IPA  Amarillo;Micro New England IPA  Amarillo;Salden's "Micro New England IPA  Amarillo" (NEIPA) алк, 4% / Оригинальный Нью Ингланд, ж/б 0,45л;;Алкогольная продукция>Saldens>Salden's ж>б;4;30;;NEIPA;6753551;;7e48fb6e-7518-11f1-9bbe-000c296fac54
Red Button "Ninety IPA (Citra)" (IPA - American) алк.7% /Цитра Ипа 90, ж/б 0,45л;7;00-00022786;NINETY IPA (CITRA) (жб 0,45л);Red Button;Товар;;301;4670190945069;кор. 20х0,45л ж/б;360;Ninety IPA (Citra);Ninety IPA (Citra);Red Button "Ninety IPA (Citra)" (IPA - American) алк.7% /Цитра Ипа 90, ж/б 0,45л;;Алкогольная продукция>Red Button>Red Button ж>б > стекло;7;;;IPA - American;6764241;;d68323be-754d-11f1-9bbe-000c296fac54
Chibis "РАМАЛАЧА" (Gose) алк. 4.5% / Рамалача 1, ж/б 0,45л;52;00-00022795;РАМАЛАЧА (ж/б 0,45л);CHIBIS Brewery;Товар;;329;4640233774468;кор. 06х0,45л ж/б;365;РАМАЛАЧА;РАМАЛАЧА;Chibis "РАМАЛАЧА" (Gose) алк. 4.5% / Рамалача 1, ж/б 0,45л;;Алкогольная продукция>CHIBIS Brewery>CHIBIS Brewery стекло > жб;4,50;;;Gose;5643166;;c507daec-75e0-11f1-9bc0-000c296fac54
Chibis "РАМАЛАЧА" (Gose) алк. 4.5% / Рамалача 1, ж/б 0,45л;52;00-00022795;РАМАЛАЧА (ж/б 0,45л);CHIBIS Brewery;Товар;;329;4640233774499;кор. 06х0,45л ж/б;365;РАМАЛАЧА;РАМАЛАЧА;Chibis "РАМАЛАЧА" (Gose) алк. 4.5% / Рамалача 1, ж/б 0,45л;;Алкогольная продукция>CHIBIS Brewery>CHIBIS Brewery стекло > жб;4,50;;;Gose;5643166;;c507daec-75e0-11f1-9bc0-000c296fac54
4 Brewers "Доза [Blackcurrant+Strawberry+Cranberry..." (Smoothie) алк. 6% / Саур эль 44, ж/б 0,45л;8;00-00021690;ДОЗА [BLACKCURRANT+STRAWBERRY+... (ж/б 0,45л);4 Brewers;Товар;;343;4680820157137;кор. 12х0,45л ж/б;270;Доза [Blackcurrant + Strawberry + Cranberry + Raspberry + Cherry + Cowberry];Доза [Blackcurrant + Strawberry + Cranberry + Raspberry + Cherry + Cowberry];4 Brewers "Доза [Blackcurrant+Strawberry+Cranberry..." (Smoothie) алк. 6% / Саур эль 44, ж/б 0,45л;;Алкогольная продукция>4 Brewers>4 Brewers ж>б;6;;;Sour  Smoothie;4114522;;397dbca7-01c5-11f1-9bba-000c296fac54
4 Brewers "Доза [Blackcurrant+Strawberry+Cranberry..." (Smoothie) алк. 6% / Саур эль 44, ж/б 0,45л;8;00-00021690;ДОЗА [BLACKCURRANT+STRAWBERRY+... (ж/б 0,45л);4 Brewers;Товар;;343;4680820157175;кор. 12х0,45л ж/б;270;Доза [Blackcurrant + Strawberry + Cranberry + Raspberry + Cherry + Cowberry];Доза [Blackcurrant + Strawberry + Cranberry + Raspberry + Cherry + Cowberry];4 Brewers "Доза [Blackcurrant+Strawberry+Cranberry..." (Smoothie) алк. 6% / Саур эль 44, ж/б 0,45л;;Алкогольная продукция>4 Brewers>4 Brewers ж>б;6;;;Sour  Smoothie;4114522;;397dbca7-01c5-11f1-9bba-000c296fac54
Rewort Brewery "Silent Enigma" (Pilsner - New Zealand) алк. 5,5% / САЙЛЕНТ ЭНИГМА, пэт кег 20л/шт;8;00-00021744;SILENT ENIGMA (пэт кег 20л/шт);Rewort;Товар;;0;4630522441416;пэт кег 20л/шт;365;Silent Enigma;Silent Enigma;Rewort Brewery "Silent Enigma" (Pilsner - New Zealand) алк. 5,5% / САЙЛЕНТ ЭНИГМА, пэт кег 20л/шт;Новинка!;Алкогольная продукция>SVOI (Сергиев Посад)>Rewort кег пэт;5,50;35;14;Pilsner - New Zealand;6584140;12;96a3745f-0bd3-11f1-9bba-000c296fac54
Ортодокс “Королёвское” (Lager) алк. 4,6% / КОРОЛЁВСКОЕ, ж/б 0,45л;5;00-00021768;КОРОЛЁВСКОЕ (ж/б 0,45л);ОРТОДОКС;Товар;;212;4670161154889;кор. 12х0,45л ж/б;365;Королёвское;Королёвское;Ортодокс “Королёвское” (Lager) алк. 4,6% / КОРОЛЁВСКОЕ, ж/б 0,45л;;Алкогольная продукция>SVOI (Сергиев Посад)>Ортодокс ж>б;4,60;20;11,20;Lager;5534523;;e18c57de-0e51-11f1-9bba-000c296fac54
Ортодокс “Королёвское” (Lager) алк. 4,6% / КОРОЛЁВСКОЕ, ж/б 0,45л;5;00-00021768;КОРОЛЁВСКОЕ (ж/б 0,45л);ОРТОДОКС;Товар;;212;4670161155640;кор. 12х0,45л ж/б;365;Королёвское;Королёвское;Ортодокс “Королёвское” (Lager) алк. 4,6% / КОРОЛЁВСКОЕ, ж/б 0,45л;;Алкогольная продукция>SVOI (Сергиев Посад)>Ортодокс ж>б;4,60;20;11,20;Lager;5534523;;e18c57de-0e51-11f1-9bba-000c296fac54
Rewort Brewery "Примавера" (IPA - Milkshake) алк. 5,5% / МИЛКШЕЙК 69, пэт кег 20л/шт;7;00-00021791;ПРИМАВЕРА (пэт кег 20л/шт);Rewort;Товар;;0;4630522441515;пэт кег 20л/шт;365;Примавера;Примавера;Rewort Brewery "Примавера" (IPA - Milkshake) алк. 5,5% / МИЛКШЕЙК 69, пэт кег 20л/шт;Новинка!;Алкогольная продукция>SVOI (Сергиев Посад)>Rewort кег пэт;5,50;45;19,30;IPA - Milkshake;6603957;40;da684f37-117c-11f1-9bba-000c296fac54
Plague Brew "Apple Tunes: Lemon" (Mead) алк. 10% / Напиток Специальный 1,  бут. 0,25 л;22;00-00019888;APPLE TUNES: LEMON (бут. 0,25л);Plague Brew;Товар;;771;;кор. 20х0,25л ст. бут.;1825;Apple Tunes: Lemon;Apple Tunes: Lemon;Plague Brew "Apple Tunes: Lemon" (Mead) алк. 10% / Напиток Специальный 1,  бут. 0,25 л;;Алкогольная продукция>Plague Brew>Plague Brew ж>б бут;10;;;Mead;6228549;;cdc5f89c-5bda-11f0-9baf-000c296fac54
Rewort Brewery "Mead Journey" (Mead - Melomel) алк. 5,2% / МИД ДЖОРНИ, ж/б 0,45л;104;00-00019973;MEAD JOURNEY (ж/б 0,45л);Rewort;Товар;;259;4670161155275;кор. 12х0,45л ж/б;365;Mead Journey;Mead Journey;Rewort Brewery "Mead Journey" (Mead - Melomel) алк. 5,2% / МИД ДЖОРНИ, ж/б 0,45л;;Алкогольная продукция>SVOI (Сергиев Посад)>Rewort ж>б;5,20;18;;Mead - Melomel;5098755;;a2bec8f3-6247-11f0-9baf-000c296fac54
Rewort Brewery "Mead Journey" (Mead - Melomel) алк. 5,2% / МИД ДЖОРНИ, ж/б 0,45л;104;00-00019973;MEAD JOURNEY (ж/б 0,45л);Rewort;Товар;;259;4670161157965;кор. 12х0,45л ж/б;365;Mead Journey;Mead Journey;Rewort Brewery "Mead Journey" (Mead - Melomel) алк. 5,2% / МИД ДЖОРНИ, ж/б 0,45л;;Алкогольная продукция>SVOI (Сергиев Посад)>Rewort ж>б;5,20;18;;Mead - Melomel;5098755;;a2bec8f3-6247-11f0-9baf-000c296fac54
Brewlok "Дом 40 скелетов" (Oatmeal Stout), алк 5,5% / 40 скелетов. ж/б 0,45л;21;00-00020021;ДОМ 40 СКЕЛЕТОВ (ж/б 0,45л);Brewlok;Товар;Напиток тёмно-коричневого цвета с кремовой пеной. Имеет выразительный аромат с нотками шоколада, ягод и жжёного солода, сливочный вкус со сбалансированной горечью и сладостью.;277;4640106807873;кор. 12х0,45л ж/б;366;Дом 40 скелетов;Дом 40 скелетов;Brewlok "Дом 40 скелетов" (Oatmeal Stout), алк 5,5% / 40 скелетов. ж/б 0,45л;;Алкогольная продукция>Brewlok (Воронеж)>Brewlok ж>б;5,50;30;16;Oatmeal Stout;1297780;;b7da290b-63d7-11f0-9baf-000c296fac54
Ортодокс “Посадское” (Lager) алк. 4,4% / ПОСАДСКОЕ , пэт кег 20л/шт;5;00-00020053;ПОСАДСКОЕ (пэт кег 20л/шт);ОРТОДОКС;Товар;;0;4670161157729;пэт кег 20л/шт;365;Посадское;Посадское;Ортодокс “Посадское” (Lager) алк. 4,4% / ПОСАДСКОЕ , пэт кег 20л/шт;;Алкогольная продукция>SVOI (Сергиев Посад)>Ортодокс кег пэт;4,40;25;13;Lager;4534989;;b28b0121-67ae-11f0-9baf-000c296fac54
White Phoenix "White PhoenixSeaBuckthorn,Orange&Le.."(mead)алк.5,6%/Облепиха-апельсин-лимон,бут0,45л;155;00-00016793;WHITE PHOENIX SEA BUCKTHORN,ORANGE&LEMON(бут0,45л);White Phoenix;Товар;;180;4680140431238;кор. 12х0,45л ст бут.;730;White Phoenix Sea Buckthorn, Orange & Lemon;White Phoenix Sea Buckthorn, Orange & Lemon;White Phoenix "White PhoenixSeaBuckthorn,Orange&Le.."(mead)алк.5,6%/Облепиха-апельсин-лимон,бут0,45л;;Алкогольная продукция>Cider House>White Phoenix>White Phoenix ж\б бут;5,60;;;Mead;5776691;;d83142e0-797b-11ef-8200-000c29bc6f5e
White Phoenix "White PhoenixSeaBuckthorn,Orange&Le.."(mead)алк.5,6%/Облепиха-апельсин-лимон,бут0,45л;155;00-00016793;WHITE PHOENIX SEA BUCKTHORN,ORANGE&LEMON(бут0,45л);White Phoenix;Товар;;180;4680140432075;кор. 12х0,45л ст бут.;730;White Phoenix Sea Buckthorn, Orange & Lemon;White Phoenix Sea Buckthorn, Orange & Lemon;White Phoenix "White PhoenixSeaBuckthorn,Orange&Le.."(mead)алк.5,6%/Облепиха-апельсин-лимон,бут0,45л;;Алкогольная продукция>Cider House>White Phoenix>White Phoenix ж\б бут;5,60;;;Mead;5776691;;d83142e0-797b-11ef-8200-000c29bc6f5e
White Phoenix "White Phoenix Passion Fruit & Cherry" (Mead) алк. 5,6%/ Маракуйя-вишня, бут 0,45л;108;00-00017181;WHITE PHOENIX PASSION FRUIT & CHERRY (бут 0,45л);White Phoenix;Товар;;180;4680140431252;кор. 12х0,45л ст бут.;730;White Phoenix Passion Fruit & Cherry;White Phoenix Passion Fruit & Cherry;White Phoenix "White Phoenix Passion Fruit & Cherry" (Mead) алк. 5,6%/ Маракуйя-вишня, бут 0,45л;;Алкогольная продукция>Cider House>White Phoenix>White Phoenix ж\б бут;5,60;;;Mead;6108227;;baf82fde-9d03-11ef-8210-000c29bc6f5e
White Phoenix "White Phoenix Passion Fruit & Cherry" (Mead) алк. 5,6%/ Маракуйя-вишня, бут 0,45л;108;00-00017181;WHITE PHOENIX PASSION FRUIT & CHERRY (бут 0,45л);White Phoenix;Товар;;180;4680140432099;кор. 12х0,45л ст бут.;730;White Phoenix Passion Fruit & Cherry;White Phoenix Passion Fruit & Cherry;White Phoenix "White Phoenix Passion Fruit & Cherry" (Mead) алк. 5,6%/ Маракуйя-вишня, бут 0,45л;;Алкогольная продукция>Cider House>White Phoenix>White Phoenix ж\б бут;5,60;;;Mead;6108227;;baf82fde-9d03-11ef-8210-000c29bc6f5e
Rewort Brewery “Lust For Life” (Milkshake IPA) алк. 6% / ЛАСТ ФОР ЛАЙФ, пэт кег 20л/шт;4;00-00017533;LUST FOR LIFE (пэт кег 20л/шт);Rewort;Товар;;0;4670161156630;пэт кег 20л/шт;365;Lust For Life;Lust For Life;Rewort Brewery “Lust For Life” (Milkshake IPA) алк. 6% / ЛАСТ ФОР ЛАЙФ, пэт кег 20л/шт;;Алкогольная продукция>SVOI (Сергиев Посад)>Rewort кег пэт;6;35;17;Milkshake IPA (Mango & Passion Fruit);6049580;15;a2b4fd7f-b78d-11ef-8214-000c29bc6f5e
Big Village "Village Cherry" (Fruit Beer) алк. 5,5% / Вишневый Эль пэт кег 30л;30;00-00022807;VILLAGE CHERRY (пэт кег 30л);Big Village;Товар;;437;4609642279698;пэт кег 30л;240;Village Cherry;Village Cherry;Big Village "Village Cherry" (Fruit Beer) алк. 5,5% / Вишневый Эль пэт кег 30л;;Алкогольная продукция>Big Village>Big Village кег;5,50;10;;Fruit Beer;6765463;;4a9f6829-790e-11f1-9bc1-000c296fac54
White Stone "Один в один" (Sour - Fruited) алк. 6% / ВС Фруктовый Саур 9, пэт кег 20л;40;00-00022836;ОДИН В ОДИН (пэт кег 20л);White Stone;Товар;;432;4640229753330;пэт кег 20л;365;Один в один;Один в один;White Stone "Один в один" (Sour - Fruited) алк. 6% / ВС Фруктовый Саур 9, пэт кег 20л;Новинка!;Алкогольная продукция>White Stonе>White Stonе кег;6;7;;Sour - Fruited;6756080;;e9c02bc0-7abe-11f1-9bc1-000c296fac54
HopHead "Клубничная маргарита" (Sour - Fruited) алк. 6% / Хопхэд саур эль 5, ж/б 0,45л;2;00-00022849;КЛУБНИЧНАЯ МАРГАРИТА (ж/б 0,45л);HopHead;Товар;;340;4620402496438;кор. 20х0,45л ж/б;360;Клубничная маргарита;Клубничная маргарита;HopHead "Клубничная маргарита" (Sour - Fruited) алк. 6% / Хопхэд саур эль 5, ж/б 0,45л;;Алкогольная продукция>HopHead>HopHead ж>б;6;1;;Sour - Fruited;6742314;;938257fc-7b8e-11f1-9bc1-000c296fac54
Zagovor Brewery "Different Trains 2026" (IPA - American) алк. 6.5%/ Дифферент Трэйнс 2026, ж/б 0,45л;71;00-00022863;DIFFERENT TRAINS 2026 (ж/б 0,45л);Zagovor Brewery;Товар;;374;4670223014724;кор. 12х0,45л ж/б;365;Different Trains 2026;Different Trains 2026;Zagovor Brewery "Different Trains 2026" (IPA - American) алк. 6.5%/ Дифферент Трэйнс 2026, ж/б 0,45л;;Алкогольная продукция>Zagovor Brewery>Zagovor Brewery ж>б;6,50;50;;IPA - American;6774735;;81a16aec-8019-11f1-9bc3-000c296fac54
HopHead "Уйгурский лагман с бараниной" (Gose) алк 6% / Хопхэд гозе 26, ж/б 0,45л;28;00-00022657;УЙГУРСКИЙ ЛАГМАН С БАРАНИНОЙ (ж/б 0,45л);HopHead;Товар;;350;4620402496421;кор. 20х0,45л ж/б;360;Уйгурский лагман с бараниной;Уйгурский лагман с бараниной;HopHead "Уйгурский лагман с бараниной" (Gose) алк 6% / Хопхэд гозе 26, ж/б 0,45л;;Алкогольная продукция>HopHead>HopHead ж>б;6;1;;Gose;6742309;;34c2a043-6f0a-11f1-9bbe-000c296fac54
Big Pot "Rose" (Smoothie) алк. 7% / БИГПОТ СМУЗИ 21, ж/б 0,45л;78;00-00022719;ROSE (ж/б 0,45л);Big Pot;Товар;;364;4620402497121;кор. 12х0,45л ж/б;360;Rose;Rose;Big Pot "Rose" (Smoothie) алк. 7% / БИГПОТ СМУЗИ 21, ж/б 0,45л;Новинка!;Алкогольная продукция>Big Pot>Big Pot ж>б;7;;;Smoothie;6751642;;8b181a21-6fc5-11f1-9bbe-000c296fac54
Big Pot "Каприз" (Smoothie) алк. 7% / БИГПОТ СМУЗИ 20, пэт кег 20л;20;00-00022735;КАПРИЗ (пэт кег 20л);Big Pot;Товар;;563;4620402497435;пэт кег 20л;360;Каприз;Каприз;Big Pot "Каприз" (Smoothie) алк. 7% / БИГПОТ СМУЗИ 20, пэт кег 20л;Новинка!;Алкогольная продукция>Big Pot>Big Pot кеги;7;;;Smoothie;6764183;;0550592f-6fca-11f1-9bbe-000c296fac54
Мантра "Лимонад: Ягоды и Базилик" (Fruited Berliner) алк 5% /Кислый напиток 5 ,ж/б 0,45л;46;00-00022752;ЛИМОНАД: ЯГОДЫ И БАЗИЛИК (ж/б 0,45л);Мантра;Товар;;341;4620478130434;кор. 20х0,45л ж/б;365;Лимонад: Ягоды и Базилик;Лимонад: Ягоды и Базилик;Мантра "Лимонад: Ягоды и Базилик" (Fruited Berliner) алк 5% /Кислый напиток 5 ,ж/б 0,45л;;Алкогольная продукция>Мантра>Мантра ж>б;5;;;Fruited Berliner Weisse;6653626;;696a23c5-73ab-11f1-9bbe-000c296fac54
Blur Meadery “Классическая серия: Мёд с манго“ (Mead) алк. 5,0% / БЛЮР 8, пэт кег 20л/шт;14;00-00021908;МЁД С МАНГО (пэт кег 20л/шт);BLUR;Товар;;0;4630522441751;пэт кег 20л/шт;365;Классическая серия: Мёд с манго;Классическая серия: Мёд с манго;Blur Meadery “Классическая серия: Мёд с манго“ (Mead) алк. 5,0% / БЛЮР 8, пэт кег 20л/шт;;Алкогольная продукция>SVOI (Сергиев Посад)>Blur Meadery кег пэт;5;;;Mead;6576235;;531f79a5-1d38-11f1-9bbb-000c296fac54
White Phoenix "White Phoenix Bitter Lemon" (Mead), алк. 5,6% / Горький Лимон, бут 0,45л;95;00-00021939;WHITE PHOENIX BITTER LEMON (бут 0,45л);White Phoenix;Товар;;180;4680140431757;кор. 12х0,45л ст бут.;730;White Phoenix Bitter Lemon;White Phoenix Bitter Lemon;White Phoenix "White Phoenix Bitter Lemon" (Mead), алк. 5,6% / Горький Лимон, бут 0,45л;Новинка!;Алкогольная продукция>Cider House>White Phoenix>White Phoenix ж\б бут;5,60;;;Mead;6515543;;ceeb1139-2205-11f1-9bbc-000c296fac54
White Phoenix "White Phoenix Bitter Lemon" (Mead), алк. 5,6% / Горький Лимон, бут 0,45л;95;00-00021939;WHITE PHOENIX BITTER LEMON (бут 0,45л);White Phoenix;Товар;;180;4680140431825;кор. 12х0,45л ст бут.;730;White Phoenix Bitter Lemon;White Phoenix Bitter Lemon;White Phoenix "White Phoenix Bitter Lemon" (Mead), алк. 5,6% / Горький Лимон, бут 0,45л;Новинка!;Алкогольная продукция>Cider House>White Phoenix>White Phoenix ж\б бут;5,60;;;Mead;6515543;;ceeb1139-2205-11f1-9bbc-000c296fac54
Red Rocket "KOLSCH" (Kolsch) алк. 4,8% / РЕД РОКЕТ КЕЛЬШ, ж/б 0,45л;40;00-00021963;KOLSCH (ж/б 0,45л);Red Rocket;Товар;;267;4640229932216;кор. 20х0,45л ж/б;360;KOLSCH;KOLSCH;Red Rocket "KOLSCH" (Kolsch) алк. 4,8% / РЕД РОКЕТ КЕЛЬШ, ж/б 0,45л;;Алкогольная продукция>Red Rocket Brewery>Red Rocket ж>б;4,80;;;K?lsch;6332075;;507ba06b-2429-11f1-9bbc-000c296fac54
Ортодокс “Минский Пилс” (Pilsner) алк. 4,5% / МИНСКИЙ ПИЛС, ж/б 0,45л;43;00-00021994;МИНСКИЙ ПИЛС (ж/б 0,45л);ОРТОДОКС;Товар;;212;4670161155701;кор. 12х0,45л ж/б;365;Минский Пилс;Минский Пилс;Ортодокс “Минский Пилс” (Pilsner) алк. 4,5% / МИНСКИЙ ПИЛС, ж/б 0,45л;;Алкогольная продукция>SVOI (Сергиев Посад)>Ортодокс ж>б;4,50;;11,50;Pilsner;5945589;;f45e6ad1-2456-11f1-9bbc-000c296fac54
Ортодокс “Минский Пилс” (Pilsner) алк. 4,5% / МИНСКИЙ ПИЛС, ж/б 0,45л;43;00-00021994;МИНСКИЙ ПИЛС (ж/б 0,45л);ОРТОДОКС;Товар;;212;4670161159204;кор. 12х0,45л ж/б;365;Минский Пилс;Минский Пилс;Ортодокс “Минский Пилс” (Pilsner) алк. 4,5% / МИНСКИЙ ПИЛС, ж/б 0,45л;;Алкогольная продукция>SVOI (Сергиев Посад)>Ортодокс ж>б;4,50;;11,50;Pilsner;5945589;;f45e6ad1-2456-11f1-9bbc-000c296fac54
Леонид Леврана "Безалкогольный" (Non-Alcoholic Cider) / ЛЕОНИД ЛЕВРАНА, бут. 0,33л;36;00-00020110;БЕЗАЛКОГОЛЬНЫЙ (бут. 0,33л);Сидродельня Леонида Леврана;Товар;;280;4603728537313;кор. 12х0,33л ст. бут.;365;Безалкогольный;Безалкогольный;Леонид Леврана "Безалкогольный" (Non-Alcoholic Cider) / ЛЕОНИД ЛЕВРАНА, бут. 0,33л;;Алкогольная продукция>Сидродельня Леонида Леврана>Леврана б\а;;;;Non-Alcoholic Cider;6306535;;16563c71-6d1f-11f0-9baf-000c296fac54
Brewlok "Baba Yaga" (Breakfast Stout), алк. 6,0%  / Баба Яга, ж/б 0,45л;9;00-00020322;YAGA (ж/б 0,45л);Brewlok;Товар;Наш референс на счастливый финал сказок «И я там был, мед-пиво пил» — плотный и насыщенный молочный стаут с кофейно-кремовыми нотами.;290;4640106807903;кор. 12х0,45л ж/б;366;Yaga;Baba Yaga;Brewlok "Baba Yaga" (Breakfast Stout), алк. 6,0%  / Баба Яга, ж/б 0,45л;;Алкогольная продукция>Brewlok (Воронеж)>Brewlok ж>б;6;30;16;Milk Stout;1673847;;3d7cefce-78f0-11f0-9bb0-000c296fac54
Rewort Brewery "Analog Dream" (Imperial Sour Ale) алк. 6,9% / АНАЛОГ ДРИМ, ж/б 0,45л;105;00-00020341;ANALOG DREAM (ж/б 0,45л);Rewort;Товар;;275;04670161154933;кор. 12х0,45л ж/б;365;Analog Dream;Analog Dream;Rewort Brewery "Analog Dream" (Imperial Sour Ale) алк. 6,9% / АНАЛОГ ДРИМ, ж/б 0,45л;;Алкогольная продукция>SVOI (Сергиев Посад)>Rewort ж>б;6,90;15;23,10;Imperial Sour Ale With Rose, Lychee And Raspberry;6471722;26;db9ff5cc-79b3-11f0-9bb0-000c296fac54
Ability “Crucial Fruitiness” (Smoothie Sour Ale) алк. 6% / Абилити 17, ж/б 0,45л;1365;00-00020394;CRUCIAL FRUITINESS (ж/б 0,45л);Ability;Товар;;317;4670161158795;кор. 12х0,45л ж/б;365;Crucial Fruitiness;Crucial Fruitiness;Ability “Crucial Fruitiness” (Smoothie Sour Ale) алк. 6% / Абилити 17, ж/б 0,45л;;Алкогольная продукция>SVOI (Сергиев Посад)>Ability ж>б;6;;;Smoothie Sour Ale;6384270;;dbcfe413-7dcc-11f0-9bb0-000c296fac54
Ostrovica "American Pale Ale" (Pale Ale) алк. 5.5% /Островица Пэйл Эль, ж/б 0,45л;20;00-00017836;AMERICAN PALE ALE (ж/б 0,45л);Ostrovica Brewery;Товар;;278;4640205264874;кор. 20х0,45л ж/б;360;American Pale Ale;American Pale Ale;Ostrovica "American Pale Ale" (Pale Ale) алк. 5.5% /Островица Пэйл Эль, ж/б 0,45л;;Алкогольная продукция>Ostrovica (Аша)>Ostrovica ж>б;5,50;;14;Pale Ale;3799694;;d3dc8a0b-d30b-11ef-821a-000c29bc6f5e
Ostrovica "American Pale Ale" (Pale Ale) алк. 5.5% /Островица Пэйл Эль, ж/б 0,45л;20;00-00017836;AMERICAN PALE ALE (ж/б 0,45л);Ostrovica Brewery;Товар;;278;4640205264904;кор. 20х0,45л ж/б;360;American Pale Ale;American Pale Ale;Ostrovica "American Pale Ale" (Pale Ale) алк. 5.5% /Островица Пэйл Эль, ж/б 0,45л;;Алкогольная продукция>Ostrovica (Аша)>Ostrovica ж>б;5,50;;14;Pale Ale;3799694;;d3dc8a0b-d30b-11ef-821a-000c29bc6f5e
4 Brewers "Доза [Banana + Blueberry]" (Sour Ale) алк. 6% / Доза банан черника, ж/б 0,45л;6;00-00017883;ДОЗА [BANANA + BLUEBERRY] (ж/б 0,45л);4 Brewers;Товар;;317;4680820157465;кор. 12х0,45л ж/б;270;Доза [Banana + Blueberry];Доза [Banana + Blueberry];4 Brewers "Доза [Banana + Blueberry]" (Sour Ale) алк. 6% / Доза банан черника, ж/б 0,45л;;Алкогольная продукция>4 Brewers>4 Brewers ж>б;6;;;Sour Ale;3954788;;c527d61c-d803-11ef-821e-000c29bc6f5e
4 Brewers "Доза [Banana + Blueberry]" (Sour Ale) алк. 6% / Доза банан черника, ж/б 0,45л;6;00-00017883;ДОЗА [BANANA + BLUEBERRY] (ж/б 0,45л);4 Brewers;Товар;;317;4680820157502;кор. 12х0,45л ж/б;270;Доза [Banana + Blueberry];Доза [Banana + Blueberry];4 Brewers "Доза [Banana + Blueberry]" (Sour Ale) алк. 6% / Доза банан черника, ж/б 0,45л;;Алкогольная продукция>4 Brewers>4 Brewers ж>б;6;;;Sour Ale;3954788;;c527d61c-d803-11ef-821e-000c29bc6f5e
4 Brewers "Доза [Banana + Blueberry]" (Sour Ale) алк. 6% / Доза банан черника, ж/б 0,45л;6;00-00017883;ДОЗА [BANANA + BLUEBERRY] (ж/б 0,45л);4 Brewers;Товар;;317;4680820157519;кор. 12х0,45л ж/б;270;Доза [Banana + Blueberry];Доза [Banana + Blueberry];4 Brewers "Доза [Banana + Blueberry]" (Sour Ale) алк. 6% / Доза банан черника, ж/б 0,45л;;Алкогольная продукция>4 Brewers>4 Brewers ж>б;6;;;Sour Ale;3954788;;c527d61c-d803-11ef-821e-000c29bc6f5e
Salden's "Tomato Gose" (Gose) алк, 5% / Томатный Гозе, ж/б 0,45л;45;00-00017991;TOMATO GOSE (ж/б 0,45л);Salden's;Товар;Гозе с томатами, солью и кориандром.;296;4620085786024;кор. 20х0,45л ж/б;180;Tomato Gose;Tomato Gose;Salden's "Tomato Gose" (Gose) алк, 5% / Томатный Гозе, ж/б 0,45л;;Алкогольная продукция>Saldens>Salden's ж>б;5;;;Tomato Gose;1973701;;9b7b6da2-de13-11ef-8221-000c29bc6f5e
TBP & Rewort Brewery "Озерный дзен" (IPA - Session)алк. 4,2%/Теория большого пива 6, пэт кег 20л/шт;15;00-00022882;ОЗЕРНЫЙ ДЗЕН (пэт кег 20л/шт);TBP;Товар;;6795;4630522442598;пэт кег 20л/шт;365;Озерный дзен;Озерный дзен;TBP & Rewort Brewery "Озерный дзен" (IPA - Session)алк. 4,2%/Теория большого пива 6, пэт кег 20л/шт;Новинка!;Алкогольная продукция>SVOI (Сергиев Посад)>Rewort кег пэт;4,20;;;Session IPA;6790157;;f5b336b9-8046-11f1-9bc3-000c296fac54
Big Pot "Звяк" (New England Hazy IPA) алк.6,9% / ИПА 4,ж/б 0,45л;73;00-00022891;ЗВЯК (ж/б 0,45л);Big Pot;Товар;;353;4620402497589;кор. 12х0,45л ж/б;360;Звяк;Звяк;Big Pot "Звяк" (New England Hazy IPA) алк.6,9% / ИПА 4,ж/б 0,45л;;Алкогольная продукция>Big Pot>Big Pot ж>б;6,90;;;New England Hazy IPA;6776042;;112b35fc-804f-11f1-9bc3-000c296fac54
Мантра "Lemonade: Estragon" (Fruited Berliner Weisse) алк. 5% /Кислый напиток 7, ж/б 0,45л;28;00-00022943;LEMONADE: ESTRAGON  (ж/б 0,45л);Мантра;Товар;;340;4620478130687;кор. 20х0,45л ж/б;365;Lemonade: Estragon;Lemonade: Estragon;Мантра "Lemonade: Estragon" (Fruited Berliner Weisse) алк. 5% /Кислый напиток 7, ж/б 0,45л;;Алкогольная продукция>Мантра>Мантра ж>б;5;;;Fruited Berliner Weisse;6246678;;f3b203b1-8407-11f1-9bc3-000c296fac54
Леонид Леврана "Печеное Яблочко Б/А" (Non-Alcoholic Cider) / Печеное яблоко, бут. 0,33л;66;00-00022950;ПЕЧЕНОЕ ЯБЛОЧКО Б/А (бут. 0,33л);Сидродельня Леонида Леврана;Товар;;280;4603728537849;кор. 12х0,33л ст. бут.;365;Печеное Яблочко Б/А;Печеное Яблочко Б/А;Леонид Леврана "Печеное Яблочко Б/А" (Non-Alcoholic Cider) / Печеное яблоко, бут. 0,33л;;Алкогольная продукция>Сидродельня Леонида Леврана>Леврана б\а;;;;Non-Alcoholic - Cider;6602966;;bf7b98ac-8424-11f1-9bc3-000c296fac54
Black Cat "SOLO CAT Mosaic" (American IPA),алк. 6.4% /СОЛО КОТ ИНДИЙСКИЙ СВЕТЛЫЙ ЭЛЬ, ж/б 0,45л;15;00-00022025;SOLO CAT MOSAIC (ж/б 0,45л);Black Cat;Товар;;322;4650300022293;кор. 12х0,45л ж/б;360;SOLO CAT Mosaic;SOLO CAT Mosaic;Black Cat "SOLO CAT Mosaic" (American IPA),алк. 6.4% /СОЛО КОТ ИНДИЙСКИЙ СВЕТЛЫЙ ЭЛЬ, ж/б 0,45л;;Алкогольная продукция>Black Cat Brewery>Black Cat Brewery стекло > жб;6,40;70;;American IPA;6639831;;4d802c6c-291a-11f1-9bbc-000c296fac54
Magic Mess "Кибер Кряк" (American IPA) алк.6.5% /Мэджик Месс Вэст Кост ИПА 11, ж/б 0,45л;4;00-00022070;КИБЕР КРЯК (ж/б 0,45л);Magic Mess;Товар;;338;4660508892369;кор. 12х0,45л ж/б;365;Кибер Кряк;Кибер Кряк;Magic Mess "Кибер Кряк" (American IPA) алк.6.5% /Мэджик Месс Вэст Кост ИПА 11, ж/б 0,45л;;Алкогольная продукция>Magic Mess>Magic Mess ж>б;6,50;50;;American IPA;6568933;;ef788238-2cdb-11f1-9bbc-000c296fac54
Lapochka "Крем Сода" (Lemonade) / Лапочка Крем Сода, ж/б.0,33л;5;00-00022099;КРЕМ СОДА (ж/б 0,33л);Lapochka;Товар;;196;4640205266618;кор. 20х0,33л ж/б;360;Крем Сода;Крем Сода;Lapochka "Крем Сода" (Lemonade) / Лапочка Крем Сода, ж/б.0,33л;;Алкогольная продукция>Ostrovica (Аша)>Lapochka;;;;Lemonade;;;1023f478-327d-11f1-9bbc-000c296fac54
Lapochka "Крем Сода" (Lemonade) / Лапочка Крем Сода, ж/б.0,33л;5;00-00022099;КРЕМ СОДА (ж/б 0,33л);Lapochka;Товар;;196;4640205266656;кор. 20х0,33л ж/б;360;Крем Сода;Крем Сода;Lapochka "Крем Сода" (Lemonade) / Лапочка Крем Сода, ж/б.0,33л;;Алкогольная продукция>Ostrovica (Аша)>Lapochka;;;;Lemonade;;;1023f478-327d-11f1-9bbc-000c296fac54
Brewmen "Social Credit" (Lager) алк. 8% / Брюмен дабл ипа 2, ж/б 0,45л;34;00-00022140;SOCIAL CREDIT (ж/б 0,45л);Brewmen;Товар;;340;4620402494823;кор. 20х0,45л ж/б;360;Social Credit;Social Credit;Brewmen "Social Credit" (Lager) алк. 8% / Брюмен дабл ипа 2, ж/б 0,45л;;Алкогольная продукция>Brewmen>Brewmen ж>б, бут;8;;;Double New England IPA;6630807;;32ccf352-3957-11f1-9bbc-000c296fac54
Lapochka  "Т-Банк" (Lemonade) / Лапочка Т-Банк, ж/б.0,33л;50;00-00020419;Т-БАНК (ж/б 0,33л);Lapochka;Товар;;202;4640205265550;кор. 20х0,33л ж/б;360;Т-Банк;Т-Банк;Lapochka  "Т-Банк" (Lemonade) / Лапочка Т-Банк, ж/б.0,33л;;Алкогольная продукция>Ostrovica (Аша)>Lapochka;;;;Lemonade;;;6fb6023f-81c2-11f0-9bb0-000c296fac54
Lapochka  "Т-Банк" (Lemonade) / Лапочка Т-Банк, ж/б.0,33л;50;00-00020419;Т-БАНК (ж/б 0,33л);Lapochka;Товар;;202;4640205265611;кор. 20х0,33л ж/б;360;Т-Банк;Т-Банк;Lapochka  "Т-Банк" (Lemonade) / Лапочка Т-Банк, ж/б.0,33л;;Алкогольная продукция>Ostrovica (Аша)>Lapochka;;;;Lemonade;;;6fb6023f-81c2-11f0-9bb0-000c296fac54
Sabotage "Dyno Blast" (Imperial DIPA) алк. 7% / САБОТАЖ Дино Бласт, ж/б 0,45;60;00-00020509;DYNO BLAST (ж/б 0,45л);Sabotage Brewery;Товар;;374;4620235852579;кор. 20х0,45л ж/б;365;Dyno Blast;Dyno Blast;Sabotage "Dyno Blast" (Imperial DIPA) алк. 7% / САБОТАЖ Дино Бласт, ж/б 0,45;Новинка!;Алкогольная продукция>Sabotage Brewery>Sabotage ж>б;8,20;70;;Imperial Double IPA;6368030;;9c50d678-8896-11f0-9bb0-000c296fac54
Ортодокс “Овсяно-Молочный Стаут” (Stout) алк. 5,7% / СТАУТ 1, ж/б 0,45л;207;00-00020555;ОВСЯНО-МОЛОЧНЫЙ СТАУТ (ж/б 0,45л);ОРТОДОКС;Товар;;227;4670161154339;кор. 12х0,45л ж/б;365;Овсяно-Молочный Стаут;Овсяно-Молочный Стаут;Ортодокс “Овсяно-Молочный Стаут” (Stout) алк. 5,7% / СТАУТ 1, ж/б 0,45л;;Алкогольная продукция>SVOI (Сергиев Посад)>Ортодокс ж>б;5,70;18;16;Stout;4604652;;44b6bd2f-8c7d-11f0-9bb0-000c296fac54
Ортодокс “Овсяно-Молочный Стаут” (Stout) алк. 5,7% / СТАУТ 1, ж/б 0,45л;207;00-00020555;ОВСЯНО-МОЛОЧНЫЙ СТАУТ (ж/б 0,45л);ОРТОДОКС;Товар;;227;4670161155718;кор. 12х0,45л ж/б;365;Овсяно-Молочный Стаут;Овсяно-Молочный Стаут;Ортодокс “Овсяно-Молочный Стаут” (Stout) алк. 5,7% / СТАУТ 1, ж/б 0,45л;;Алкогольная продукция>SVOI (Сергиев Посад)>Ортодокс ж>б;5,70;18;16;Stout;4604652;;44b6bd2f-8c7d-11f0-9bb0-000c296fac54
TBP "Оператрица от Бога" (Sour - Fruited Gose) алк. 6% / Гозе 40, ж/б 0,45л;478;00-00020587;ОПЕРАТРИЦА ОТ БОГА (ж/б 0,45л);TBP;Товар;;311;4670161153967;кор. 12х0,45л ж/б;365;Оператрица от Бога;Оператрица от Бога;TBP "Оператрица от Бога" (Sour - Fruited Gose) алк. 6% / Гозе 40, ж/б 0,45л;Новинка!;Алкогольная продукция>Ostrovica (Аша)>ТВР ж>б;6;;;Fruited Sour Gose;6409101;;e6234799-8f12-11f0-9bb0-000c296fac54
TBP "Оператрица от Бога" (Sour - Fruited Gose) алк. 6% / Гозе 40, ж/б 0,45л;478;00-00020587;ОПЕРАТРИЦА ОТ БОГА (ж/б 0,45л);TBP;Товар;;311;4670161158863;кор. 12х0,45л ж/б;365;Оператрица от Бога;Оператрица от Бога;TBP "Оператрица от Бога" (Sour - Fruited Gose) алк. 6% / Гозе 40, ж/б 0,45л;Новинка!;Алкогольная продукция>Ostrovica (Аша)>ТВР ж>б;6;;;Fruited Sour Gose;6409101;;e6234799-8f12-11f0-9bb0-000c296fac54
Zagovor Brewery "Stoner" (Milk Stout) алк. 6,0%, / Стонер, ж/б  0,45л;7;00-00018120;STONER (ж/б  0,45л);Zagovor Brewery;Товар;;306;4670223011983;кор. 20х0,45л ж/б;365;Stoner;Stoner;Zagovor Brewery "Stoner" (Milk Stout) алк. 6,0%, / Стонер, ж/б  0,45л;;Алкогольная продукция>Zagovor Brewery>Zagovor Brewery ж>б;6;23;16;Milk Stout;873889;;db1a7095-e850-11ef-8221-000c29bc6f5e
Plague Brew "Blanc Delicat" (Witbier) алк. 5,2% / Я в пиве, ж/б 0,45л;4;00-00018217;BLANC DELICAT (ж/б 0,45л);Plague Brew;Товар;;307;4640236238967;кор. 12х0,45л ж/б;730;Blanc Delicat;Blanc Delicat;Plague Brew "Blanc Delicat" (Witbier) алк. 5,2% / Я в пиве, ж/б 0,45л;;Алкогольная продукция>Plague Brew>Plague Brew ж>б бут;5,20;8;;Witbier;6071489;;090e9abf-ef5f-11ef-8221-000c29bc6f5e
Chibis "3 Phase Switch" (IPA), алк. 10% / Трёхфазный выключатель, ж/б 0,45л;26;00-00018278;3 PHASE SWITCH (ж/б 0,45л);CHIBIS Brewery;Товар;;384;4640233771412;кор. 06х0,45л ж/б;365;3 Phase Switch;3 Phase Switch;Chibis "3 Phase Switch" (IPA), алк. 10% / Трёхфазный выключатель, ж/б 0,45л;;Алкогольная продукция>CHIBIS Brewery>CHIBIS Brewery стекло > жб;10;80;;IPA - Triple;4718520;;10adef65-f41e-11ef-8222-000c29bc6f5e
Chibis "3 Phase Switch" (IPA), алк. 10% / Трёхфазный выключатель, ж/б 0,45л;26;00-00018278;3 PHASE SWITCH (ж/б 0,45л);CHIBIS Brewery;Товар;;384;4640233772488;кор. 06х0,45л ж/б;365;3 Phase Switch;3 Phase Switch;Chibis "3 Phase Switch" (IPA), алк. 10% / Трёхфазный выключатель, ж/б 0,45л;;Алкогольная продукция>CHIBIS Brewery>CHIBIS Brewery стекло > жб;10;80;;IPA - Triple;4718520;;10adef65-f41e-11ef-8222-000c29bc6f5e
White Stone "Много не бывает" (New England Hazy IPA) алк. 6% / ВС НЕИПА 9, ж/б 0,45л;95;00-00022978;МНОГО НЕ БЫВАЕТ (ж/б 0,45л);White Stone;Товар;;353;4640229753415;кор. 12х0,45л ж/б;365;Много не бывает;Много не бывает;White Stone "Много не бывает" (New England Hazy IPA) алк. 6% / ВС НЕИПА 9, ж/б 0,45л;;Алкогольная продукция>White Stonе>White Stonе ж>б;6;36;;New England Hazy IPA;6781053;;b697fd48-85a6-11f1-9bc3-000c296fac54
White Stone "Много не бывает" (New England Hazy IPA) алк. 6% / ВС НЕИПА 9, ж/б 0,45л;95;00-00022978;МНОГО НЕ БЫВАЕТ (ж/б 0,45л);White Stone;Товар;;353;4640229753422;кор. 12х0,45л ж/б;365;Много не бывает;Много не бывает;White Stone "Много не бывает" (New England Hazy IPA) алк. 6% / ВС НЕИПА 9, ж/б 0,45л;;Алкогольная продукция>White Stonе>White Stonе ж>б;6;36;;New England Hazy IPA;6781053;;b697fd48-85a6-11f1-9bc3-000c296fac54
Black Cat "Черное молоко" (Stout - Milk), алк. 6.9% / Черное молоко, ж/б 0,45л;21;00-00022988;ЧЕРНОЕ МОЛОКО (ж/б 0,45л);Black Cat;Товар;;311;4650300022828;кор. 12х0,45л ж/б;360;Черное молоко;Черное молоко;Black Cat "Черное молоко" (Stout - Milk), алк. 6.9% / Черное молоко, ж/б 0,45л;;Алкогольная продукция>Black Cat Brewery>Black Cat Brewery стекло > жб;6,90;;;Milk Stout;6793404;;ba241907-865d-11f1-9bc3-000c296fac54
Zagovor Brewery "Gonzo Trip" (Pilsner - Italian) алк. 5.2%, /Гонзо Трип ж/б 0,45л;78;00-00022999;GONZO TRIP (ж/б  0,45л);Zagovor Brewery;Товар;;285;4670223014748;кор. 20х0,45л ж/б;365;Gonzo Trip;Gonzo Trip;Zagovor Brewery "Gonzo Trip" (Pilsner - Italian) алк. 5.2%, /Гонзо Трип ж/б 0,45л;;Алкогольная продукция>Zagovor Brewery>Zagovor Brewery ж>б;5,20;35;;Pilsner;6802587;;d159f8dd-8a75-11f1-9bc3-000c296fac54
Red Rocket "NОN LА" (Pilsner) алк. 5% /РЕД РОКЕТ ЛАЙТ ЛАГЕР ж/б 0,45л;40;00-00023009;NОN LА (ж/б 0,45л);Red Rocket;Товар;;299;4640229932643;кор. 20х0,45л ж/б;360;NОN LА;NОN LА;Red Rocket "NОN LА" (Pilsner) алк. 5% /РЕД РОКЕТ ЛАЙТ ЛАГЕР ж/б 0,45л;;Алкогольная продукция>Red Rocket Brewery>Red Rocket ж>б;5;20;;Pilsner;6728072;;c384d43a-8b41-11f1-9bc3-000c296fac54
